Title,Author,Genre,Downloads,Book_URL
Pride and Prejudice,Jane Austen,Fiction,213938,https://www.gutenberg.org/ebooks/1342
"Moby Dick; Or, The Whale",Herman Melville,Fiction,206345,https://www.gutenberg.org/ebooks/2701
A Room with a View,E. M. Forster,Fiction,154087,https://www.gutenberg.org/ebooks/2641
Crime and Punishment,Fyodor Dostoyevsky,Fiction,145677,https://www.gutenberg.org/ebooks/2554
The Secret of Chimneys,Agatha Christie,Fiction,139310,https://www.gutenberg.org/ebooks/65238
The Mysteries of Udolpho,Ann Ward Radcliffe,Fiction,138237,https://www.gutenberg.org/ebooks/3268
Carmen,Prosper Mérimée,Fiction,131761,https://www.gutenberg.org/ebooks/2465
The Green Mummy,Fergus Hume,Fiction,123366,https://www.gutenberg.org/ebooks/2868
The Adventures of Sherlock Holmes,Arthur Conan Doyle,Fiction,121984,https://www.gutenberg.org/ebooks/1661
Jane Eyre: An Autobiography,Charlotte Brontë,Fiction,116417,https://www.gutenberg.org/ebooks/1260
The Blue Castle: a novel,L. M. Montgomery,Fiction,115585,https://www.gutenberg.org/ebooks/67979
"The String of Pearls; Or, The Barber of Fleet Street. A Domestic Romance.",Thomas Peckett Prest and James Malcolm Rymer,Fiction,109597,https://www.gutenberg.org/ebooks/59828
Le Fantôme de l'Opéra (French),Gaston Leroux,Fiction,107437,https://www.gutenberg.org/ebooks/62215
Dracula,Bram Stoker,Fiction,107186,https://www.gutenberg.org/ebooks/345
Alice's Adventures in Wonderland,Lewis Carroll,Fiction,107104,https://www.gutenberg.org/ebooks/11
The Man Who Was Thursday: A Nightmare,G. K. Chesterton,Fiction,103348,https://www.gutenberg.org/ebooks/1695
"The Extraordinary Adventures of Arsène Lupin, Gentleman-Burglar",Maurice Leblanc,Fiction,102831,https://www.gutenberg.org/ebooks/6133
Sense and Sensibility,Jane Austen,Fiction,101397,https://www.gutenberg.org/ebooks/21839
The Monk: A Romance,M. G. Lewis,Fiction,99698,https://www.gutenberg.org/ebooks/601
The strange case of Dr. Jekyll and Mr. Hyde,Robert Louis Stevenson,Fiction,97122,https://www.gutenberg.org/ebooks/43
"Eloisa :  or, A series of original letters",Jean-Jacques Rousseau,Fiction,96009,https://www.gutenberg.org/ebooks/76639
Manon Lescaut,abbé Prévost,Fiction,94745,https://www.gutenberg.org/ebooks/468
The King in Yellow,Robert W. Chambers,Fiction,93977,https://www.gutenberg.org/ebooks/8492
The Misplaced Battleship,Harry Harrison,Fiction,93344,https://www.gutenberg.org/ebooks/22541
Middlemarch,George Eliot,Fiction,92743,https://www.gutenberg.org/ebooks/145
The Mystery of Edwin Drood,Charles Dickens,Fiction,91848,https://www.gutenberg.org/ebooks/564
A farewell to arms,Ernest Hemingway,Fiction,91661,https://www.gutenberg.org/ebooks/75201
"Thuvia, maid of Mars",Edgar Rice Burroughs,Fiction,91032,https://www.gutenberg.org/ebooks/72
The Yeoman Adventurer,George W. Gough,Fiction,89877,https://www.gutenberg.org/ebooks/7326
"Oliver Twist, Vol. 2 (of 3)",Charles Dickens,Fiction,89689,https://www.gutenberg.org/ebooks/47530
A Honeymoon in Space,George Chetwynd Griffith,Fiction,89345,https://www.gutenberg.org/ebooks/19476
The Complete Project Gutenberg Works of Jane Austen,Jane Austen,Fiction,84853,https://www.gutenberg.org/ebooks/31100
"Little Women; Or, Meg, Jo, Beth, and Amy",Louisa May Alcott,Fiction,84520,https://www.gutenberg.org/ebooks/37106
The Sex Life of the Gods,M. E. Knerr,Fiction,82613,https://www.gutenberg.org/ebooks/40284
The Blue Lagoon: A Romance,H. De Vere Stacpoole,Fiction,82499,https://www.gutenberg.org/ebooks/393
Under the Red Dragon: A Novel,James Grant,Fiction,81131,https://www.gutenberg.org/ebooks/53874
The Count of Monte Cristo,Alexandre Dumas and Auguste Maquet,Fiction,81046,https://www.gutenberg.org/ebooks/1184
Catriona,Robert Louis Stevenson,Fiction,81029,https://www.gutenberg.org/ebooks/589
Blow The Man Down: A Romance Of The Coast,Holman Day,Fiction,80659,https://www.gutenberg.org/ebooks/24793
A Study in Scarlet,Arthur Conan Doyle,Fiction,80301,https://www.gutenberg.org/ebooks/244
Twenty years after,Alexandre Dumas and Auguste Maquet,Fiction,78710,https://www.gutenberg.org/ebooks/1259
The Hound of the Baskervilles,Arthur Conan Doyle,Fiction,77693,https://www.gutenberg.org/ebooks/2852
The Works of Edgar Allan Poe — Volume 2,Edgar Allan Poe,Fiction,76600,https://www.gutenberg.org/ebooks/2148
I am a woman,Ann Bannon,Fiction,74584,https://www.gutenberg.org/ebooks/76178
The innocence of Father Brown,G. K. Chesterton,Fiction,74408,https://www.gutenberg.org/ebooks/204
Erotica Romana,Johann Wolfgang von Goethe,Fiction,73815,https://www.gutenberg.org/ebooks/7889
The Turn of the Screw,Henry James,Fiction,73169,https://www.gutenberg.org/ebooks/209
A pair of blue eyes,Thomas Hardy,Fiction,72900,https://www.gutenberg.org/ebooks/224
That Which Hath Wings: A Novel of the Day,Richard Dehan,Fiction,72755,https://www.gutenberg.org/ebooks/51428
The Works of Edgar Allan Poe — Volume 1,Edgar Allan Poe,Fiction,72706,https://www.gutenberg.org/ebooks/2147
Love and Freindship [sic],Jane Austen,Fiction,72691,https://www.gutenberg.org/ebooks/1212
The wisdom of Father Brown,G. K. Chesterton,Fiction,72660,https://www.gutenberg.org/ebooks/223
The murder of Roger Ackroyd,Agatha Christie,Fiction,72444,https://www.gutenberg.org/ebooks/69087
The Pirate,Walter Scott,Fiction,72308,https://www.gutenberg.org/ebooks/42389
Lorna Doone: A Romance of Exmoor,R. D. Blackmore,Fiction,72265,https://www.gutenberg.org/ebooks/17460
Only a girl's love,Charles Garvice,Fiction,72093,https://www.gutenberg.org/ebooks/53416
The Return of Sherlock Holmes,Arthur Conan Doyle,Fiction,71932,https://www.gutenberg.org/ebooks/108
Complete Short Works of George Meredith,George Meredith,Fiction,71901,https://www.gutenberg.org/ebooks/4499
Around the World in Eighty Days,Jules Verne,Fiction,71717,https://www.gutenberg.org/ebooks/103
The Sign of the Four,Arthur Conan Doyle,Fiction,71667,https://www.gutenberg.org/ebooks/2097
The Memoirs of Sherlock Holmes,Arthur Conan Doyle,Fiction,71635,https://www.gutenberg.org/ebooks/834
One of the Six Hundred: A Novel,James Grant,Fiction,71623,https://www.gutenberg.org/ebooks/55179
Camille (La Dame aux Camilias),Alexandre Dumas,Fiction,71553,https://www.gutenberg.org/ebooks/1608
The Red Lily — Complete,Anatole France,Fiction,71530,https://www.gutenberg.org/ebooks/3922
What Will People Say? A Novel,Rupert Hughes,Fiction,71530,https://www.gutenberg.org/ebooks/38311
The Phantom of the Opera,Gaston Leroux,Fiction,71527,https://www.gutenberg.org/ebooks/175
Hypnerotomachia: The Strife of Loue in a Dreame,Francesco Colonna,Fiction,71403,https://www.gutenberg.org/ebooks/18459
The Mysterious Affair at Styles,Agatha Christie,Fiction,71365,https://www.gutenberg.org/ebooks/863
Undine,Freiherr de Friedrich Heinrich Karl La Motte-Fouqué,Fiction,71098,https://www.gutenberg.org/ebooks/2825
Linnet: A Romance,Grant Allen,Fiction,71055,https://www.gutenberg.org/ebooks/48296
The Woman in White,Wilkie Collins,Fiction,71020,https://www.gutenberg.org/ebooks/583
The Passionate Elopement,Compton MacKenzie,Fiction,70898,https://www.gutenberg.org/ebooks/38177
The Treasure of Pearls: A Romance of Adventures in California,Gustave Aimard,Fiction,70831,https://www.gutenberg.org/ebooks/46276
One Woman: Being the Second Part of a Romance of Sussex,Alfred Ollivant,Fiction,70463,https://www.gutenberg.org/ebooks/57641
The Landloper: The Romance of a Man on Foot,Holman Day,Fiction,70462,https://www.gutenberg.org/ebooks/4712
Cynthia's Chauffeur,Louis Tracy,Fiction,70422,https://www.gutenberg.org/ebooks/31472
A Romance of Billy-Goat Hill,Alice Caldwell Hegan Rice,Fiction,70419,https://www.gutenberg.org/ebooks/6635
Cameron of Lochiel,Philippe Aubert de Gaspé,Fiction,70410,https://www.gutenberg.org/ebooks/53154
"The Hero of the People: A Historical Romance of Love, Liberty and Loyalty",Alexandre Dumas,Fiction,70402,https://www.gutenberg.org/ebooks/42681
The call of Cthulhu,H. P. Lovecraft,Fiction,70401,https://www.gutenberg.org/ebooks/68283
Moods,Louisa May Alcott,Fiction,70383,https://www.gutenberg.org/ebooks/28203
The Silent Barrier,Louis Tracy,Fiction,70377,https://www.gutenberg.org/ebooks/31635
Forest Days: A Romance of Old Times,G. P. R. James,Fiction,70324,https://www.gutenberg.org/ebooks/49987
The Green Mouse,Robert W. Chambers,Fiction,70317,https://www.gutenberg.org/ebooks/10441
Victorian Short Stories: Stories of Courtship,Unknown / Various,Fiction,70186,https://www.gutenberg.org/ebooks/15381
On the Cross: A Romance of the Passion Play at Oberammergau,Wilhelmine von Hillern,Fiction,70147,https://www.gutenberg.org/ebooks/36725
Aus dem Leben eines Taugenichts: Novelle (German),Freiherr von Joseph Eichendorff,Fiction,69963,https://www.gutenberg.org/ebooks/35312
The Moonstone,Wilkie Collins,Fiction,69917,https://www.gutenberg.org/ebooks/155
Doctor Cupid: A Novel,Rhoda Broughton,Fiction,69896,https://www.gutenberg.org/ebooks/35548
The Prairie Wife,Arthur Stringer,Fiction,69842,https://www.gutenberg.org/ebooks/18875
The Boy with Wings,Berta Ruck,Fiction,69784,https://www.gutenberg.org/ebooks/36223
"Dr. Mabuse, der Spieler :  Roman (German)",Norbert Jacques,Fiction,69730,https://www.gutenberg.org/ebooks/50285
The Gay Adventure: A Romance,Richard Bird,Fiction,69602,https://www.gutenberg.org/ebooks/33823
El crimen y el castigo (Spanish),Fyodor Dostoyevsky,Fiction,69337,https://www.gutenberg.org/ebooks/61851
"Dainty's Cruel Rivals; Or, The Fatal Birthday",Mrs. Alex. McVeigh Miller,Fiction,69126,https://www.gutenberg.org/ebooks/31257
Adventures of Sherlock Holmes,Arthur Conan Doyle,Fiction,68916,https://www.gutenberg.org/ebooks/48320
Trial by water,Sewell Peaslee Wright,Fiction,68546,https://www.gutenberg.org/ebooks/76668
Twenty-Five Ghost Stories,Unknown / Various,Fiction,68249,https://www.gutenberg.org/ebooks/53419
The secret of Father Brown,G. K. Chesterton,Fiction,68107,https://www.gutenberg.org/ebooks/70175
Poirot Investigates,Agatha Christie,Fiction,68034,https://www.gutenberg.org/ebooks/61262
The Murder on the Links,Agatha Christie,Fiction,67903,https://www.gutenberg.org/ebooks/58866
The Valley of Fear,Arthur Conan Doyle,Fiction,67883,https://www.gutenberg.org/ebooks/3289
"Frankenstein; or, the modern prometheus",Mary Wollstonecraft Shelley,Fiction,67633,https://www.gutenberg.org/ebooks/84
The case-book of Sherlock Holmes,Arthur Conan Doyle,Fiction,67626,https://www.gutenberg.org/ebooks/69700
The Secret Adversary,Agatha Christie,Fiction,67561,https://www.gutenberg.org/ebooks/1155
Robert Orange,John Oliver Hobbes,Fiction,67552,https://www.gutenberg.org/ebooks/27997
"The Rover Boys on the Farm; or, Last Days at Putnam Hall",Edward Stratemeyer,Fiction,67336,https://www.gutenberg.org/ebooks/22163
That Girl Montana,Marah Ellis Ryan,Fiction,67301,https://www.gutenberg.org/ebooks/27475
A Journey to the Centre of the Earth,Jules Verne,Fiction,67257,https://www.gutenberg.org/ebooks/18857
At the mountains of madness,H. P. Lovecraft,Fiction,67204,https://www.gutenberg.org/ebooks/70652
His last bow :  Some later reminiscences of Sherlock Holmes,Arthur Conan Doyle,Fiction,67160,https://www.gutenberg.org/ebooks/2350
The Crack of Doom,Robert Cromie,Fiction,67077,https://www.gutenberg.org/ebooks/26563
The Secret Agent: A Simple Tale,Joseph Conrad,Fiction,67030,https://www.gutenberg.org/ebooks/974
The Thirty-Nine Steps,John Buchan,Fiction,66965,https://www.gutenberg.org/ebooks/558
Lady Audley's Secret,M. E. Braddon,Fiction,66939,https://www.gutenberg.org/ebooks/8954
The Lock and Key Library: Classic Mystery and Detective Stories: Modern English,Unknown / Various,Fiction,66636,https://www.gutenberg.org/ebooks/2038
The Man in the Brown Suit,Agatha Christie,Fiction,66542,https://www.gutenberg.org/ebooks/61168
Terminal Compromise,Winn Schwartau,Fiction,66320,https://www.gutenberg.org/ebooks/79
The Riddle of the Sands,Erskine Childers,Fiction,66221,https://www.gutenberg.org/ebooks/2360
The House on the Borderland,William Hope Hodgson,Fiction,66169,https://www.gutenberg.org/ebooks/10002
The Sorrows of Young Werther,Johann Wolfgang von Goethe,Fiction,66156,https://www.gutenberg.org/ebooks/2527
The Big Four,Agatha Christie,Fiction,66140,https://www.gutenberg.org/ebooks/70114
Mr. Standfast,John Buchan,Fiction,66098,https://www.gutenberg.org/ebooks/560
The Cask of Amontillado,Edgar Allan Poe,Fiction,66039,https://www.gutenberg.org/ebooks/1063
The Great God Pan,Arthur Machen,Fiction,66036,https://www.gutenberg.org/ebooks/389
"Arsène Lupin, gentleman-cambrioleur (French)",Maurice Leblanc,Fiction,65989,https://www.gutenberg.org/ebooks/32854
The Mystery of the Yellow Room,Gaston Leroux,Fiction,65968,https://www.gutenberg.org/ebooks/1685
The mystery of the Blue Train,Agatha Christie,Fiction,65933,https://www.gutenberg.org/ebooks/72824
The Seven Dials mystery,Agatha Christie,Fiction,65919,https://www.gutenberg.org/ebooks/75288
The Dunwich horror,H. P. Lovecraft,Fiction,65722,https://www.gutenberg.org/ebooks/50133
"The Mysteries of London, v. 4/4",George W. M. Reynolds,Fiction,65675,https://www.gutenberg.org/ebooks/51649
Whose Body? A Lord Peter Wimsey Novel,Dorothy L. Sayers,Fiction,65615,https://www.gutenberg.org/ebooks/58820
Paul Clifford — Complete,Baron Edward Bulwer Lytton Lytton,Fiction,65553,https://www.gutenberg.org/ebooks/7735
The Red House Mystery,A. A. Milne,Fiction,65516,https://www.gutenberg.org/ebooks/1872
The Samurai Strategy,Thomas Hoover,Fiction,65432,https://www.gutenberg.org/ebooks/34323
Unnatural death,Dorothy L. Sayers,Fiction,65301,https://www.gutenberg.org/ebooks/70008
The problem of Cell 13,Jacques Futrelle,Fiction,65247,https://www.gutenberg.org/ebooks/57669
The Insidious Dr. Fu Manchu,Sax Rohmer,Fiction,65217,https://www.gutenberg.org/ebooks/173
"Friday, the Thirteenth: A Novel",Thomas William Lawson,Fiction,65212,https://www.gutenberg.org/ebooks/12345
"The Works of Robert Louis Stevenson - Swanston Edition, Vol. 20",Robert Louis Stevenson,Fiction,65068,https://www.gutenberg.org/ebooks/30849
Space Station 1,Frank Belknap Long,Fiction,65027,https://www.gutenberg.org/ebooks/50290
"Love-at-arms :  being a narrative excerpted from the chronicles of Urbino, during the dominion of the high and mighty Messer Guidobaldo da Montefeltro",Rafael Sabatini,Fiction,64883,https://www.gutenberg.org/ebooks/3530
The Grand Babylon Hôtel,Arnold Bennett,Fiction,64852,https://www.gutenberg.org/ebooks/2813
The Hand in the Dark,Arthur J. Rees,Fiction,64759,https://www.gutenberg.org/ebooks/20546
The Zeppelin's Passenger,E. Phillips Oppenheim,Fiction,64729,https://www.gutenberg.org/ebooks/1931
The Air Pirate,Guy Thorne,Fiction,64687,https://www.gutenberg.org/ebooks/40361
The Real Adventure,Henry Kitchell Webster,Fiction,64644,https://www.gutenberg.org/ebooks/15384
"Changeling, and Other Stories",Donn Byrne,Fiction,64630,https://www.gutenberg.org/ebooks/59892
Life Blood,Thomas Hoover,Fiction,64590,https://www.gutenberg.org/ebooks/34318
Children of the Whirlwind,Leroy Scott,Fiction,64571,https://www.gutenberg.org/ebooks/3321
The Passionate Friends,H. G. Wells,Fiction,64560,https://www.gutenberg.org/ebooks/30340
"The Camp Fire Girls Solve a Mystery; Or, The Christmas Adventure at Carver House",Hildegard G. Frey,Fiction,64557,https://www.gutenberg.org/ebooks/38983
The Secret of the Night,Gaston Leroux,Fiction,64546,https://www.gutenberg.org/ebooks/1686
The Daughter of Anderson Crow,George Barr McCutcheon,Fiction,64438,https://www.gutenberg.org/ebooks/14818
Peter the Brazen: A Mystery Story of Modern China,George F. Worts,Fiction,64364,https://www.gutenberg.org/ebooks/28780
A Midsummer Night's Dream,William Shakespeare,Fiction,64343,https://www.gutenberg.org/ebooks/1514
The Shunned House,H. P. Lovecraft,Fiction,64312,https://www.gutenberg.org/ebooks/31469
The History of Sir Richard Calmady: A Romance,Lucas Malet,Fiction,64274,https://www.gutenberg.org/ebooks/23784
Time Crime,H. Beam Piper,Fiction,64215,https://www.gutenberg.org/ebooks/18151
The Yellow Crayon,E. Phillips Oppenheim,Fiction,64205,https://www.gutenberg.org/ebooks/1849
Maman Léo (French),Paul Féval,Fiction,64166,https://www.gutenberg.org/ebooks/19919
"Le comte de Monte-Cristo, Tome I (French)",Alexandre Dumas and Auguste Maquet,Fiction,64165,https://www.gutenberg.org/ebooks/17989
Lone Star Planet,John J. McGuire and H. Beam Piper,Fiction,64105,https://www.gutenberg.org/ebooks/20121
A Case in Camera,Oliver Onions,Fiction,63971,https://www.gutenberg.org/ebooks/43063
Occasion ... for Disaster,Randall Garrett and Laurence M. Janifer,Fiction,63950,https://www.gutenberg.org/ebooks/30434
Les trois mousquetaires (French),Alexandre Dumas and Auguste Maquet,Fiction,63280,https://www.gutenberg.org/ebooks/13951
The Plymouth Express Affair,Agatha Christie,Fiction,63219,https://www.gutenberg.org/ebooks/66446
The Hunter's Lodge Case,Agatha Christie,Fiction,63218,https://www.gutenberg.org/ebooks/67160
The Missing Will,Agatha Christie,Fiction,62994,https://www.gutenberg.org/ebooks/67173
The Big Fix,George O. Smith,Fiction,62725,https://www.gutenberg.org/ebooks/23599
The Ambulance Made Two Trips,Murray Leinster,Fiction,62668,https://www.gutenberg.org/ebooks/24149
Henrietta Temple: A Love Story,Earl of Beaconsfield Benjamin Disraeli,Fiction,62665,https://www.gutenberg.org/ebooks/19771
Gulliver's Travels into Several Remote Regions of the World,Jonathan Swift,Fiction,61717,https://www.gutenberg.org/ebooks/17157
Ann Veronica: A Modern Love Story,H. G. Wells,Fiction,61281,https://www.gutenberg.org/ebooks/524
L'île mystérieuse (French),Jules Verne,Fiction,60668,https://www.gutenberg.org/ebooks/14287
Voyage au Centre de la Terre (French),Jules Verne,Fiction,60593,https://www.gutenberg.org/ebooks/4791
"The Adventures of Tom Sawyer, Complete",Mark Twain,Fiction,60292,https://www.gutenberg.org/ebooks/74
Torchy and Vee,Sewell Ford,Fiction,59155,https://www.gutenberg.org/ebooks/20628
Monte-Cristo's Daughter,Edmund Flagg,Fiction,58496,https://www.gutenberg.org/ebooks/23184
The Car of Destiny,C. N. Williamson and A. M. Williamson,Fiction,56709,https://www.gutenberg.org/ebooks/23500
Venus im Pelz (German),Ritter von Leopold Sacher-Masoch,Fiction,55984,https://www.gutenberg.org/ebooks/56156
Desperate Remedies,Thomas Hardy,Fiction,55416,https://www.gutenberg.org/ebooks/3044
The Girl Philippa,Robert W. Chambers,Fiction,55384,https://www.gutenberg.org/ebooks/52404
The Amazing Marriage — Complete,George Meredith,Fiction,55358,https://www.gutenberg.org/ebooks/4488
The Kama Sutra of Vatsyayana,Vatsyayana,Fiction,55289,https://www.gutenberg.org/ebooks/27827
"Mademoiselle de Maupin, Volume 1 (of 2)",Théophile Gautier,Fiction,55257,https://www.gutenberg.org/ebooks/48893
"The Knights of the Cross, or, Krzyzacy: Historical Romance",Henryk Sienkiewicz,Fiction,55251,https://www.gutenberg.org/ebooks/9473
The Heather-Moon,C. N. Williamson and A. M. Williamson,Fiction,55235,https://www.gutenberg.org/ebooks/19742
Two on a Tower,Thomas Hardy,Fiction,55189,https://www.gutenberg.org/ebooks/3146
The Wonderful Wizard of Oz,L. Frank Baum,Fiction,55119,https://www.gutenberg.org/ebooks/55
Set in Silver,C. N. Williamson and A. M. Williamson,Fiction,55118,https://www.gutenberg.org/ebooks/19412
The Torrents of Spring,Ivan Sergeevich Turgenev,Fiction,55079,https://www.gutenberg.org/ebooks/9911
Quintus Claudius: A Romance of Imperial Rome. Volume 1,Ernst Eckstein,Fiction,54977,https://www.gutenberg.org/ebooks/47221
A Heart-Song of To-day (Disturbed by Fire from the 'Unruly Member'): A Novel,Annie G. Savigny,Fiction,54869,https://www.gutenberg.org/ebooks/7184
"The Entailed Hat; Or, Patty Cannon's Times",George Alfred Townsend,Fiction,54856,https://www.gutenberg.org/ebooks/19146
Just Around the Corner: Romance en casserole,Fannie Hurst,Fiction,54348,https://www.gutenberg.org/ebooks/33118
Blue-grass and Broadway,Maria Thompson Daviess,Fiction,54106,https://www.gutenberg.org/ebooks/29391
Adventures of Huckleberry Finn,Mark Twain,Fiction,54062,https://www.gutenberg.org/ebooks/76
She who sleeps :  A romance of New York and the Nile,Sax Rohmer,Fiction,53766,https://www.gutenberg.org/ebooks/77092
The Great Gatsby,F. Scott Fitzgerald,Fiction,53615,https://www.gutenberg.org/ebooks/64317
Le cas étrange du docteur Jekyll; Un logement pour la nuit (French),Robert Louis Stevenson,Fiction,52999,https://www.gutenberg.org/ebooks/76412
Treasure Island,Robert Louis Stevenson,Fiction,52364,https://www.gutenberg.org/ebooks/120
Wuthering Heights,Emily Brontë,Fiction,52225,https://www.gutenberg.org/ebooks/768
The Enchanted April,Elizabeth Von Arnim,Fiction,49374,https://www.gutenberg.org/ebooks/16389
Peter Pan :  [Peter and Wendy],J. M. Barrie,Fiction,49190,https://www.gutenberg.org/ebooks/16
Cranford,Elizabeth Cleghorn Gaskell,Fiction,46777,https://www.gutenberg.org/ebooks/394
The Adventures of Ferdinand Count Fathom — Complete,T. Smollett,Fiction,46416,https://www.gutenberg.org/ebooks/6761
"History of Tom Jones, a Foundling",Henry Fielding,Fiction,46299,https://www.gutenberg.org/ebooks/6593
The Expedition of Humphry Clinker,T. Smollett,Fiction,45787,https://www.gutenberg.org/ebooks/2160
The Brothers Karamazov,Fyodor Dostoyevsky,Fiction,45621,https://www.gutenberg.org/ebooks/28054
The Adventures of Roderick Random,T. Smollett,Fiction,44952,https://www.gutenberg.org/ebooks/4085
The Man Who Did the Right Thing: A Romance,Harry Johnston,Fiction,44804,https://www.gutenberg.org/ebooks/45451
The Belle of Bowling Green,Amelia E. Barr,Fiction,44606,https://www.gutenberg.org/ebooks/76576
"Barry Locke, half-back",Ralph Henry Barbour,Fiction,44311,https://www.gutenberg.org/ebooks/78118
Helen Vardon's confession,R. Austin Freeman,Fiction,44179,https://www.gutenberg.org/ebooks/76728
The Battle of the Strong: A Romance of Two Kingdoms — Volume 6,Gilbert Parker,Fiction,43893,https://www.gutenberg.org/ebooks/6235
Gulliver's Travels into Several Remote Nations of the World,Jonathan Swift,Fiction,43374,https://www.gutenberg.org/ebooks/829
Twenty Thousand Leagues under the Sea,Jules Verne,Fiction,43256,https://www.gutenberg.org/ebooks/164
The call of the wild,Jack London,Fiction,43236,https://www.gutenberg.org/ebooks/215
The Jungle Book,Rudyard Kipling,Fiction,43198,https://www.gutenberg.org/ebooks/236
The three musketeers,Alexandre Dumas and Auguste Maquet,Fiction,42876,https://www.gutenberg.org/ebooks/1257
The Life and Adventures of Robinson Crusoe,Daniel Defoe,Fiction,41511,https://www.gutenberg.org/ebooks/521
The Railway Children,E. Nesbit,Fiction,40847,https://www.gutenberg.org/ebooks/1874
The Legend of Sleepy Hollow,Washington Irving,Fiction,40471,https://www.gutenberg.org/ebooks/41
White Fang,Jack London,Fiction,39882,https://www.gutenberg.org/ebooks/910
A princess of Mars,Edgar Rice Burroughs,Fiction,39748,https://www.gutenberg.org/ebooks/62
The Secret Garden,Frances Hodgson Burnett,Fiction,39302,https://www.gutenberg.org/ebooks/113
David Copperfield,Charles Dickens,Fiction,39266,https://www.gutenberg.org/ebooks/766
Supermind,Randall Garrett and Laurence M. Janifer,Fiction,39119,https://www.gutenberg.org/ebooks/22342
Kidnapped,Robert Louis Stevenson,Fiction,39028,https://www.gutenberg.org/ebooks/421
The Red Seal,Natalie Sumner Lincoln,Fiction,38793,https://www.gutenberg.org/ebooks/1747
Daughters of Nijo: A Romance of Japan,Onoto Watanna,Fiction,38770,https://www.gutenberg.org/ebooks/57763
Twenty Thousand Leagues Under the Seas: An Underwater Tour of the World,Jules Verne,Fiction,38751,https://www.gutenberg.org/ebooks/2488
One Wonderful Night: A Romance of New York,Louis Tracy,Fiction,38542,https://www.gutenberg.org/ebooks/19707
"""And That's How It Was, Officer""",Ralph Sholto,Fiction,38455,https://www.gutenberg.org/ebooks/32562
Die Liebe: Novelle (German),Hans Kaltneker,Fiction,38400,https://www.gutenberg.org/ebooks/66452
The Mysterious Island,Jules Verne,Fiction,38121,https://www.gutenberg.org/ebooks/1268
The Prince and the Pauper,Mark Twain,Fiction,38035,https://www.gutenberg.org/ebooks/1837
Tarrano the Conqueror,Ray Cummings,Fiction,37986,https://www.gutenberg.org/ebooks/21638
The Mystery of a Turkish Bath,Rita,Fiction,37985,https://www.gutenberg.org/ebooks/25656
In Jeopardy,Van Tassel Sutphen,Fiction,37967,https://www.gutenberg.org/ebooks/38477
The Last of the Mohicans; A narrative of 1757,James Fenimore Cooper,Fiction,37486,https://www.gutenberg.org/ebooks/940
The Lost World,Arthur Conan Doyle,Fiction,37393,https://www.gutenberg.org/ebooks/139
Baron Trump's Marvellous Underground Journey,Ingersoll Lockwood,Fiction,37161,https://www.gutenberg.org/ebooks/57426
A Connecticut Yankee in King Arthur's Court,Mark Twain,Fiction,36916,https://www.gutenberg.org/ebooks/86
The gods of Mars,Edgar Rice Burroughs,Fiction,36225,https://www.gutenberg.org/ebooks/64
The warlord of Mars,Edgar Rice Burroughs,Fiction,35576,https://www.gutenberg.org/ebooks/68
Plague Ship,Andre Norton,Fiction,35513,https://www.gutenberg.org/ebooks/16921
A Tale of Two Cities,Charles Dickens,Fiction,35507,https://www.gutenberg.org/ebooks/98
The Tale of Peter Rabbit,Beatrix Potter,Fiction,35452,https://www.gutenberg.org/ebooks/14838
The Ultimate Weapon,Jr. John W. Campbell,Fiction,35327,https://www.gutenberg.org/ebooks/23790
"The History of Don Quixote, Volume 1, Complete",Miguel de Cervantes Saavedra,Fiction,35171,https://www.gutenberg.org/ebooks/5921
A Journey into the Interior of the Earth,Jules Verne,Fiction,35119,https://www.gutenberg.org/ebooks/3748
The Chessmen of Mars,Edgar Rice Burroughs,Fiction,35106,https://www.gutenberg.org/ebooks/1153
Vingt mille Lieues Sous Les Mers — Complete (French),Jules Verne,Fiction,35034,https://www.gutenberg.org/ebooks/5097
The Hour of the Dragon,Robert E. Howard,Fiction,34923,https://www.gutenberg.org/ebooks/42243
The Land That Time Forgot,Edgar Rice Burroughs,Fiction,34834,https://www.gutenberg.org/ebooks/551
Black Beauty :  The autobiography of a horse,Anna Sewell,Fiction,34606,https://www.gutenberg.org/ebooks/271
"The Works of Edgar Allan Poe, The Raven Edition",Edgar Allan Poe,Fiction,34458,https://www.gutenberg.org/ebooks/25525
Northanger Abbey,Jane Austen,Fiction,34432,https://www.gutenberg.org/ebooks/121
Red Nails,Robert E. Howard,Fiction,34415,https://www.gutenberg.org/ebooks/32759
Off on a Comet! a Journey through Planetary Space,Jules Verne,Fiction,34380,https://www.gutenberg.org/ebooks/1353
The Lost Continent,Edgar Rice Burroughs,Fiction,34337,https://www.gutenberg.org/ebooks/149
Astounding Stories of Super-Science January 1930,Unknown / Various,Fiction,34208,https://www.gutenberg.org/ebooks/41481
Uncle Tom's Cabin,Harriet Beecher Stowe,Fiction,34180,https://www.gutenberg.org/ebooks/203
Shadows in Zamboula,Robert E. Howard,Fiction,33998,https://www.gutenberg.org/ebooks/42196
The Colors of Space,Marion Zimmer Bradley,Fiction,33876,https://www.gutenberg.org/ebooks/20796
Triplanetary,E. E. Smith,Fiction,33853,https://www.gutenberg.org/ebooks/20782
Wanderfoot (The Dream Ship),Cynthia Stockley,Fiction,33806,https://www.gutenberg.org/ebooks/40059
The People of the Black Circle,Robert E. Howard,Fiction,33744,https://www.gutenberg.org/ebooks/42259
"De la terre à la lune, trajet direct en 97 heures 20 minutes (French)",Jules Verne,Fiction,33731,https://www.gutenberg.org/ebooks/38674
A Martian Odyssey,Stanley G. Weinbaum,Fiction,33680,https://www.gutenberg.org/ebooks/23731
Out of Time's Abyss,Edgar Rice Burroughs,Fiction,33578,https://www.gutenberg.org/ebooks/553
The Revolt on Venus,Carey Rockwell,Fiction,33556,https://www.gutenberg.org/ebooks/19027
The Secret of the Ninth Planet,Donald A. Wollheim,Fiction,33485,https://www.gutenberg.org/ebooks/33644
Notre-Dame de Paris,Victor Hugo,Fiction,33450,https://www.gutenberg.org/ebooks/2610
Shadows in the Moonlight,Robert E. Howard,Fiction,33354,https://www.gutenberg.org/ebooks/42188
Brood of the Dark Moon,Charles Willard Diffin,Fiction,33252,https://www.gutenberg.org/ebooks/32398
The Picture of Dorian Gray,Oscar Wilde,Fiction,33218,https://www.gutenberg.org/ebooks/174
"The Awakening, and Selected Short Stories",Kate Chopin,Fiction,33032,https://www.gutenberg.org/ebooks/160
Ulysses,James Joyce,Fiction,33021,https://www.gutenberg.org/ebooks/4300
Vanity Fair,William Makepeace Thackeray,Fiction,32997,https://www.gutenberg.org/ebooks/599
The Adventures of Pinocchio,Carlo Collodi,Fiction,32993,https://www.gutenberg.org/ebooks/500
War and Peace,graf Leo Tolstoy,Fiction,32962,https://www.gutenberg.org/ebooks/2600
Mrs. Dalloway,Virginia Woolf,Fiction,32926,https://www.gutenberg.org/ebooks/71865
Jewels of Gwahlur,Robert E. Howard,Fiction,32807,https://www.gutenberg.org/ebooks/42236
The Pickwick Papers,Charles Dickens,Fiction,32794,https://www.gutenberg.org/ebooks/580
The Undersea Tube,L. Taylor Hansen,Fiction,32708,https://www.gutenberg.org/ebooks/27609
Aladdin & Co.: A Romance of Yankee Magic,Herbert Quick,Fiction,32594,https://www.gutenberg.org/ebooks/23745
Wizard,Laurence M. Janifer,Fiction,32553,https://www.gutenberg.org/ebooks/24375
Nicholas Nickleby,Charles Dickens,Fiction,32398,https://www.gutenberg.org/ebooks/967
"The life and opinions of Tristram Shandy, gentleman",Laurence Sterne,Fiction,32367,https://www.gutenberg.org/ebooks/1079
Gargantua and Pantagruel,François Rabelais,Fiction,32234,https://www.gutenberg.org/ebooks/1200
Metamorphosis,Franz Kafka,Fiction,32172,https://www.gutenberg.org/ebooks/5200
The Red Badge of Courage: An Episode of the American Civil War,Stephen Crane,Fiction,32106,https://www.gutenberg.org/ebooks/73
Cruel as the grave,Emma Dorothy Eliza Nevitte Southworth,Fiction,31978,https://www.gutenberg.org/ebooks/23789
The Decameron of Giovanni Boccaccio,Giovanni Boccaccio,Fiction,31807,https://www.gutenberg.org/ebooks/23700
The Portrait of a Lady — Volume 1,Henry James,Fiction,31563,https://www.gutenberg.org/ebooks/2833
The Castle of Otranto,Horace Walpole,Fiction,31213,https://www.gutenberg.org/ebooks/696
The Candidate: A Political Romance,Joseph A. Altsheler,Fiction,31185,https://www.gutenberg.org/ebooks/25132
The Satyricon — Complete,Petronius Arbiter,Fiction,31030,https://www.gutenberg.org/ebooks/5225
The Place of Honeymoons,Harold MacGrath,Fiction,30916,https://www.gutenberg.org/ebooks/26593
The wheel of earth,Helga Sandburg,Fiction,30867,https://www.gutenberg.org/ebooks/78102
Confessions of an English Opium-Eater,Thomas De Quincey,Fiction,30654,https://www.gutenberg.org/ebooks/2040
'Firebrand' Trevison,Charles Alden Seltzer,Fiction,30268,https://www.gutenberg.org/ebooks/26951
"From the Earth to the moon; and, round the moon",Jules Verne,Fiction,30254,https://www.gutenberg.org/ebooks/83
The Fifth Queen Crowned,Ford Madox Ford,Fiction,30059,https://www.gutenberg.org/ebooks/27432
Gevoel en verstand (Dutch),Jane Austen,Fiction,29853,https://www.gutenberg.org/ebooks/25946
An Old Man's Love,Anthony Trollope,Fiction,29588,https://www.gutenberg.org/ebooks/25001
Cuentos de amor (Spanish),condesa de Emilia Pardo Bazán,Fiction,29489,https://www.gutenberg.org/ebooks/55514
Project Daedalus,Thomas Hoover,Fiction,29384,https://www.gutenberg.org/ebooks/34320
Project Cyclops,Thomas Hoover,Fiction,29097,https://www.gutenberg.org/ebooks/34319
"The History of Mary Prince, a West Indian Slave",Mary Prince,Fiction,29026,https://www.gutenberg.org/ebooks/17851
L'amore che torna: romanzo (Italian),Guido da Verona,Fiction,29013,https://www.gutenberg.org/ebooks/38720
La dame aux camélias (French),Alexandre Dumas,Fiction,28996,https://www.gutenberg.org/ebooks/2419
The Swiss family Robinson,Johann David Wyss,Fiction,28957,https://www.gutenberg.org/ebooks/78017
The Girl on the Boat,P. G. Wodehouse,Fiction,28926,https://www.gutenberg.org/ebooks/20717
"The History of Pendennis, Volume 2",William Makepeace Thackeray,Fiction,28925,https://www.gutenberg.org/ebooks/9904
The Small House at Allington,Anthony Trollope,Fiction,28860,https://www.gutenberg.org/ebooks/4599
Insolación y Morriña (Dos historias amorosas) (Spanish),condesa de Emilia Pardo Bazán,Fiction,28850,https://www.gutenberg.org/ebooks/52597
Tales grotesque and curious,Ryūnosuke Akutagawa,Fiction,28849,https://www.gutenberg.org/ebooks/78105
Infatuation,Lloyd Osbourne,Fiction,28847,https://www.gutenberg.org/ebooks/47434
A Terrible Temptation: A Story of To-Day,Charles Reade,Fiction,28823,https://www.gutenberg.org/ebooks/7895
A Love Story,William Harvey Christie,Fiction,28764,https://www.gutenberg.org/ebooks/8883
Los miserables - Tomo 2 (de 2) (Spanish),Victor Hugo,Fiction,28741,https://www.gutenberg.org/ebooks/78068
Madame Flirt,Charles Edward Pearce,Fiction,28730,https://www.gutenberg.org/ebooks/18547
The Hermit Doctor of Gaya: A Love Story of Modern India,I. A. R. Wylie,Fiction,28724,https://www.gutenberg.org/ebooks/49555
The Raft,Coningsby Dawson,Fiction,28712,https://www.gutenberg.org/ebooks/50498
The Scourge of God: A Romance of Religious Persecution,John Bloundelle-Burton,Fiction,28687,https://www.gutenberg.org/ebooks/52734
The Rustle of Silk,Cosmo Hamilton,Fiction,28686,https://www.gutenberg.org/ebooks/35079
Five Weeks in a Balloon,Jules Verne,Fiction,28684,https://www.gutenberg.org/ebooks/3526
The dangerous game,William Le Queux,Fiction,28683,https://www.gutenberg.org/ebooks/78029
En pays lointain (French),Jack London,Fiction,28679,https://www.gutenberg.org/ebooks/78041
At the Sign of the Cat and Racket,Honoré de Balzac,Fiction,28673,https://www.gutenberg.org/ebooks/1680
"Addie's Husband; or, Through clouds to sunshine",Mrs. Gordon Smythies,Fiction,28668,https://www.gutenberg.org/ebooks/49806
The Hawk of Egypt,Joan Conquest,Fiction,28665,https://www.gutenberg.org/ebooks/15721
The Black Moth: A Romance of the XVIIIth Century,Georgette Heyer,Fiction,28662,https://www.gutenberg.org/ebooks/38703
My Friend the Chauffeur,C. N. Williamson and A. M. Williamson,Fiction,28658,https://www.gutenberg.org/ebooks/19441
Humanism and America :  Essays on the outlook of modern civilisation,Unknown / Various,Fiction,28647,https://www.gutenberg.org/ebooks/78119
Lucifer :  roman moderne (French),Maurice Magre,Fiction,28626,https://www.gutenberg.org/ebooks/78064
Bambi,Marjorie Benton Cooke,Fiction,28604,https://www.gutenberg.org/ebooks/11197
"Alice, or the Mysteries — Complete",Baron Edward Bulwer Lytton Lytton,Fiction,28599,https://www.gutenberg.org/ebooks/9774
"Wilson's Tales of the Borders and of Scotland, Volume 24",Unknown / Various,Fiction,28597,https://www.gutenberg.org/ebooks/14421
"Three millions! :  or, The way of the world",Oliver Optic,Fiction,28590,https://www.gutenberg.org/ebooks/76553
The Vision of Desire,Margaret Pedler,Fiction,28563,https://www.gutenberg.org/ebooks/7855
King Midas: a Romance,Upton Sinclair,Fiction,28508,https://www.gutenberg.org/ebooks/4923
The Green Dolphin,Sara Ware Bassett,Fiction,28503,https://www.gutenberg.org/ebooks/78005
Thelma,Marie Corelli,Fiction,28484,https://www.gutenberg.org/ebooks/3823
The Viper of Milan: A Romance of Lombardy,Marjorie Bowen,Fiction,28475,https://www.gutenberg.org/ebooks/48963
"Jane Seton; or, The King's Advocate: A Scottish Historical Romance",James Grant,Fiction,28472,https://www.gutenberg.org/ebooks/64836
Priscilla's Spies,George A. Birmingham,Fiction,28468,https://www.gutenberg.org/ebooks/21394
Love and Life: An Old Story in Eighteenth Century Costume,Charlotte M. Yonge,Fiction,28460,https://www.gutenberg.org/ebooks/5700
The marvellous land of Snergs,E. A. Wyke-Smith,Fiction,28434,https://www.gutenberg.org/ebooks/78120
Joan and Co.,Frederick Orin Bartlett,Fiction,28414,https://www.gutenberg.org/ebooks/78046
Amitié amoureuse (French),Hermine Oudinot Lecomte du Noüy,Fiction,28413,https://www.gutenberg.org/ebooks/36635
The Hill of Venus,Nathan Gallizier,Fiction,28409,https://www.gutenberg.org/ebooks/39970
Kate Mulhall :  A romance of the Oregon Trail,Ezra Meeker,Fiction,28406,https://www.gutenberg.org/ebooks/78040
The black pearl,Marie Lion,Fiction,28404,https://www.gutenberg.org/ebooks/78087
The First of the English: A Novel,Archibald Clavering Gunter,Fiction,28401,https://www.gutenberg.org/ebooks/67804
The last dragon,Dan Totheroh,Fiction,28397,https://www.gutenberg.org/ebooks/76411
The loot of the Lazy A,W. C. Tuttle,Fiction,28390,https://www.gutenberg.org/ebooks/78028
The haunting hand,Walter Adolphe Roberts,Fiction,28381,https://www.gutenberg.org/ebooks/78094
The Honour of Savelli: A Romance,S. Levett Yeats,Fiction,28377,https://www.gutenberg.org/ebooks/38250
The Mandarin's Fan,Fergus Hume,Fiction,28376,https://www.gutenberg.org/ebooks/36346
The Lilac Sunbonnet: A Love Story,S. R. Crockett,Fiction,28373,https://www.gutenberg.org/ebooks/4918
Faithful Margaret: A Novel,Mrs. J. M. Simpson,Fiction,28367,https://www.gutenberg.org/ebooks/36360
The trouble at Pinelands :  A detective story,Ernest M. Poate,Fiction,28359,https://www.gutenberg.org/ebooks/78103
The San Rosario Ranch,Maud Howe Elliott,Fiction,28346,https://www.gutenberg.org/ebooks/42283
Under the Witches' Moon: A Romantic Tale of Mediaeval Rome,Nathan Gallizier,Fiction,28345,https://www.gutenberg.org/ebooks/44827
The unknown seven :  A detective story,Herman Landon,Fiction,28341,https://www.gutenberg.org/ebooks/78010
The Black Abbot,Edgar Wallace,Fiction,28329,https://www.gutenberg.org/ebooks/75643
L'imposture (French),Georges Bernanos,Fiction,28317,https://www.gutenberg.org/ebooks/78021
Deux générations (French),graf Leo Tolstoy,Fiction,28302,https://www.gutenberg.org/ebooks/78069
Success,Una L. Silberrad,Fiction,28293,https://www.gutenberg.org/ebooks/78012
Boston :  a novel,Upton Sinclair,Fiction,28285,https://www.gutenberg.org/ebooks/78039
Irene Iddesleigh,Amanda McKittrick Ros,Fiction,28284,https://www.gutenberg.org/ebooks/34181
The Cardinal's snuff-box,Henry Harland,Fiction,28283,https://www.gutenberg.org/ebooks/5610
Bushy :  a romance founded on fact,Cynthia May Westover Alden,Fiction,28271,https://www.gutenberg.org/ebooks/78043
The bitter tea of General Yen,Grace Zaring Stone,Fiction,28269,https://www.gutenberg.org/ebooks/78108
Liebe ist ewig :  Roman (German),Wilhelm von Polenz,Fiction,28253,https://www.gutenberg.org/ebooks/78125
The Crimson Gardenia and Other Tales of Adventure,Rex Beach,Fiction,28249,https://www.gutenberg.org/ebooks/32101
The Love-Story of Aliette Brunton,Gilbert Frankau,Fiction,28239,https://www.gutenberg.org/ebooks/59931
Vecchie storie d'amore (Italian),Adolfo Albertazzi,Fiction,28231,https://www.gutenberg.org/ebooks/38628
Lintukoto :  Muutamia päiväkirjan lehtiä (Finnish),Joel Lehtonen,Fiction,28231,https://www.gutenberg.org/ebooks/78058
The Guarded Heights,Wadsworth Camp,Fiction,28224,https://www.gutenberg.org/ebooks/33733
The bar act,Bud La Mar,Fiction,28200,https://www.gutenberg.org/ebooks/78116
The weird of the wanderer :  Being the papyrus records of some incidents in one of the previous lives of  Mr. Nicholas Crabbe,Frederick Rolfe and C. H. C. Pirie-Gordon,Fiction,28194,https://www.gutenberg.org/ebooks/78126
Three sevens :  A detective story,Perley Poore Sheehan,Fiction,28187,https://www.gutenberg.org/ebooks/78011
The woman of Andros,Thornton Wilder,Fiction,28187,https://www.gutenberg.org/ebooks/78024
The vidiot,Ib Melchior,Fiction,28186,https://www.gutenberg.org/ebooks/78057
Karavaani ja muita juttuja (Finnish),Pentti Haanpää,Fiction,28182,https://www.gutenberg.org/ebooks/78018
"Fairy dreams :  or, Wanderings in Elf-land",Jane G. Austin,Fiction,28181,https://www.gutenberg.org/ebooks/76391
L'homme tout nu (French),Catulle Mendès,Fiction,28178,https://www.gutenberg.org/ebooks/78059
Tales of terror,Dick Donovan,Fiction,28176,https://www.gutenberg.org/ebooks/76261
The Mask: A Story of Love and Adventure,Arthur Hornblow,Fiction,28170,https://www.gutenberg.org/ebooks/20131
Things near & far,Arthur Machen,Fiction,28165,https://www.gutenberg.org/ebooks/78106
Only a clod,M. E. Braddon,Fiction,28159,https://www.gutenberg.org/ebooks/76927
The magnificent possession,Isaac Asimov,Fiction,28156,https://www.gutenberg.org/ebooks/76871
"How they loved him, Vol. 2 (of 3) :  A novel",Florence Marryat,Fiction,28140,https://www.gutenberg.org/ebooks/78111
"Claribel :  or, Rest at last",Lucy Ellen Guernsey,Fiction,28140,https://www.gutenberg.org/ebooks/78044
Love and Lucy,Maurice Hewlett,Fiction,28121,https://www.gutenberg.org/ebooks/29868
Officer 666,Barton Wood Currie and Augustin McHugh,Fiction,28113,https://www.gutenberg.org/ebooks/30228
The hand of God,Murray Leinster,Fiction,28113,https://www.gutenberg.org/ebooks/78088
Borrowed feathers,Ruth Lamb,Fiction,28105,https://www.gutenberg.org/ebooks/78051
Grateful Peter's new year's gift,Ruth Lamb,Fiction,28088,https://www.gutenberg.org/ebooks/78109
Quand le rideau s'est baissé (French),Pierre Mille,Fiction,28084,https://www.gutenberg.org/ebooks/78036
L'homme à l'Hispano :  roman (French),Pierre Frondaie,Fiction,28080,https://www.gutenberg.org/ebooks/78101
"How they loved him, Vol. 1 (of 3) :  A novel",Florence Marryat,Fiction,28044,https://www.gutenberg.org/ebooks/78031
The winner and new...,Ib Melchior,Fiction,28040,https://www.gutenberg.org/ebooks/78073
"Joe Strong and his wings of steel :  or, A young acrobat in the clouds",Vance Barnum,Fiction,28035,https://www.gutenberg.org/ebooks/78067
The golden journey of Mr. Paradyne,William John Locke,Fiction,28008,https://www.gutenberg.org/ebooks/78127
A young man's story,Sarah Doudney,Fiction,28006,https://www.gutenberg.org/ebooks/78060
"""Hauska tutustua!"" :  Viisunikkarin elämyksiä Lännen kultamaassa (Finnish)",Tatu Pekkarinen,Fiction,27998,https://www.gutenberg.org/ebooks/78008
A municipal feud,Ernest Haycox,Fiction,27994,https://www.gutenberg.org/ebooks/78086
The dream detective,Sax Rohmer,Fiction,27977,https://www.gutenberg.org/ebooks/77056
The blue scarab,R. Austin Freeman,Fiction,27970,https://www.gutenberg.org/ebooks/76116
The white rain came,Jr. Sam Merwin,Fiction,27965,https://www.gutenberg.org/ebooks/78055
"Die Elixiere des Teufels :  Nachgelassene Papiere des Bruders Medardus, eines Kapuziners (German)",E. T. A. Hoffmann,Fiction,27959,https://www.gutenberg.org/ebooks/76360
From Kingdom to Colony,Mary Devereux,Fiction,27938,https://www.gutenberg.org/ebooks/34232
A silent witness,R. Austin Freeman,Fiction,27919,https://www.gutenberg.org/ebooks/76796
The Old Lady flies,Raoul Whitfield,Fiction,27907,https://www.gutenberg.org/ebooks/78035
The happiness of Hazelbrook,Charlotte Grace O'Brien,Fiction,27898,https://www.gutenberg.org/ebooks/78045
Law-star for an outlaw,W. C. Tuttle,Fiction,27876,https://www.gutenberg.org/ebooks/76995
The black kiss,Robert Bloch and Henry Kuttner,Fiction,27874,https://www.gutenberg.org/ebooks/76435
Preview,Frank Belknap Long,Fiction,27858,https://www.gutenberg.org/ebooks/78072
The trail of the serpent,M. E. Braddon,Fiction,27837,https://www.gutenberg.org/ebooks/75840
The Hunniwell boys and the platinum mystery,L. P. Wyman,Fiction,27837,https://www.gutenberg.org/ebooks/76521
The new terror,Gaston Leroux,Fiction,27825,https://www.gutenberg.org/ebooks/76493
"The magic ring, Vol. 3 (of 3)",Freiherr de Friedrich Heinrich Karl La Motte-Fouqué,Fiction,27809,https://www.gutenberg.org/ebooks/77099
The amazing adventures of Letitia Carberry,Mary Roberts Rinehart,Fiction,27765,https://www.gutenberg.org/ebooks/75922
Huligaani :  ynnä muita kertoelmia (Finnish),Arvid Järnefelt,Fiction,27751,https://www.gutenberg.org/ebooks/78081
The crimson circle,Edgar Wallace,Fiction,27743,https://www.gutenberg.org/ebooks/76257
The Roman hat mystery :  A problem in deduction,Ellery Queen,Fiction,27739,https://www.gutenberg.org/ebooks/76339
The magic casket,R. Austin Freeman,Fiction,27733,https://www.gutenberg.org/ebooks/76919
"The ghost of Charlotte Cray, and other stories",Florence Marryat,Fiction,27717,https://www.gutenberg.org/ebooks/76950
"The magic ring, Vol. 2 (of 3)",Freiherr de Friedrich Heinrich Karl La Motte-Fouqué,Fiction,27694,https://www.gutenberg.org/ebooks/77098
The trail of deception,W. C. Tuttle,Fiction,27688,https://www.gutenberg.org/ebooks/77016
The adventures of Heine,Edgar Wallace,Fiction,27674,https://www.gutenberg.org/ebooks/76462
"The magic ring, Vol. 1 (of 3)",Freiherr de Friedrich Heinrich Karl La Motte-Fouqué,Fiction,27673,https://www.gutenberg.org/ebooks/77097
They return at evening :  A book of ghost stories,Herbert Russell Wakefield,Fiction,27672,https://www.gutenberg.org/ebooks/76358
Snow-blind,Albert M. Treynor,Fiction,27651,https://www.gutenberg.org/ebooks/76689
Arsène Lupin intervenes,Maurice Leblanc,Fiction,27646,https://www.gutenberg.org/ebooks/75896
The spirit-rapper; an autobiography,Orestes Augustus Brownson,Fiction,27642,https://www.gutenberg.org/ebooks/76858
"Lucius Davoren; or, Publicans and sinners, vol. 3",M. E. Braddon,Fiction,27642,https://www.gutenberg.org/ebooks/75877
Daredevil,Leslie Charteris,Fiction,27638,https://www.gutenberg.org/ebooks/75998
Marigold :  A story,Edith Allonby,Fiction,27630,https://www.gutenberg.org/ebooks/76409
Landscape with figures,Ronald Fraser,Fiction,27608,https://www.gutenberg.org/ebooks/76764
The porcelain mask :  A detective story,John Jay Chichester,Fiction,27605,https://www.gutenberg.org/ebooks/77022
The valley of eyes unseen,Gilbert Collins,Fiction,27603,https://www.gutenberg.org/ebooks/76222
The tomb of Ts'in,Edgar Wallace,Fiction,27590,https://www.gutenberg.org/ebooks/76418
The dryad :  a novel,Justin H. McCarthy,Fiction,27588,https://www.gutenberg.org/ebooks/76442
Kate plus 10,Edgar Wallace,Fiction,27577,https://www.gutenberg.org/ebooks/76212
The Sign of the Seven Sins,William Le Queux,Fiction,27576,https://www.gutenberg.org/ebooks/76685
How joy was found :  a fantasy,Isobel Wylie Hutchison,Fiction,27574,https://www.gutenberg.org/ebooks/76247
A journey to the world under-ground,Ludvig Holberg,Fiction,27574,https://www.gutenberg.org/ebooks/77109
The man who mastered time,Ray Cummings,Fiction,27568,https://www.gutenberg.org/ebooks/76503
Les Mémoires d'un Parapluie (French),comtesse de Elisabeth Galos Houdetot,Fiction,27556,https://www.gutenberg.org/ebooks/76540
The strange countess,Edgar Wallace,Fiction,27555,https://www.gutenberg.org/ebooks/75858
The sinister mark,Lee Thayer,Fiction,27554,https://www.gutenberg.org/ebooks/77033
"Fighting for fortune :  or, Making a place for himself",Roy Franklin,Fiction,27553,https://www.gutenberg.org/ebooks/76812
"Saved from herself :  or, On the edge of doom",Adelaide Stirling,Fiction,27544,https://www.gutenberg.org/ebooks/76981
"Dr. Mabuse, master of mystery :  a novel",Norbert Jacques,Fiction,27543,https://www.gutenberg.org/ebooks/75967
Die Flucht der Beate Hoyermann :  Roman (German),Thea von Harbou,Fiction,27534,https://www.gutenberg.org/ebooks/77073
"Lillian's vow :  or, The mystery of Raleigh House",Mrs. E. Burke Collins,Fiction,27509,https://www.gutenberg.org/ebooks/76634
Terror keep,Edgar Wallace,Fiction,27505,https://www.gutenberg.org/ebooks/75949
Limanora :  the island of progress,Godfrey Sweven,Fiction,27498,https://www.gutenberg.org/ebooks/76533
"The Nowadays Girls in the Adirondacks :  or, The deserted bungalow on Saranac Lake",Gertrude Hall Brownell,Fiction,27496,https://www.gutenberg.org/ebooks/76084
La chasse au météore (French),Jules Verne,Fiction,27494,https://www.gutenberg.org/ebooks/76724
"Maugis, ye sorcerer :  from ye ancient French : a wonderful tale from ye writings of ye mad savant of ye Maison Maugis in ye olde citie of Mouzon, France",Lord Gilhooley,Fiction,27491,https://www.gutenberg.org/ebooks/76929
Only seven were hanged,Stuart Martin,Fiction,27484,https://www.gutenberg.org/ebooks/76200
The Satyricon — Volume 05: Crotona Affairs,Petronius Arbiter,Fiction,27476,https://www.gutenberg.org/ebooks/5222
Skeeter Bill comes to town,W. C. Tuttle,Fiction,27476,https://www.gutenberg.org/ebooks/76983
"I, Mars",Ray Bradbury,Fiction,27473,https://www.gutenberg.org/ebooks/76857
Dancing Devil range,W. C. Tuttle,Fiction,27469,https://www.gutenberg.org/ebooks/76049
Red aces :  Being three cases of Mr. Reeder,Edgar Wallace,Fiction,27468,https://www.gutenberg.org/ebooks/76541
This star shall be free,Murray Leinster,Fiction,27466,https://www.gutenberg.org/ebooks/76849
The thing in the woods,Harper Williams,Fiction,27459,https://www.gutenberg.org/ebooks/76059
The girl from Scotland Yard,Edgar Wallace,Fiction,27454,https://www.gutenberg.org/ebooks/76677
Mathias Sandorf [1] :  Een verijdelde samenzwering; Dokter Antekirrt (Dutch),Jules Verne,Fiction,27453,https://www.gutenberg.org/ebooks/76280
Ikuinen salaisuus :  Rakkaus- ja jännityskertomuksia (Finnish),Jack London,Fiction,27434,https://www.gutenberg.org/ebooks/76896
"The sociable ghost :  Being the adventures of a reporter who was invited by the sociable ghost to a grand banquet, ball, and convention under the ground of old Trinity churchyard. A true tale of the things he saw and did not see while he was not there.",Olive Harper,Fiction,27424,https://www.gutenberg.org/ebooks/76737
Les cœurs les plus farouches (French),James Oliver Curwood,Fiction,27422,https://www.gutenberg.org/ebooks/77086
Moon of madness,Sax Rohmer,Fiction,27421,https://www.gutenberg.org/ebooks/77001
Just a bit too fast,Hal Moore,Fiction,27412,https://www.gutenberg.org/ebooks/77031
Jonah,Robert Nathan,Fiction,27411,https://www.gutenberg.org/ebooks/76998
Morgue kadun kauhu (Finnish),Edgar Allan Poe,Fiction,27403,https://www.gutenberg.org/ebooks/76496
Life on the Mississippi,Mark Twain,History,74028,https://www.gutenberg.org/ebooks/245
"Narrative of the Life of Frederick Douglass, an American Slave",Frederick Douglass,History,72308,https://www.gutenberg.org/ebooks/23
The Love Letters of Henry VIII to Anne Boleyn; With Notes,King of England Henry VIII,History,70577,https://www.gutenberg.org/ebooks/32155
Autobiography of Benjamin Franklin,Benjamin Franklin,History,70449,https://www.gutenberg.org/ebooks/20203
Celebrated Crimes (Complete),Alexandre Dumas,History,67231,https://www.gutenberg.org/ebooks/2760
"The Lives of the Twelve Caesars, Complete",Suetonius,History,66655,https://www.gutenberg.org/ebooks/6400
"The Anabasis of Alexander :  or, The history of the wars and conquests of Alexander the Great",Arrian,History,66270,https://www.gutenberg.org/ebooks/46976
The Diary of Samuel Pepys — Complete,Samuel Pepys,History,65382,https://www.gutenberg.org/ebooks/4200
"The Interesting Narrative of the Life of Olaudah Equiano, Or Gustavus Vassa, The African",Olaudah Equiano,History,64835,https://www.gutenberg.org/ebooks/15399
"Napoleon's Letters to Josephine, 1796-1812",Emperor of the French Napoleon I,History,64501,https://www.gutenberg.org/ebooks/37499
Emily Brontë,A. Mary F. Robinson,History,64050,https://www.gutenberg.org/ebooks/25789
"The Roll of Honour, Volume 1 :  A biographical record of all members of His Majesty's naval  and military forces who have fallen in the war",marquis de Melville Henry Massue Ruvigny et Raineval,History,64046,https://www.gutenberg.org/ebooks/75883
Rizal's own story of his life,José Rizal,History,62869,https://www.gutenberg.org/ebooks/48438
The Waterloo Roll Call,Charles Dalton,History,62584,https://www.gutenberg.org/ebooks/51143
The Germany and the Agricola of Tacitus,Cornelius Tacitus,History,62544,https://www.gutenberg.org/ebooks/7524
"The Memoirs of the Conquistador Bernal Diaz del Castillo, Vol 1 (of 2)",Bernal Díaz del Castillo,History,62118,https://www.gutenberg.org/ebooks/32474
Life and Letters of Charles Darwin — Volume 1,Charles Darwin,History,61880,https://www.gutenberg.org/ebooks/2087
"The Life of Florence Nightingale, vol. 2 of 2",Sir Edward Tyas Cook,History,61556,https://www.gutenberg.org/ebooks/40058
More Letters of Charles Darwin — Volume 1,Charles Darwin,History,61201,https://www.gutenberg.org/ebooks/2739
Eighty Years and More; Reminiscences 1815-1897,Elizabeth Cady Stanton,History,60875,https://www.gutenberg.org/ebooks/11982
Some Jewish Witnesses For Christ,Aaron Bernstein,History,60692,https://www.gutenberg.org/ebooks/37734
Narrative of the Captivity and Restoration of Mrs. Mary Rowlandson,Mary White Rowlandson,History,60638,https://www.gutenberg.org/ebooks/851
A Little English Gallery,Louise Imogen Guiney,History,60229,https://www.gutenberg.org/ebooks/54219
Shakespeare's family,C. C. Stopes,History,60010,https://www.gutenberg.org/ebooks/26315
Harriet Martineau,Florence Fenwick Miller,History,59713,https://www.gutenberg.org/ebooks/36965
"Famous Affinities of History: The Romance of Devotion. Vol 1-4, Complete",Lyndon Orr,History,55971,https://www.gutenberg.org/ebooks/4693
Les enchantements de la forêt (French),André Theuriet,History,54058,https://www.gutenberg.org/ebooks/78027
The Iliad,Homer,History,43612,https://www.gutenberg.org/ebooks/2199
Anabasis,Xenophon,History,42291,https://www.gutenberg.org/ebooks/1170
"Personal Memoirs of U. S. Grant, Complete",Ulysses S. Grant,History,40458,https://www.gutenberg.org/ebooks/4367
The Travels of Marco Polo — Volume 1,Marco Polo and da Pisa Rusticiano,History,39610,https://www.gutenberg.org/ebooks/10636
"Histoire amoureuse des Gaules; suivie des Romans historico-satiriques du XVIIe siècle, Tome I (French)",comte de Roger de Rabutin Bussy,History,38749,https://www.gutenberg.org/ebooks/29049
Susan B. Anthony,Alma Lutz,History,38009,https://www.gutenberg.org/ebooks/20439
灵历集光 (Chinese),Shangjie Song,History,36347,https://www.gutenberg.org/ebooks/25716
The Egyptian Book of the dead,Unknown / Various,History,36103,https://www.gutenberg.org/ebooks/69566
Paradise Lost,John Milton,History,35934,https://www.gutenberg.org/ebooks/20
"The Birth of Tragedy; or, Hellenism and Pessimism",Friedrich Wilhelm Nietzsche,History,35074,https://www.gutenberg.org/ebooks/51356
Der Marquis de Sade und seine Zeit. (German),Iwan Bloch,History,34931,https://www.gutenberg.org/ebooks/68400
Lives of Fair and Gallant Ladies. Vol 1,Pierre de Bourdeille Brantôme,History,34517,https://www.gutenberg.org/ebooks/67025
Society as I Have Found It,Ward McAllister,History,34342,https://www.gutenberg.org/ebooks/55300
My own story,Emmeline Pankhurst,History,34087,https://www.gutenberg.org/ebooks/34856
The Ballad of the White Horse,G. K. Chesterton,History,33993,https://www.gutenberg.org/ebooks/1719
Scenes in the Life of Harriet Tubman,Sarah H. Bradford,History,33635,https://www.gutenberg.org/ebooks/57821
The Romance of Biography (Vol 1 of 2),Mrs. Jameson,History,33358,https://www.gutenberg.org/ebooks/35382
Up from Slavery: An Autobiography,Booker T. Washington,History,33212,https://www.gutenberg.org/ebooks/2376
"Lives of the Most Eminent Painters Sculptors and Architects, Vol. 01 (of 10)",Giorgio Vasari,History,32745,https://www.gutenberg.org/ebooks/25326
Thoughts of Marcus Aurelius Antoninus,Emperor of Rome Marcus Aurelius,History,32410,https://www.gutenberg.org/ebooks/15877
Lysistrata,Aristophanes,History,32402,https://www.gutenberg.org/ebooks/7700
Plutarch: Lives of the noble Grecians and Romans,Plutarch,History,32343,https://www.gutenberg.org/ebooks/674
"The Journals of Lewis and Clark, 1804-1806",Meriwether Lewis and William Clark,History,32117,https://www.gutenberg.org/ebooks/8419
The Bābur-nāma in English (Memoirs of Bābur),Emperor of Hindustan Babur,History,31624,https://www.gutenberg.org/ebooks/44608
Memoirs of Napoleon Bonaparte — Complete,Louis Antoine Fauvelet de Bourrienne,History,31586,https://www.gutenberg.org/ebooks/3567
Twelve Years a Slave,Solomon Northup,History,31570,https://www.gutenberg.org/ebooks/45631
"Plutarch's Lives, Volume 3 (of 4)",Plutarch,History,31507,https://www.gutenberg.org/ebooks/14140
Complete Prose Works,Walt Whitman,History,30894,https://www.gutenberg.org/ebooks/8813
Memoirs of Louis XIV and His Court and of the Regency — Complete,duc de Louis de Rouvroy Saint-Simon,History,30892,https://www.gutenberg.org/ebooks/3875
A Cyclopaedia of Canadian Biography: Being Chiefly Men of the Time,Unknown / Various,History,30798,https://www.gutenberg.org/ebooks/57724
Fifty years in Wall Street,Henry Clews,History,30788,https://www.gutenberg.org/ebooks/70377
"The letters of Queen Victoria, vol. 1, 1837-1843 :  A selection from Her Majesty's correspondence between the years 1837 and 1861.",Queen of Great Britain Victoria,History,30716,https://www.gutenberg.org/ebooks/20023
Fifty Years In The Northwest,William H. C. Folsom,History,30657,https://www.gutenberg.org/ebooks/36375
My Bondage and My Freedom,Frederick Douglass,History,30612,https://www.gutenberg.org/ebooks/202
A Cyclopædia of Canadian Biography,Unknown / Various,History,30539,https://www.gutenberg.org/ebooks/53635
"Memoirs of the Court of Marie Antoinette, Queen of France, Complete",Mme. Campan,History,30405,https://www.gutenberg.org/ebooks/3891
"Memoirs of the Duchesse de Dino (Afterwards Duchesse de Talleyrand et de Sagan), 1836-1840",duchesse de Dorothée Dino,History,30156,https://www.gutenberg.org/ebooks/44646
"Lineage, Life and Labors of José Rizal, Philippine Patriot",Austin Craig,History,30146,https://www.gutenberg.org/ebooks/6867
Cornish Characters and Strange Events,S. Baring-Gould,History,30014,https://www.gutenberg.org/ebooks/41775
"The Natural History of Pliny, Volume 3 (of 6)",the Elder Pliny,History,29772,https://www.gutenberg.org/ebooks/59131
Montreal from 1535 to 1914. Vol. 3. Biographical,William H. Atherton,History,29754,https://www.gutenberg.org/ebooks/48480
Life of St. Francis of Assisi,Paul Sabatier,History,29677,https://www.gutenberg.org/ebooks/18787
Audubon the Naturalist: A History of His Life and Time. Vol. 2 (of 2),Francis Hobart Herrick,History,29504,https://www.gutenberg.org/ebooks/58984
All in the Day's Work: An Autobiography,Ida M. Tarbell,History,29460,https://www.gutenberg.org/ebooks/63754
"France and England in North America, Part III: La Salle, Discovery of The Great West",Francis Parkman,History,29426,https://www.gutenberg.org/ebooks/40143
"Lorenzo de' Medici, the Magnificent (vol. 1 of 2)",Alfred von Reumont,History,29344,https://www.gutenberg.org/ebooks/50624
The Memoirs of Admiral Lord Beresford,Baron Charles William De la Poer Beresford Beresford,History,29323,https://www.gutenberg.org/ebooks/50508
Old Times on the Upper Mississippi,George Byron Merrick,History,29274,https://www.gutenberg.org/ebooks/47262
A guide to the history of physical education,Fred Eugene Leonard,History,29271,https://www.gutenberg.org/ebooks/78009
As I Remember,Marian Gouverneur,History,29250,https://www.gutenberg.org/ebooks/28384
"Lyman's History of old Walla Walla County,  Vol. 2",William Denison Lyman,History,29144,https://www.gutenberg.org/ebooks/46808
Vie de Jésus (French),Ernest Renan,History,29062,https://www.gutenberg.org/ebooks/15113
The Black Hawk War Including a Review of Black Hawk's Life,Frank Everett Stevens,History,29045,https://www.gutenberg.org/ebooks/49402
"The Memoirs of François René Vicomte de Chateaubriand sometime Ambassador to England, Volume 4 (of 6)",vicomte de François-René Chateaubriand,History,29014,https://www.gutenberg.org/ebooks/54879
The Canadian Portrait Gallery - Volume 3 (of 4),John Charles Dent,History,28984,https://www.gutenberg.org/ebooks/35647
"The Life of John Marshall, Volume 4: The building of the nation, 1815-1835",Albert J. Beveridge,History,28892,https://www.gutenberg.org/ebooks/40533
"The Letters of Franklin K. Lane, Personal and Political",Franklin K. Lane,History,28845,https://www.gutenberg.org/ebooks/4206
"1066 and all that :  A memorable history of England, comprising all the parts you can remember, including 103 good things, 5 bad kings and 2 genuine dates",Walter Carruthers Sellar and Robert Julian Yeatman,History,28845,https://www.gutenberg.org/ebooks/78124
Main currents in American thought :  An interpretation of American literature from the beginnings to 1920,Vernon Louis Parrington,History,28746,https://www.gutenberg.org/ebooks/78025
The Prince,Niccolò Machiavelli,History,28681,https://www.gutenberg.org/ebooks/1232
From Chaucer to Tennyson,Henry A. Beers,History,28585,https://www.gutenberg.org/ebooks/11618
"The history of the Norman conquest of England, its causes and its results, Volume 3 (of 6)",Edward A. Freeman,History,28561,https://www.gutenberg.org/ebooks/78122
"The Story of Genesis and Exodus: An Early English Song, about 1250 A.D.",Unknown / Various,History,28205,https://www.gutenberg.org/ebooks/50685
The Catholic Church and history,Hilaire Belloc,History,28177,https://www.gutenberg.org/ebooks/78085
Hajamuistelmia pakolaiselämästä (Finnish),Aatto Sirén,History,28147,https://www.gutenberg.org/ebooks/78096
"Chroniques de J. Froissart, tome 09/13 :  1377-1380 (Depuis la prise de Bergerac jusqu'à la mort de Charles V) (French)",Jean Froissart,History,28135,https://www.gutenberg.org/ebooks/78074
Miniatures of French history,Hilaire Belloc,History,27967,https://www.gutenberg.org/ebooks/78114
Journal de la société de 1789 - Nº II (French),"marquis de Jean-Antoine-Nicolas de Caritat Condorcet, Philippe-Antoine Grouvelle, Louis-François-Dominique-Norbert Pressac de la Chagnaye, and J. H. Hassenfratz",History,27868,https://www.gutenberg.org/ebooks/78080
Anne of Green Gables,L. M. Montgomery,History,23969,https://www.gutenberg.org/ebooks/45
"Walden, and On The Duty Of Civil Disobedience",Henry David Thoreau,History,21947,https://www.gutenberg.org/ebooks/205
On the Duties of the Clergy,Bishop of Milan Saint Ambrose,History,19762,https://www.gutenberg.org/ebooks/22789
Leviathan,Thomas Hobbes,History,19434,https://www.gutenberg.org/ebooks/3207
The Federalist Papers,"Alexander Hamilton, James Madison, and John Jay",History,19057,https://www.gutenberg.org/ebooks/22788
Simple Sabotage Field Manual,United States. Office of Strategic Services,History,18712,https://www.gutenberg.org/ebooks/26184
Reise in die Aequinoctial-Gegenden des neuen Continents. Band 2. (German),Alexander von Humboldt,History,15652,https://www.gutenberg.org/ebooks/24746
The Art of War,active 6th century B.C. Sunzi,History,14836,https://www.gutenberg.org/ebooks/132
Notes from the Underground,Fyodor Dostoyevsky,History,13505,https://www.gutenberg.org/ebooks/600
The Reign of Greed,José Rizal,History,13133,https://www.gutenberg.org/ebooks/10676
Second Treatise of Government,John Locke,History,13020,https://www.gutenberg.org/ebooks/7370
An Inquiry into the Nature and Causes of the Wealth of Nations,Adam Smith,History,13003,https://www.gutenberg.org/ebooks/3300
The Scarlet Letter,Nathaniel Hawthorne,History,12377,https://www.gutenberg.org/ebooks/25344
"Air Service Boys Flying for Victory; Or, Bombing the Last German Stronghold",Charles Amory Beach,History,11795,https://www.gutenberg.org/ebooks/25997
"Ang ""Filibusterismo"" (Karugtóng ng Noli Me Tangere) (Tagalog)",José Rizal,History,11682,https://www.gutenberg.org/ebooks/47629
The Crown of Wild Olive,John Ruskin,History,11481,https://www.gutenberg.org/ebooks/26716
The Souls of Black Folk,W. E. B. Du Bois,History,11462,https://www.gutenberg.org/ebooks/408
On War,Carl von Clausewitz,History,11362,https://www.gutenberg.org/ebooks/1946
The Works of Mr. George Gillespie (Vol. 1 of 2),George Gillespie,History,11306,https://www.gutenberg.org/ebooks/26849
Antiquities of the Jews,Flavius Josephus,History,10837,https://www.gutenberg.org/ebooks/2848
Adventures of a Young Naturalist,Lucien Biart,History,9998,https://www.gutenberg.org/ebooks/26009
The Communist Manifesto,Karl Marx and Friedrich Engels,History,9644,https://www.gutenberg.org/ebooks/61
Noli Me Tangere (Tagalog),José Rizal,History,9467,https://www.gutenberg.org/ebooks/20228
The History of the Peloponnesian War,Thucydides,History,9292,https://www.gutenberg.org/ebooks/7142
The Part Borne by the Dutch in the Discovery of Australia 1606-1765,J. E. Heeres,History,9283,https://www.gutenberg.org/ebooks/17450
Democracy in America — Volume 1,Alexis de Tocqueville,History,9132,https://www.gutenberg.org/ebooks/815
Miracle Mongers and Their Methods,Harry Houdini,History,8977,https://www.gutenberg.org/ebooks/435
Rainbow Valley,L. M. Montgomery,History,8883,https://www.gutenberg.org/ebooks/26469
The Spy,James Fenimore Cooper,History,8860,https://www.gutenberg.org/ebooks/26272
Common Sense,Thomas Paine,History,8835,https://www.gutenberg.org/ebooks/147
Cookery and Dining in Imperial Rome,Apicius,History,8736,https://www.gutenberg.org/ebooks/29728
The Governments of Europe,Frederic Austin Ogg,History,8611,https://www.gutenberg.org/ebooks/21006
"A History of the Nineteenth Century, Year by Year. Volume 2 (of 3)",Edwin Emerson,History,8523,https://www.gutenberg.org/ebooks/26901
The Tragical History of Doctor Faustus,Christopher Marlowe,History,8479,https://www.gutenberg.org/ebooks/779
The History of the Decline and Fall of the Roman Empire,Edward Gibbon,History,8210,https://www.gutenberg.org/ebooks/25717
The Philippine Islands,F.R.G.S. John Foreman,History,8018,https://www.gutenberg.org/ebooks/22815
London and the Kingdom - Volume 2,Reginald R. Sharpe,History,7869,https://www.gutenberg.org/ebooks/20990
"The loyalists of America and their times :  from 1620 to 1816, Vol. 1 of 2",Egerton Ryerson,History,7834,https://www.gutenberg.org/ebooks/21012
Fox's Book of Martyrs,John Foxe,History,7733,https://www.gutenberg.org/ebooks/22400
The Scarlet Pimpernel,Baroness Emmuska Orczy Orczy,History,7612,https://www.gutenberg.org/ebooks/28808
The Odyssey of Homer,Homer,History,7609,https://www.gutenberg.org/ebooks/1728
Scaramouche: A Romance of the French Revolution,Rafael Sabatini,History,7324,https://www.gutenberg.org/ebooks/28945
"The City of God, Volume I",Saint of Hippo Augustine,History,7316,https://www.gutenberg.org/ebooks/45304
The Writings of Thomas Jefferson,Thomas Jefferson,History,7283,https://www.gutenberg.org/ebooks/21002
Discourse on the Method of Rightly Conducting One's Reason and of Seeking Truth in the Sciences,René Descartes,History,7258,https://www.gutenberg.org/ebooks/59
Anne of the Island,L. M. Montgomery,History,7239,https://www.gutenberg.org/ebooks/20265
"The Philippine Islands, 1493-1898,  Volume 26 of 55, 1636",Unknown / Various,History,7200,https://www.gutenberg.org/ebooks/27127
"Critical and Historical Essays, Volume III (of 3)",Baron Thomas Babington Macaulay Macaulay,History,7151,https://www.gutenberg.org/ebooks/28046
Memoirs of the Court of Queen Elizabeth,Lucy Aikin,History,7124,https://www.gutenberg.org/ebooks/21500
The Long Roll,Mary Johnston,History,7035,https://www.gutenberg.org/ebooks/22066
"The Tribes and Castes of the Central Provinces of India, Volume 2",R. V. Russell,History,7022,https://www.gutenberg.org/ebooks/22010
Nederlandsche Volkskunde (Dutch),Jos. Schrijnen,History,6982,https://www.gutenberg.org/ebooks/22968
中國小說史略 (Chinese),Xun Lu,History,6968,https://www.gutenberg.org/ebooks/25559
An Enquiry Concerning Human Understanding,David Hume,History,6930,https://www.gutenberg.org/ebooks/9662
The Handbook to English Heraldry,Charles Boutell,History,6916,https://www.gutenberg.org/ebooks/23186
The War in the Air; Vol. 1,Sir Walter Alexander Raleigh,History,6887,https://www.gutenberg.org/ebooks/28226
"Slave Narratives: A Folk History of Slavery in the United States from Interviews with Former Slaves, Volume XI, North Carolina Narratives, Part 1",United States. Work Projects Administration,History,6755,https://www.gutenberg.org/ebooks/22976
The History of Herodotus — Volume 1,Herodotus,History,6754,https://www.gutenberg.org/ebooks/2707
"Principles of Political Economy, Vol. 1",Wilhelm Roscher,History,6691,https://www.gutenberg.org/ebooks/27698
Ancient States and Empires,John Lord,History,6669,https://www.gutenberg.org/ebooks/27114
"The History of Don Quixote, Volume 2, Complete",Miguel de Cervantes Saavedra,History,6661,https://www.gutenberg.org/ebooks/5946
"In the forbidden land :  an account of a journey into Tibet, capture by the Tibetan lamas and soldiers, imprisonment, torture and ultimate release",Arnold Henry Savage Landor,History,6610,https://www.gutenberg.org/ebooks/22210
The Critical Period of American History,John Fiske,History,6570,https://www.gutenberg.org/ebooks/27430
紅樓夢 (Chinese),Xueqin Cao,History,6566,https://www.gutenberg.org/ebooks/24264
"Steam, Its Generation and Use",Babcock & Wilcox Company,History,6564,https://www.gutenberg.org/ebooks/22657
Southern Arabia,J. Theodore Bent and Mrs. Theodore Bent,History,6552,https://www.gutenberg.org/ebooks/21569
Memoirs of Extraordinary Popular Delusions and the Madness of Crowds,Charles Mackay,History,6544,https://www.gutenberg.org/ebooks/24518
A Victor of Salamis,William Stearns Davis,History,6525,https://www.gutenberg.org/ebooks/27587
"Surgical Experiences in South Africa, 1899-1900",George Henry Makins,History,6506,https://www.gutenberg.org/ebooks/21280
"A history of art in Chaldæa & Assyria, Vol. 1 (of 2)",Georges Perrot and Charles Chipiez,History,6446,https://www.gutenberg.org/ebooks/28072
The Frontier in American History,Frederick Jackson Turner,History,6422,https://www.gutenberg.org/ebooks/22994
Home Life in Colonial Days,Alice Morse Earle,History,6380,https://www.gutenberg.org/ebooks/22675
Comic History of the United States,Bill Nye,History,6351,https://www.gutenberg.org/ebooks/21427
The Arabian Nights: Their Best-known Tales,Unknown / Various,History,6312,https://www.gutenberg.org/ebooks/20916
Complete Story of the San Francisco Horror,"Trumbull White, Richard Linthicum, and Samuel Fallows",History,6286,https://www.gutenberg.org/ebooks/26380
"The Life of William Ewart Gladstone, Vol. 1 (of 3)",John Morley,History,6256,https://www.gutenberg.org/ebooks/21091
Sea Power in its Relations to the War of 1812. Volume 2,A. T. Mahan,History,6244,https://www.gutenberg.org/ebooks/25912
Critical and Historical Essays,Edward MacDowell,History,6204,https://www.gutenberg.org/ebooks/16351
The Wandering Jew — Complete,Eugène Sue,History,6200,https://www.gutenberg.org/ebooks/3350
The Deaf,Harry Best,History,6193,https://www.gutenberg.org/ebooks/23320
Folklore as an Historical Science,George Laurence Gomme,History,6113,https://www.gutenberg.org/ebooks/21852
The Jewish State,Theodor Herzl,History,6101,https://www.gutenberg.org/ebooks/25282
Bradford's History of 'Plimoth Plantation',William Bradford,History,6035,https://www.gutenberg.org/ebooks/24950
Royal Palaces and Parks of France,M. F. Mansfield,History,5979,https://www.gutenberg.org/ebooks/25842
Das Bücher-Dekameron (German),Kasimir Edschmid,History,5966,https://www.gutenberg.org/ebooks/48040
"Cités et ruines américaines: Mitla, Palenqué, Izamal, Chichen-Itza, Uxmal (French)",Eugène-Emmanuel Viollet-le-Duc,History,5923,https://www.gutenberg.org/ebooks/25097
Southern Literature From 1579-1895,Louise Manly,History,5918,https://www.gutenberg.org/ebooks/27279
The Life of King Edward VII,J. Castell Hopkins,History,5910,https://www.gutenberg.org/ebooks/25112
Carl Svenske: Historisk berättelse från frihetstiden (Swedish),Gustaf Björlin,History,5884,https://www.gutenberg.org/ebooks/65580
"The Wars of the Jews; Or, The History of the Destruction of Jerusalem",Flavius Josephus,History,5864,https://www.gutenberg.org/ebooks/2850
"Characteristics of Women: Moral, Poetical, and Historical",Mrs. Jameson,History,5856,https://www.gutenberg.org/ebooks/26152
Cattle and Their Diseases,Robert Jennings,History,5815,https://www.gutenberg.org/ebooks/22771
"War and Peace, Book 01: 1805",graf Leo Tolstoy,History,5788,https://www.gutenberg.org/ebooks/28920
Walden,Henry David Thoreau,History,5781,https://www.gutenberg.org/ebooks/26289
"Aurelian; or, Rome in the Third Century",William Ware,History,5752,https://www.gutenberg.org/ebooks/21953
Mexico and Its Religion,Robert Anderson Wilson,History,5742,https://www.gutenberg.org/ebooks/21430
Mathematical Recreations and Essays,W. W. Rouse Ball,History,5698,https://www.gutenberg.org/ebooks/26839
Edmond Dantès,Edmund Flagg,History,5690,https://www.gutenberg.org/ebooks/23183
History of the Negro Race in America from 1619 to 1880. Vol. 2,George Washington Williams,History,5662,https://www.gutenberg.org/ebooks/21851
The Care of Books,John Willis Clark,History,5660,https://www.gutenberg.org/ebooks/26378
The Great Controversy Between Christ and Satan,Ellen Gould Harmon White,History,5650,https://www.gutenberg.org/ebooks/25833
"The History of Rome, Books 01 to 08",Livy,History,5641,https://www.gutenberg.org/ebooks/19725
"Curiosities of Literature, Vol. 1",Isaac Disraeli,History,5640,https://www.gutenberg.org/ebooks/21615
Anne of Avonlea,L. M. Montgomery,History,5626,https://www.gutenberg.org/ebooks/47
Apologia pro vita sua :  being a history of his religious opinions,John Henry Newman,History,5600,https://www.gutenberg.org/ebooks/22088
The Campaign of 1776 around New York and Brooklyn,Henry Phelps Johnston,History,5567,https://www.gutenberg.org/ebooks/21990
"The letters of Queen Victoria, vol. 3, 1854-1861 :  A selection from Her Majesty's correspondence between the years 1837 and 1861.",Queen of Great Britain Victoria,History,5563,https://www.gutenberg.org/ebooks/28649
The Story of the Greeks,H. A. Guerber,History,5504,https://www.gutenberg.org/ebooks/23495
"The Natural History of Pliny, Volume 1 (of 6)",the Elder Pliny,History,5457,https://www.gutenberg.org/ebooks/57493
Psychology of the Unconscious,C. G. Jung,History,5452,https://www.gutenberg.org/ebooks/65903
Sketches New and Old,Mark Twain,History,5384,https://www.gutenberg.org/ebooks/3189
Детство (Russian),graf Leo Tolstoy,History,5379,https://www.gutenberg.org/ebooks/19681
The Declaration of Independence of the United States of America,Thomas Jefferson,History,5378,https://www.gutenberg.org/ebooks/1
Memoirs and Correspondence of Admiral Lord de Saumarez. Vol II,Sir John Ross,History,5373,https://www.gutenberg.org/ebooks/27151
"The Memoirs of Jacques Casanova de Seingalt, 1725-1798. Complete",Giacomo Casanova,History,5351,https://www.gutenberg.org/ebooks/2981
Sword and Pen,John Algernon Owens,History,5311,https://www.gutenberg.org/ebooks/28152
Manual of Military Training,James A. Moss,History,5310,https://www.gutenberg.org/ebooks/26706
Noli me tangere: Filippijnsche roman (Dutch),José Rizal,History,5284,https://www.gutenberg.org/ebooks/21848
How the Other Half Lives: Studies Among the Tenements of New York,Jacob A. Riis,History,5278,https://www.gutenberg.org/ebooks/45502
Lord Milner's Work in South Africa,W. Basil Worsfold,History,5275,https://www.gutenberg.org/ebooks/26490
Pagan and Christian Rome,Rodolfo Amedeo Lanciani,History,5273,https://www.gutenberg.org/ebooks/22153
Benjamin Franklin,Jr. John T. Morse,History,5258,https://www.gutenberg.org/ebooks/21348
A Sailor of King George,Captain Frederick Hoffman,History,5256,https://www.gutenberg.org/ebooks/27520
The Tapestry Book,Helen Churchill Candee,History,5211,https://www.gutenberg.org/ebooks/26151
"History of the Rise of the Huguenots, Vol. 1",Henry Martyn Baird,History,5206,https://www.gutenberg.org/ebooks/22762
"The conspirators; or, The chevalier d'Harmental",Alexandre Dumas and Auguste Maquet,History,5201,https://www.gutenberg.org/ebooks/27385
Shakespearean Playhouses,Joseph Quincy Adams,History,5195,https://www.gutenberg.org/ebooks/22397
Homer's Odyssey,Denton Jaques Snider,History,5170,https://www.gutenberg.org/ebooks/26275
"India, Its Life and Thought",John P. Jones,History,5166,https://www.gutenberg.org/ebooks/28117
Socialism: A Summary and Interpretation of Socialist Principles,John Spargo,History,5154,https://www.gutenberg.org/ebooks/22733
From October to Brest-Litovsk,Leon Trotsky,History,5135,https://www.gutenberg.org/ebooks/20048
"Création et rédemption, deuxième partie: La fille du marquis (French)",Alexandre Dumas,History,5130,https://www.gutenberg.org/ebooks/26476
"History of circumcision from the earliest times to the present :  Moral and physical reasons for its performance, with a history of eunuchism, hermaphrodism, etc., and of the different operations practiced upon the prepuce",P. C. Remondino,History,5127,https://www.gutenberg.org/ebooks/23135
History of the War in South Africa 1899-1902 v. 1 (of 4),Great Britain. War Office,History,5126,https://www.gutenberg.org/ebooks/28158
The Complete Herbal,Nicholas Culpeper,History,5107,https://www.gutenberg.org/ebooks/49513
The Origin of Species by Means of Natural Selection,Charles Darwin,History,5102,https://www.gutenberg.org/ebooks/2009
The Sun Also Rises,Ernest Hemingway,History,5077,https://www.gutenberg.org/ebooks/67138
Acadia,Frederic S. Cozzens,History,5070,https://www.gutenberg.org/ebooks/23409
The Expedition to Borneo of H.M.S. Dido,Sir Henry Keppel and Rajah of Sarawak James,History,5061,https://www.gutenberg.org/ebooks/22903
Königliche Hoheit: Roman (German),Thomas Mann,History,5046,https://www.gutenberg.org/ebooks/35328
"The Great Events by Famous Historians, Volume 03",Unknown / Various,History,5041,https://www.gutenberg.org/ebooks/25712
"History of Woman Suffrage, Volume III",Unknown / Various,History,5035,https://www.gutenberg.org/ebooks/28556
Politics: A Treatise on Government,Aristotle,History,5022,https://www.gutenberg.org/ebooks/6762
The Legacy of Greece,Unknown / Various,History,5010,https://www.gutenberg.org/ebooks/22259
The Naval History of the United States. Volume 2,Willis J. Abbot,History,4981,https://www.gutenberg.org/ebooks/26416
Ivanhoe: A Romance,Walter Scott,History,4973,https://www.gutenberg.org/ebooks/82
All about coffee,William H. Ukers,History,4965,https://www.gutenberg.org/ebooks/28500
"The Great Events by Famous Historians, Volume 09",Unknown / Various,History,4928,https://www.gutenberg.org/ebooks/26337
The Johnstown Horror!!!,James Herbert Walker,History,4920,https://www.gutenberg.org/ebooks/27669
Memoirs of the Court of George IV. 1820-1830 (Vol 1),Duke of Richard Plantagenet Temple Nugent Brydges Chandos Grenville Buckingham and Chandos,History,4910,https://www.gutenberg.org/ebooks/22553
甌北詩話 (Chinese),Yi Zhao,History,4878,https://www.gutenberg.org/ebooks/25391
An Undivided Union,Oliver Optic and Edward Stratemeyer,History,4878,https://www.gutenberg.org/ebooks/25440
Belgium: From the Roman Invasion to the Present Day,Emile Cammaerts,History,4849,https://www.gutenberg.org/ebooks/27442
The Reckoning,Robert W. Chambers,History,4848,https://www.gutenberg.org/ebooks/25441
Essays — First Series,Ralph Waldo Emerson,History,4841,https://www.gutenberg.org/ebooks/2944
Albert Gallatin,John Austin Stevens,History,4824,https://www.gutenberg.org/ebooks/20873
The Social Cancer: A Complete English Version of Noli Me Tangere,José Rizal,History,4812,https://www.gutenberg.org/ebooks/6737
Impressions of South Africa,Viscount James Bryce Bryce,History,4801,https://www.gutenberg.org/ebooks/22323
Contemporary American Composers,Rupert Hughes,History,4800,https://www.gutenberg.org/ebooks/23800
Colleges in America,John Marshall Barker,History,4798,https://www.gutenberg.org/ebooks/25400
The Prairie Traveler: A Hand-book for Overland Expeditions,Randolph B. Marcy,History,4797,https://www.gutenberg.org/ebooks/23066
A Selection from the Discourses of Epictetus with the Encheiridion,Epictetus,History,4793,https://www.gutenberg.org/ebooks/10661
Sea Power in its Relations to the War of 1812. Volume 1,A. T. Mahan,History,4786,https://www.gutenberg.org/ebooks/25911
The Red True Story Book,Unknown / Various,History,4781,https://www.gutenberg.org/ebooks/27603
The University of Michigan,Wilfred Byron Shaw,History,4765,https://www.gutenberg.org/ebooks/21532
The Story of Paris,Thomas Okey,History,4757,https://www.gutenberg.org/ebooks/26450
The Philippines a Century Hence,José Rizal,History,4753,https://www.gutenberg.org/ebooks/35899
Perpetual Peace: A Philosophical Essay,Immanuel Kant,History,4751,https://www.gutenberg.org/ebooks/50922
The Choctaw Freedmen and the Story of Oak Hill Industrial Academy,Robert Elliott Flickinger,History,4724,https://www.gutenberg.org/ebooks/23321
Geschichte Alexanders des Grossen (German),Johann Gustav Droysen,History,4721,https://www.gutenberg.org/ebooks/23756
The Promised Land,Mary Antin,History,4707,https://www.gutenberg.org/ebooks/20885
The Religious Experience of the Roman People,W. Warde Fowler,History,4691,https://www.gutenberg.org/ebooks/23349
"A History of Art for Beginners and Students: Painting, Sculpture, Architecture",Clara Erskine Clement Waters,History,4685,https://www.gutenberg.org/ebooks/25632
Masterpieces of Negro Eloquence,Unknown / Various,History,4668,https://www.gutenberg.org/ebooks/22240
The Oriental Religions in Roman Paganism,Franz Cumont,History,4652,https://www.gutenberg.org/ebooks/22213
Jeremiah : Being The Baird Lecture for 1922,George Adam Smith,History,4619,https://www.gutenberg.org/ebooks/27351
The Huguenots in France,Samuel Smiles,History,4616,https://www.gutenberg.org/ebooks/26524
Jewish Literature and Other Essays,Gustav Karpeles,History,4611,https://www.gutenberg.org/ebooks/27901
"The Influence of Sea Power Upon History, 1660-1783",A. T. Mahan,History,4578,https://www.gutenberg.org/ebooks/13529
Myths of the Cherokee,James Mooney,History,4569,https://www.gutenberg.org/ebooks/45634
Memoirs of the Jacobites of 1715 and 1745. Volume I.,Mrs. A. T. Thomson,History,4567,https://www.gutenberg.org/ebooks/20946
"A Literary History of the English People, from the Origins to the Renaissance",J. J. Jusserand,History,4548,https://www.gutenberg.org/ebooks/22049
"The Best of the World's Classics,  Restricted to prose. Volume I (of X) - Greece",Unknown / Various,History,4544,https://www.gutenberg.org/ebooks/20907
"Famous Sea Fights, from Salamis to Tsu-Shima",A. Hilliard Atteridge,History,4523,https://www.gutenberg.org/ebooks/25088
"Delineations of the Ox Tribe: The Natural History of Bulls, Bisons, and Buffaloes.",George Vasey,History,4490,https://www.gutenberg.org/ebooks/27975
Os deputados brasileiros nas Côrtes Geraes de 1821 (Portuguese),Manuel Emílio Gomes de Carvalho,History,4487,https://www.gutenberg.org/ebooks/24824
Democracy in America — Volume 2,Alexis de Tocqueville,History,4478,https://www.gutenberg.org/ebooks/816
Portugal e Brazil: emigração e colonisação (Portuguese),D. A. Gomes Pércheiro,History,4471,https://www.gutenberg.org/ebooks/27964
"Cathedrals and Cloisters of the South of France, Volume 1",Elise Whitlock Rose,History,4464,https://www.gutenberg.org/ebooks/22718
"Memoirs and Correspondence of Admiral Lord de Saumarez, Vol. I",Sir John Ross,History,4463,https://www.gutenberg.org/ebooks/26031
When Winter Comes to Main Street,Grant M. Overton,History,4448,https://www.gutenberg.org/ebooks/27116
The Two Great Retreats of History,George Grote and comte de Philippe-Paul Ségur,History,4435,https://www.gutenberg.org/ebooks/26390
A Complete Guide to Heraldry,Arthur Charles Fox-Davies,History,4434,https://www.gutenberg.org/ebooks/41617
Union and Democracy,Allen Johnson,History,4408,https://www.gutenberg.org/ebooks/22461
Two Years with the Natives in the Western Pacific,Felix Speiser,History,4408,https://www.gutenberg.org/ebooks/27578
The Varmint,Owen Johnson,History,4403,https://www.gutenberg.org/ebooks/25272
Daniel Boone: The Pioneer of Kentucky,John S. C. Abbott,History,4397,https://www.gutenberg.org/ebooks/23798
The Evolution of Modern Capitalism: A Study of Machine Production,J. A. Hobson,History,4390,https://www.gutenberg.org/ebooks/28284
The Story of the Heavens,Robert S. Ball,History,4382,https://www.gutenberg.org/ebooks/27378
"Evolution, Old & New",Samuel Butler,History,4381,https://www.gutenberg.org/ebooks/23427
The Last of the Mohicans: A Narrative of 1757,James Fenimore Cooper,History,4370,https://www.gutenberg.org/ebooks/27681
"The Birth of Yugoslavia, Volume 2",Henry Baerlein,History,4367,https://www.gutenberg.org/ebooks/24781
India and the Indians,Edward Fenton Elwin,History,4366,https://www.gutenberg.org/ebooks/27886
The Clansman: An Historical Romance of the Ku Klux Klan,Jr. Thomas Dixon,History,4363,https://www.gutenberg.org/ebooks/26240
"History of the English People, Volume V",John Richard Green,History,4359,https://www.gutenberg.org/ebooks/23642
The Book of the National Parks,Robert Sterling Yard,History,4346,https://www.gutenberg.org/ebooks/27513
"Doctrina Christiana (Spanish) (Tagalog)",Unknown / Various,History,4341,https://www.gutenberg.org/ebooks/16119
"The Case of Wagner, Nietzsche Contra Wagner, and Selected Aphorisms.",Friedrich Wilhelm Nietzsche,History,4341,https://www.gutenberg.org/ebooks/25012
Fenimore Cooper's Literary Offences,Mark Twain,History,4318,https://www.gutenberg.org/ebooks/3172
"Three years in the Sixth Corps :  A concise narrative of events in the Army of the Potomac, from 1861 to the close of the rebellion, April, 1865",George T. Stevens,History,4304,https://www.gutenberg.org/ebooks/21976
My Mark Twain,William Dean Howells,History,4303,https://www.gutenberg.org/ebooks/22450
By Conduct and Courage: A Story of the Days of Nelson,G. A. Henty,History,4302,https://www.gutenberg.org/ebooks/28357
"Historia de la literatura y del arte dramático en España, tomo II (Spanish)",Adolf Friedrich von Schack,History,4301,https://www.gutenberg.org/ebooks/25988
"The Life of George Washington, Vol. 1",John Marshall,History,4298,https://www.gutenberg.org/ebooks/18591
My Studio Neighbors,W. Hamilton Gibson,History,4291,https://www.gutenberg.org/ebooks/22165
The Blue Fairy Book,Andrew Lang,History,4285,https://www.gutenberg.org/ebooks/503
The Chronicles of a Gay Gordon,J. M. Gordon,History,4278,https://www.gutenberg.org/ebooks/27362
A Vindication of the Rights of Woman,Mary Wollstonecraft,History,4274,https://www.gutenberg.org/ebooks/26590
Studies in Literature and History,Sir Alfred C. Lyall,History,4269,https://www.gutenberg.org/ebooks/25937
"Campaigns of a Non-Combatant, and His Romaunt Abroad During the War",George Alfred Townsend,History,4265,https://www.gutenberg.org/ebooks/23340
An African Adventure,Isaac Frederick Marcosson,History,4258,https://www.gutenberg.org/ebooks/25569
Notre-Dame de Paris - Tome 1 (French),Victor Hugo,History,4254,https://www.gutenberg.org/ebooks/70891
Histoire de France 1724-1759 (Volume 18/19) (French),Jules Michelet,History,4250,https://www.gutenberg.org/ebooks/26859
"Lives of the Most Eminent Painters Sculptors and Architects, Vol. 03 (of 10)",Giorgio Vasari,History,4248,https://www.gutenberg.org/ebooks/26860
Bede's Ecclesiastical History of England,Saint the Venerable Bede,History,4227,https://www.gutenberg.org/ebooks/38326
"Impressions of America During the Years 1833, 1834 and 1835. Volume 2 (of 2)",Tyrone Power,History,4224,https://www.gutenberg.org/ebooks/23284
Change in the Village,George Sturt,History,4222,https://www.gutenberg.org/ebooks/27518
Napoleon (Dutch),Herman Théodore Chappuis,History,4219,https://www.gutenberg.org/ebooks/27883
The Flourishing of Romance and the Rise of Allegory,George Saintsbury,History,4196,https://www.gutenberg.org/ebooks/21600
L'art roman dans le Sud-Manche: Album (French),Marie Lebert,History,4194,https://www.gutenberg.org/ebooks/33250
三國志演義 (Chinese),Guanzhong Luo,History,4187,https://www.gutenberg.org/ebooks/23950
The Sceptical Chymist,Robert Boyle,History,4184,https://www.gutenberg.org/ebooks/22914
The Outline of History: Being a Plain History of Life and Mankind,H. G. Wells,History,4184,https://www.gutenberg.org/ebooks/45368
Babylonians and Assyrians :  Life and customs,A. H. Sayce,History,4167,https://www.gutenberg.org/ebooks/25080
"Mémoires de Hector Berlioz (French)",Hector Berlioz,History,4159,https://www.gutenberg.org/ebooks/26370
"The Roman Traitor, Vol. 1",Henry William Herbert,History,4157,https://www.gutenberg.org/ebooks/25092
"Heimskringla; Or, The Chronicle of the Kings of Norway",Snorri Sturluson,History,4156,https://www.gutenberg.org/ebooks/598
Romance of Roman Villas (The Renaissance),Elizabeth W. Champney,History,4149,https://www.gutenberg.org/ebooks/27766
"Beatrice d'Este, Duchess of Milan, 1475-1497",Julia Cartwright,History,4136,https://www.gutenberg.org/ebooks/25622
"Thomas Davis, selections from his prose and poetry",Thomas Davis,History,4131,https://www.gutenberg.org/ebooks/21210
Standish of Standish: A Story of the Pilgrims,Jane G. Austin,History,4123,https://www.gutenberg.org/ebooks/22052
"Pilgrimage from the Alps to the Tiber :  or, The influence of Romanism on trade, justice, and knowledge",J. A. Wylie,History,4099,https://www.gutenberg.org/ebooks/28294
"Critical, Historical, and Miscellaneous Essays; Vol. 1",Baron Thomas Babington Macaulay Macaulay,History,4096,https://www.gutenberg.org/ebooks/55901
"The Writings of James Russell Lowell in Prose and Poetry, Volume V",James Russell Lowell,History,4087,https://www.gutenberg.org/ebooks/22609
"Lives of the Most Eminent Painters Sculptors and Architects, Vol. 02 (of 10)",Giorgio Vasari,History,4083,https://www.gutenberg.org/ebooks/25759
池北偶談 (Chinese),Shizhen Wang,History,4071,https://www.gutenberg.org/ebooks/25162
An Occurrence at Owl Creek Bridge,Ambrose Bierce,History,4054,https://www.gutenberg.org/ebooks/375
"Thrilling Narratives of Mutiny, Murder and Piracy",Anonymous,History,4054,https://www.gutenberg.org/ebooks/25982
History of the Comstock Patent Medicine Business and Dr. Morse's Indian Root Pills,Robert B. Shaw,History,4052,https://www.gutenberg.org/ebooks/13397
Ancient law :  its connection to the history of early society,Sir Henry Sumner Maine,History,4046,https://www.gutenberg.org/ebooks/22910
"Royal Edinburgh: Her Saints, Kings, Prophets and Poets",Mrs. Oliphant,History,4045,https://www.gutenberg.org/ebooks/25701
Aspects of the novel,E. M. Forster,History,4040,https://www.gutenberg.org/ebooks/70492
My Reminiscences of the Anglo-Boer War,Ben J. Viljoen,History,4035,https://www.gutenberg.org/ebooks/25049
"Experiences of a Dug-out, 1914-1918",Sir C. E. Callwell,History,4029,https://www.gutenberg.org/ebooks/21833
The Children's Book of London,G. E. Mitton,History,4024,https://www.gutenberg.org/ebooks/25804
Red-tape and pigeon-hole generals :  as seen from the ranks during a campaign in the Army of the Potomac,"William Hepburn Armstrong, Henry Morford, and Jacob G. Frick",History,4019,https://www.gutenberg.org/ebooks/23565
"Impressions of America During the Years 1833, 1834 and 1835. Volume 1 (of 2)",Tyrone Power,History,4006,https://www.gutenberg.org/ebooks/22796
"Lincoln's Birthday :  a comprehensive view of Lincoln as given in the most noteworthy essays, orations and poems, in fiction and in Lincoln's own writings",Unknown / Various,History,4001,https://www.gutenberg.org/ebooks/21267
"Plutarch's Lives, Volume 1 (of 4)",Plutarch,History,3962,https://www.gutenberg.org/ebooks/14033
"The History of England, from the Accession of",Baron Thomas Babington Macaulay Macaulay,History,3958,https://www.gutenberg.org/ebooks/20275
Discourses on the First Decade of Titus Livius,Niccolò Machiavelli,History,3957,https://www.gutenberg.org/ebooks/10827
Little Men,Louisa May Alcott,History,3956,https://www.gutenberg.org/ebooks/22787
"The English Utilitarians, Volume 2 (of 3)",Leslie Stephen,History,3936,https://www.gutenberg.org/ebooks/25788
Richard I,Jacob Abbott,History,3921,https://www.gutenberg.org/ebooks/26939
"The Life of George Washington, Vol. 2",John Marshall,History,3918,https://www.gutenberg.org/ebooks/18592
The Red Record,Ida B. Wells-Barnett,History,3914,https://www.gutenberg.org/ebooks/14977
Experiments and Considerations Touching Colours (1664),Robert Boyle,History,3913,https://www.gutenberg.org/ebooks/14504
"The Great Events by Famous Historians, Volume 11",Unknown / Various,History,3911,https://www.gutenberg.org/ebooks/25821
"Little Journeys to the Homes of the Great, Volume 7",Elbert Hubbard,History,3898,https://www.gutenberg.org/ebooks/23761
"Old Fort Snelling, 1819-1858",Marcus Lee Hansen,History,3891,https://www.gutenberg.org/ebooks/22719
Coronation Anecdotes,Giles Gossip,History,3887,https://www.gutenberg.org/ebooks/27589
"A Little Girl of Long Ago; Or, Hannah Ann",Amanda M. Douglas,History,3876,https://www.gutenberg.org/ebooks/23781
Fifteen Chapters of Autobiography,George William Erskine Russell,History,3874,https://www.gutenberg.org/ebooks/21624
The Travels of Marco Polo — Volume 2,Marco Polo and da Pisa Rusticiano,History,3861,https://www.gutenberg.org/ebooks/12410
Forty-Five Years of Digitizing Ebooks: Project Gutenberg's Practices,Gregory B. Newby,History,3861,https://www.gutenberg.org/ebooks/60600
Famous Privateersmen and Adventurers of the Sea,Charles H. L. Johnston,History,3858,https://www.gutenberg.org/ebooks/26960
"Captain Canot; Or, Twenty Years of an African Slaver",Brantz Mayer and Theodore Canot,History,3851,https://www.gutenberg.org/ebooks/23034
Three Thousand Years of Mental Healing,George Barton Cutten,History,3844,https://www.gutenberg.org/ebooks/23101
Principles of Political Economy,John Stuart Mill,History,3844,https://www.gutenberg.org/ebooks/30107
A New Guide for Emigrants to the West,John Mason Peck,History,3839,https://www.gutenberg.org/ebooks/27394
Daemonologie.,King of England James I,History,3835,https://www.gutenberg.org/ebooks/25929
"The decline of the West, Volume 1 :  Form and actuality",Oswald Spengler,History,3820,https://www.gutenberg.org/ebooks/72344
Zoölogische Philosophie (Dutch),Jean Baptiste Pierre Antoine de Monet de Lamarck,History,3802,https://www.gutenberg.org/ebooks/27664
Rip Van Winkle,Washington Irving,History,3802,https://www.gutenberg.org/ebooks/60976
"Ancient America, in Notes on American Archaeology",John D. Baldwin,History,3771,https://www.gutenberg.org/ebooks/26382
The regent's daughter,Alexandre Dumas and Auguste Maquet,History,3769,https://www.gutenberg.org/ebooks/27384
In Doublet and Hose: A Story for Girls,Lucy Foster Madison,History,3765,https://www.gutenberg.org/ebooks/28037
Anne's House of Dreams,L. M. Montgomery,History,3752,https://www.gutenberg.org/ebooks/544
Soldan's Geschichte der Hexenprozesse. Zweiter Band (German),Wilhelm Gottlieb Soldan,History,3752,https://www.gutenberg.org/ebooks/25048
Beginnings of the American People,Carl L. Becker,History,3748,https://www.gutenberg.org/ebooks/21501
"The Standard Oratorios: Their Stories, Their Music, And Their Composers",George P. Upton,History,3735,https://www.gutenberg.org/ebooks/22793
Roman Society from Nero to Marcus Aurelius,Samuel Dill,History,3728,https://www.gutenberg.org/ebooks/34122
"The Histories of Polybius, Vol. 1 (of 2)",Polybius,History,3727,https://www.gutenberg.org/ebooks/44125
"Memoirs of the Private Life, Return, and Reign of Napoleon in 1815, Vol. I",baron Pierre Alexandre Édouard Fleury de Chaboulon,History,3725,https://www.gutenberg.org/ebooks/22345
Facts About Champagne and Other Sparkling Wines,Henry Vizetelly,History,3723,https://www.gutenberg.org/ebooks/20889
Impressions of a War Correspondent,George Lynch,History,3720,https://www.gutenberg.org/ebooks/21661
Punicorum Libri Septemdecim (Latin),Tiberius Catius Silius Italicus,History,3716,https://www.gutenberg.org/ebooks/27672
"The Trial of Charles Random de Berenger, Sir Thomas Cochrane, commonly called Lord Cochrane, the Hon. Andrew Cochrane Johnstone, Richard Gathorne Butt, Ralph Sandom, Alexander M'Rae, John Peter Holloway, and Henry Lyte for A Conspiracy",Unknown / Various,History,3716,https://www.gutenberg.org/ebooks/21027
Myths and Marvels of Astronomy,Richard A. Proctor,History,3710,https://www.gutenberg.org/ebooks/26556
"Eene Egyptische Koningsdochter (Dutch)",Georg Ebers,History,3702,https://www.gutenberg.org/ebooks/28120
A Critical Exposition of the Popular 'Jihád',Cherágh Ali,History,3700,https://www.gutenberg.org/ebooks/20927
The Second Battalion Royal Dublin Fusiliers in the South African War,Cecil Francis Romer and Arthur Edward Mainwaring,History,3698,https://www.gutenberg.org/ebooks/25618
"John Splendid: The Tale of a Poor Gentleman, and the Little Wars of Lorn",Neil Munro,History,3697,https://www.gutenberg.org/ebooks/22321
An Introduction to the Industrial and Social History of England,Edward Potts Cheyney,History,3696,https://www.gutenberg.org/ebooks/21660
"On the Portraits of English Authors on Gardening,",Samuel Felton,History,3690,https://www.gutenberg.org/ebooks/25773
The Gulf and Inland Waters,A. T. Mahan,History,3685,https://www.gutenberg.org/ebooks/21562
"Historic Tales: The Romance of Reality. Vol. 10 (of 15), Greek",Charles Morris,History,3684,https://www.gutenberg.org/ebooks/25642
"Sketches of the Fair Sex, in All Parts of the World.",Anonymous,History,3668,https://www.gutenberg.org/ebooks/26117
Heidi,Johanna Spyri,History,3664,https://www.gutenberg.org/ebooks/20271
"Rufus and Rose; Or, The Fortunes of Rough and Ready",Jr. Horatio Alger,History,3659,https://www.gutenberg.org/ebooks/25967
Aventures d'un Gentilhomme Breton aux îles Philippines (French),Paul P. de La Gironière,History,3655,https://www.gutenberg.org/ebooks/21804
An Eagle Flight: A Filipino Novel Adapted from Noli Me Tangere,José Rizal,History,3649,https://www.gutenberg.org/ebooks/27594
The Fables of Aesop,Aesop,History,3636,https://www.gutenberg.org/ebooks/28
Lectures on the French Revolution,Baron John Emerich Edward Dalberg Acton Acton,History,3634,https://www.gutenberg.org/ebooks/27488
"The Philippine Islands, 1493-1898, Volume 33, 1519-1522",Antonio Pigafetta,History,3632,https://www.gutenberg.org/ebooks/42884
Peter the Great,Jacob Abbott,History,3630,https://www.gutenberg.org/ebooks/26300
"A general history of the pyrates :  from their first rise and settlement in the island of Providence, to the present time",active 1724-1731 Charles Johnson,History,3619,https://www.gutenberg.org/ebooks/40580
A Portrait of Old George Town,Grace Dunlop Peter,History,3611,https://www.gutenberg.org/ebooks/27716
Puck of Pook's Hill,Rudyard Kipling,History,3607,https://www.gutenberg.org/ebooks/26027
"Il Comento alla Divina Commedia, e gli altri scritti intorno a Dante, vol. 1 (Italian)",Giovanni Boccaccio,History,3606,https://www.gutenberg.org/ebooks/21424
隨園詩話 (Chinese),Mei Yuan,History,3606,https://www.gutenberg.org/ebooks/52206
Barnaby Rudge,Charles Dickens,History,3604,https://www.gutenberg.org/ebooks/9732
"Chips from a German Workshop, Volume 5",F. Max Müller,History,3604,https://www.gutenberg.org/ebooks/27810
"The Letters of Cicero, Volume 1",Marcus Tullius Cicero,History,3598,https://www.gutenberg.org/ebooks/21200
Dante: His Times and His Work,Arthur John Butler,History,3593,https://www.gutenberg.org/ebooks/27999
History of Education,Levi Seeley,History,3593,https://www.gutenberg.org/ebooks/27963
The Facts About Shakespeare,William Allan Neilson and Ashley Horace Thorndike,History,3573,https://www.gutenberg.org/ebooks/22281
"The Stars and Stripes, Vol. 1, No. 1, February 8, 1918",United States. Army. American Expeditionary Forces,History,3570,https://www.gutenberg.org/ebooks/25085
"The Danish History, Books I-IX",Grammaticus Saxo,History,3570,https://www.gutenberg.org/ebooks/1150
"The Philippine Islands, 1493-1898 — Volume 07 of 55",Unknown / Various,History,3564,https://www.gutenberg.org/ebooks/13701
Morals and Dogma of the Ancient and Accepted Scottish Rite of Freemasonry,Albert Pike,History,3527,https://www.gutenberg.org/ebooks/19447
"The history of magic :  including a clear and precise exposition of its procedure, its rites and its mysteries",Éliphas Lévi,History,3526,https://www.gutenberg.org/ebooks/70033
Andersonville: A Story of Rebel Military Prisons,John McElroy,History,3513,https://www.gutenberg.org/ebooks/3072
"On Heroes, Hero-Worship, and the Heroic in History",Thomas Carlyle,History,3512,https://www.gutenberg.org/ebooks/1091
"A History of the French Novel, Vol. 1",George Saintsbury,History,3510,https://www.gutenberg.org/ebooks/26838
"Story of the War in South Africa, 1899-1900",A. T. Mahan,History,3508,https://www.gutenberg.org/ebooks/20987
"The Natural History of Pliny, Volume 2 (of 6)",the Elder Pliny,History,3506,https://www.gutenberg.org/ebooks/60230
The Autobiography of Benjamin Franklin,Benjamin Franklin,History,3505,https://www.gutenberg.org/ebooks/148
"The Martyrs of Science, or, The lives of Galileo, Tycho Brahe, and Kepler",David Brewster,History,3483,https://www.gutenberg.org/ebooks/25992
The Notebooks of Leonardo Da Vinci — Complete,da Vinci Leonardo,Science & Tech,36457,https://www.gutenberg.org/ebooks/5000
The Republic of Plato,Plato,Science & Tech,33629,https://www.gutenberg.org/ebooks/55201
Cicero's Tusculan Disputations,Marcus Tullius Cicero,Science & Tech,31304,https://www.gutenberg.org/ebooks/14988
The Sailor's Word-Book,W. H. Smyth,Science & Tech,29705,https://www.gutenberg.org/ebooks/26000
Letters of Asa Gray; Vol. 2,Asa Gray,Science & Tech,29336,https://www.gutenberg.org/ebooks/55987
The life-eater,Harold Ward,Science & Tech,27374,https://www.gutenberg.org/ebooks/76539
Nieuw Utopia (Dutch),Bernard Alexander Canter,Science & Tech,27342,https://www.gutenberg.org/ebooks/76346
Ikuinen rakastaja (Finnish),Edgar Rice Burroughs,Science & Tech,27311,https://www.gutenberg.org/ebooks/76334
Tuhatvuotinen valtakunta :  Nelinäytöksinen näytelmä Upton Sinclairin romaanin mukaan (Finnish),Upton Sinclair and Heikki Välisalmi,Science & Tech,27303,https://www.gutenberg.org/ebooks/76543
Karl Grier :  The strange story of a man with a sixth sense,Louis Tracy,Science & Tech,27294,https://www.gutenberg.org/ebooks/76603
The world below,S. Fowler Wright,Science & Tech,27285,https://www.gutenberg.org/ebooks/76352
The strange transfiguration of Hannah Stubbs,Florence Marryat,Science & Tech,27284,https://www.gutenberg.org/ebooks/76579
"The corsair; or, the little fairy at the bottom of the sea :  A new Christmas burlesque and pantomime, founded upon the ballet of ""Le corsair""",William Brough,Science & Tech,27162,https://www.gutenberg.org/ebooks/76960
Ihmisten kapina :  Kolminäytöksinen draama (Finnish),Lauri Haarla,Science & Tech,27130,https://www.gutenberg.org/ebooks/77009
The man who saved New York,Ray Cummings,Science & Tech,27065,https://www.gutenberg.org/ebooks/76899
Murder mask,Edgar Daniel Kramer,Science & Tech,27050,https://www.gutenberg.org/ebooks/76592
The 2006 CIA World Factbook,United States. Central Intelligence Agency,Science & Tech,17565,https://www.gutenberg.org/ebooks/27509
The Republic,Plato,Science & Tech,16983,https://www.gutenberg.org/ebooks/1497
Color Images from Mars Rovers,Bob Webster,Science & Tech,16362,https://www.gutenberg.org/ebooks/12082
The Time Machine,H. G. Wells,Science & Tech,15771,https://www.gutenberg.org/ebooks/35
The 2003 CIA World Factbook,United States. Central Intelligence Agency,Science & Tech,15163,https://www.gutenberg.org/ebooks/27558
On the Origin of Species By Means of Natural Selection,Charles Darwin,Science & Tech,14824,https://www.gutenberg.org/ebooks/1228
The war of the worlds,H. G. Wells,Science & Tech,12582,https://www.gutenberg.org/ebooks/36
Carmilla,Joseph Sheridan Le Fanu,Science & Tech,11358,https://www.gutenberg.org/ebooks/10007
"A System of Logic, Ratiocinative and Inductive",John Stuart Mill,Science & Tech,9810,https://www.gutenberg.org/ebooks/27942
西遊記 (Chinese),Cheng'en Wu,Science & Tech,8153,https://www.gutenberg.org/ebooks/23962
"Studies of American Fungi. Mushrooms, Edible, Poisonous, etc.",George Francis Atkinson,Science & Tech,7825,https://www.gutenberg.org/ebooks/26492
A Journey to the Center of the Earth,Jules Verne,Science & Tech,7415,https://www.gutenberg.org/ebooks/19513
"The elements of bacteriological technique :  a laboratory guide for medical, dental, and technical students",J. W. H. Eyre,Science & Tech,7066,https://www.gutenberg.org/ebooks/27713
Vegetable Teratology,Maxwell T. Masters,Science & Tech,6822,https://www.gutenberg.org/ebooks/23354
"A Budget of Paradoxes, Volume I",Augustus De Morgan,Science & Tech,6569,https://www.gutenberg.org/ebooks/23100
Explanation of Terms Used in Entomology,John Bernhard Smith,Science & Tech,6537,https://www.gutenberg.org/ebooks/22748
Gorgias,Plato,Science & Tech,6510,https://www.gutenberg.org/ebooks/1672
On the Trail of the Space Pirates,Carey Rockwell,Science & Tech,6179,https://www.gutenberg.org/ebooks/21092
The Invisible Man: A Grotesque Romance,H. G. Wells,Science & Tech,6075,https://www.gutenberg.org/ebooks/5230
"The Theories of Darwin and Their Relation to Philosophy, Religion, and Morality",Rudolf Schmid,Science & Tech,6043,https://www.gutenberg.org/ebooks/22150
"A Budget of Paradoxes, Volume II",Augustus De Morgan,Science & Tech,6027,https://www.gutenberg.org/ebooks/26408
The Science of Getting Rich,W. D. Wattles,Science & Tech,5996,https://www.gutenberg.org/ebooks/59844
Searchlights on Health: Light on Dark Corners,B. G. Jefferis and J. L. Nichols,Science & Tech,5661,https://www.gutenberg.org/ebooks/23609
Dorothy and the Wizard in Oz,L. Frank Baum,Science & Tech,5652,https://www.gutenberg.org/ebooks/22566
From the Earth to the Moon,Jules Verne,Science & Tech,5630,https://www.gutenberg.org/ebooks/28918
"Dictionary of Quotations from Ancient and Modern, English and Foreign Sources",Rev. James Wood,Science & Tech,5339,https://www.gutenberg.org/ebooks/48105
The social contract & discourses,Jean-Jacques Rousseau,Science & Tech,5317,https://www.gutenberg.org/ebooks/46333
Elements of Agricultural Chemistry,Thomas Anderson,Science & Tech,5285,https://www.gutenberg.org/ebooks/24931
The Napoleon of Notting Hill,G. K. Chesterton,Science & Tech,5212,https://www.gutenberg.org/ebooks/20058
"Étude Médico-Légale: Psychopathia Sexualis (French)",R. von Krafft-Ebing,Science & Tech,5208,https://www.gutenberg.org/ebooks/24766
Die seltsamen Geschichten des Doktor Ulebuhle (German),Bruno Hans Bürgel,Science & Tech,5136,https://www.gutenberg.org/ebooks/63460
Wealth of the World's Waste Places and Oceania,Jewett C. Gilson,Science & Tech,4973,https://www.gutenberg.org/ebooks/23546
The island of Doctor Moreau,H. G. Wells,Science & Tech,4943,https://www.gutenberg.org/ebooks/159
"The Variation of Animals and Plants Under Domestication, Vol. I.",Charles Darwin,Science & Tech,4882,https://www.gutenberg.org/ebooks/24923
"A System of Logic, Ratiocinative and Inductive (Vol. 1 of 2)",John Stuart Mill,Science & Tech,4870,https://www.gutenberg.org/ebooks/26495
"Wagner, the Wehr-Wolf",George W. M. Reynolds,Science & Tech,4854,https://www.gutenberg.org/ebooks/27202
The Vampyre; a Tale,John William Polidori,Science & Tech,4812,https://www.gutenberg.org/ebooks/6087
The Girl in the Golden Atom,Ray Cummings,Science & Tech,4774,https://www.gutenberg.org/ebooks/21094
Mysticism and Logic and Other Essays,Bertrand Russell,Science & Tech,4756,https://www.gutenberg.org/ebooks/25447
Anthem,Ayn Rand,Science & Tech,4743,https://www.gutenberg.org/ebooks/1250
Manures and the principles of manuring,Charles Morton Aikman,Science & Tech,4694,https://www.gutenberg.org/ebooks/27274
We,Evgenii Ivanovich Zamiatin,Science & Tech,4688,https://www.gutenberg.org/ebooks/61963
Astronomy for Amateurs,Camille Flammarion,Science & Tech,4629,https://www.gutenberg.org/ebooks/25267
"Himmelsvolk: Ein Buch von Blumen, Tieren und Gott (German)",Waldemar Bonsels,Science & Tech,4535,https://www.gutenberg.org/ebooks/27220
Tales of Space and Time,H. G. Wells,Science & Tech,4533,https://www.gutenberg.org/ebooks/27365
Laws,Plato,Science & Tech,4507,https://www.gutenberg.org/ebooks/1750
An Elementary Study of Chemistry,William McPherson and William Edwards Henderson,Science & Tech,4501,https://www.gutenberg.org/ebooks/20848
The Medicinal Plants of the Philippines,T. H. Pardo de Tavera,Science & Tech,4493,https://www.gutenberg.org/ebooks/26393
The island of Dr. Moreau,H. G. Wells,Science & Tech,4451,https://www.gutenberg.org/ebooks/28840
韓湘子全傳 (Chinese),active 17th century Erzeng Yang,Science & Tech,4424,https://www.gutenberg.org/ebooks/24231
鏡花緣 (Chinese),Ruzhen Li,Science & Tech,4296,https://www.gutenberg.org/ebooks/25377
Med Luftskib til Mars: Fantastisk Fremtidsfortælling (Danish),Niels Meyn and August Klingsey,Science & Tech,4286,https://www.gutenberg.org/ebooks/66058
Flatland: A Romance of Many Dimensions,Edwin Abbott Abbott,Science & Tech,4219,https://www.gutenberg.org/ebooks/201
The Practice and Science of Drawing,Harold Speed,Science & Tech,4207,https://www.gutenberg.org/ebooks/14264
Farm drainage,Henry F. French,Science & Tech,4111,https://www.gutenberg.org/ebooks/23435
The Life of Reason: The Phases of Human Progress,George Santayana,Science & Tech,4088,https://www.gutenberg.org/ebooks/15000
Contributions to the Theory of Natural Selection,Alfred Russel Wallace,Science & Tech,4046,https://www.gutenberg.org/ebooks/22428
Natural Law in the Spiritual World,Henry Drummond,Science & Tech,3974,https://www.gutenberg.org/ebooks/23334
"The Talking Horse, and Other Tales",F. Anstey,Science & Tech,3958,https://www.gutenberg.org/ebooks/27284
The Master Key,L. Frank Baum,Science & Tech,3940,https://www.gutenberg.org/ebooks/21526
The Economic Aspect of Geology,C. K. Leith,Science & Tech,3878,https://www.gutenberg.org/ebooks/27842
Rinkitink in Oz,L. Frank Baum,Science & Tech,3857,https://www.gutenberg.org/ebooks/25581
"Darwin, and After Darwin, Volumes 1 and 3",George John Romanes,Science & Tech,3783,https://www.gutenberg.org/ebooks/24800
Mysteries of Bee-keeping Explained,M. Quinby,Science & Tech,3780,https://www.gutenberg.org/ebooks/25185
The Fall of the House of Usher,Edgar Allan Poe,Science & Tech,3695,https://www.gutenberg.org/ebooks/932
To Mars via the Moon: An Astronomical Story,Mark Wicks,Science & Tech,3676,https://www.gutenberg.org/ebooks/27633
The Dyeing of Cotton Fabrics: A Practical Handbook for the Dyer and Student,Franklin Beech,Science & Tech,3669,https://www.gutenberg.org/ebooks/21224
Tom Swift and His Giant Telescope,Victor Appleton,Science & Tech,3648,https://www.gutenberg.org/ebooks/21188
The Magic World,E. Nesbit,Science & Tech,3638,https://www.gutenberg.org/ebooks/27903
"Opticks :  or, A treatise of the reflections, refractions, inflections and colours of light",Isaac Newton,Science & Tech,3633,https://www.gutenberg.org/ebooks/33504
Introduction to the Science of Sociology,Robert Ezra Park and E. W. Burgess,Science & Tech,3606,https://www.gutenberg.org/ebooks/28496
The Thing from the Lake,Eleanor M. Ingram,Science & Tech,3551,https://www.gutenberg.org/ebooks/23738
The Advancement of Learning,Francis Bacon,Science & Tech,3481,https://www.gutenberg.org/ebooks/5500
The Voyage of the Beagle,Charles Darwin,Science & Tech,3475,https://www.gutenberg.org/ebooks/944
My Shipmate—Columbus,Stephen Marlowe,Science & Tech,3443,https://www.gutenberg.org/ebooks/27019
Rautakorko: Vallankumousromaani (Finnish),Jack London,Science & Tech,3432,https://www.gutenberg.org/ebooks/24848
R.U.R. (Rossum's Universal Robots),Karel Čapek,Science & Tech,3420,https://www.gutenberg.org/ebooks/59112
"The Country of the Blind, and Other Stories",H. G. Wells,Science & Tech,3373,https://www.gutenberg.org/ebooks/11870
Philosophiae Naturalis Principia Mathematica (Latin),Isaac Newton,Science & Tech,3367,https://www.gutenberg.org/ebooks/28233
Esprit des lois (French),baron de Charles de Secondat Montesquieu,Science & Tech,3337,https://www.gutenberg.org/ebooks/27573
The Astronomy of Milton's 'Paradise Lost',Thomas Nathaniel Orchard,Science & Tech,3325,https://www.gutenberg.org/ebooks/28434
The Panchronicon,Harold Steele MacKaye,Science & Tech,3319,https://www.gutenberg.org/ebooks/27682
Sun Tzŭ on the Art of War: The Oldest Military Treatise in the World,active 6th century B.C. Sunzi,Science & Tech,3302,https://www.gutenberg.org/ebooks/66706
"Novum organum :  or, True suggestions for the interpretation of nature",Francis Bacon,Science & Tech,3260,https://www.gutenberg.org/ebooks/45988
Insects and Diseases,Rennie Wilbur Doane,Science & Tech,3239,https://www.gutenberg.org/ebooks/28177
2 B R 0 2 B,Kurt Vonnegut,Science & Tech,3239,https://www.gutenberg.org/ebooks/21279
Heretics,G. K. Chesterton,Science & Tech,3228,https://www.gutenberg.org/ebooks/470
The Book of the Damned,Charles Fort,Science & Tech,3213,https://www.gutenberg.org/ebooks/22472
War of the Worlds,H. G. Wells,Science & Tech,3213,https://www.gutenberg.org/ebooks/26290
Goethe's Theory of Colours,Johann Wolfgang von Goethe,Science & Tech,3202,https://www.gutenberg.org/ebooks/50572
"The symbolism of Freemasonry :  Illustrating and explaining its science and philosophy, its legends, myths and symbols",Albert Gallatin Mackey,Science & Tech,3191,https://www.gutenberg.org/ebooks/11937
Northern Nut Growers Association Incorporated 39th Annual Report,Unknown / Various,Science & Tech,3179,https://www.gutenberg.org/ebooks/25583
"The book of wonders :  gives plain and simple answers to the thousands of everyday questions that are asked and which all should be able to, but cannot answer...",Unknown / Various,Science & Tech,3168,https://www.gutenberg.org/ebooks/75948
The Toilers of the Field,Richard Jefferies,Science & Tech,3139,https://www.gutenberg.org/ebooks/27516
Night of the living dead,George A. Romero,Science & Tech,3130,https://www.gutenberg.org/ebooks/23053
The Willows,Algernon Blackwood,Science & Tech,3054,https://www.gutenberg.org/ebooks/11438
Crops and Methods for Soil Improvement,Alva Agee,Science & Tech,3048,https://www.gutenberg.org/ebooks/23682
The Road to Oz,L. Frank Baum,Science & Tech,3048,https://www.gutenberg.org/ebooks/26624
"The Descent of Man, and Selection in Relation to Sex",Charles Darwin,Science & Tech,3039,https://www.gutenberg.org/ebooks/2300
The Marvelous Land of Oz,L. Frank Baum,Science & Tech,3035,https://www.gutenberg.org/ebooks/54
Pharaoh's Broker,Ellsworth Douglass,Science & Tech,3029,https://www.gutenberg.org/ebooks/25295
The Last Man,Mary Wollstonecraft Shelley,Science & Tech,3014,https://www.gutenberg.org/ebooks/18247
Micro-Man,Forrest J. Ackerman,Science & Tech,2990,https://www.gutenberg.org/ebooks/32579
"Machiavelli, Volume I",Niccolò Machiavelli,Science & Tech,2985,https://www.gutenberg.org/ebooks/15772
The Mystery of the Green Ray,William Le Queux,Science & Tech,2984,https://www.gutenberg.org/ebooks/26637
"A History of Magic and Experimental Science, Volume 1 (of 2)",Lynn Thorndike,Science & Tech,2974,https://www.gutenberg.org/ebooks/67792
A Study of Recent Earthquakes,Charles Davison,Science & Tech,2966,https://www.gutenberg.org/ebooks/25062
Birds of the Rockies,Leander S. Keyser,Science & Tech,2961,https://www.gutenberg.org/ebooks/25973
The Frozen Pirate,William Clark Russell,Science & Tech,2958,https://www.gutenberg.org/ebooks/22215
The House of the Wolfings,William Morris,Science & Tech,2955,https://www.gutenberg.org/ebooks/2885
Chapters in Rural Progress,Kenyon L. Butterfield,Science & Tech,2948,https://www.gutenberg.org/ebooks/26975
The Foundations of the Origin of Species,Charles Darwin,Science & Tech,2924,https://www.gutenberg.org/ebooks/22728
"The Works of the Right Honourable Edmund Burke, Vol. 01 (of 12)",Edmund Burke,Science & Tech,2913,https://www.gutenberg.org/ebooks/15043
Dracula's Guest,Bram Stoker,Science & Tech,2911,https://www.gutenberg.org/ebooks/10150
"The eternal moment, and other stories",E. M. Forster,Science & Tech,2908,https://www.gutenberg.org/ebooks/72890
Niels Klim's journey under the ground,Ludvig Holberg,Science & Tech,2899,https://www.gutenberg.org/ebooks/27884
Tales of Fantasy and Fact,Brander Matthews,Science & Tech,2898,https://www.gutenberg.org/ebooks/23678
Phantastes: A Faerie Romance for Men and Women,George MacDonald,Science & Tech,2887,https://www.gutenberg.org/ebooks/325
"De Re Metallica, Translated from the First Latin Edition of 1556",Georg Agricola,Science & Tech,2886,https://www.gutenberg.org/ebooks/38015
"The Works of the Right Honourable Edmund Burke, Vol. 03 (of 12)",Edmund Burke,Science & Tech,2884,https://www.gutenberg.org/ebooks/15679
The 2010 CIA World Factbook,United States. Central Intelligence Agency,Science & Tech,2878,https://www.gutenberg.org/ebooks/35830
Rootabaga Stories,Carl Sandburg,Science & Tech,2874,https://www.gutenberg.org/ebooks/27085
New Atlantis,Francis Bacon,Science & Tech,2863,https://www.gutenberg.org/ebooks/2434
"Sir Jagadis Chunder Bose, His Life and Speeches",Jagadis Chandra Bose,Science & Tech,2850,https://www.gutenberg.org/ebooks/22085
"The Secret Doctrine, Vol. 2 of 4",H. P. Blavatsky,Science & Tech,2830,https://www.gutenberg.org/ebooks/54488
Adventures in Toyland; What the Marionette Told Molly,Edith King Hall,Science & Tech,2820,https://www.gutenberg.org/ebooks/23523
Die Philippinen und ihre Bewohner (German),C. Semper,Science & Tech,2801,https://www.gutenberg.org/ebooks/24820
The Book of Dragons,E. Nesbit,Science & Tech,2798,https://www.gutenberg.org/ebooks/23661
Health on the Farm: A Manual of Rural Sanitation and Hygiene,H. F. Harris,Science & Tech,2792,https://www.gutenberg.org/ebooks/26718
Little Mr. Thimblefinger and His Queer Country,Joel Chandler Harris,Science & Tech,2775,https://www.gutenberg.org/ebooks/23869
The Expression of the Emotions in Man and Animals,Charles Darwin,Science & Tech,2769,https://www.gutenberg.org/ebooks/1227
"The Man That Corrupted Hadleyburg, and Other Stories",Mark Twain,Science & Tech,2764,https://www.gutenberg.org/ebooks/3251
Legacy,James H. Schmitz,Science & Tech,2755,https://www.gutenberg.org/ebooks/21510
The Princess and the Goblin,George MacDonald,Science & Tech,2754,https://www.gutenberg.org/ebooks/708
"The Secret Doctrine, Vol. 1 of 4",H. P. Blavatsky,Science & Tech,2737,https://www.gutenberg.org/ebooks/54824
The Status Civilization,Robert Sheckley,Science & Tech,2723,https://www.gutenberg.org/ebooks/20919
Badge of Infamy,Lester Del Rey,Science & Tech,2712,https://www.gutenberg.org/ebooks/21439
Makers of British Botany; a collection of biographies by living botanists,Unknown / Various,Science & Tech,2707,https://www.gutenberg.org/ebooks/46415
The Stock-Feeder's Manual,Sir Charles Alexander Cameron,Science & Tech,2705,https://www.gutenberg.org/ebooks/25520
An Elementary Study of Insects,Leonard Haseman,Science & Tech,2696,https://www.gutenberg.org/ebooks/23434
The Stolen Bacillus and Other Incidents,H. G. Wells,Science & Tech,2689,https://www.gutenberg.org/ebooks/12750
American Weasels,E. Raymond Hall,Science & Tech,2667,https://www.gutenberg.org/ebooks/43272
More Science from an Easy Chair,Sir E. Ray Lankester,Science & Tech,2644,https://www.gutenberg.org/ebooks/27015
Relativity: The Special and General Theory,Albert Einstein,Science & Tech,2642,https://www.gutenberg.org/ebooks/30155
"Isis unveiled, Volume 1 (of 2), Science :  A master-key to mysteries of ancient and modern science and theology",H. P. Blavatsky,Science & Tech,2615,https://www.gutenberg.org/ebooks/68705
Northern Nut Growers Association Report of the Proceedings at the Thirty-Seventh  Annual Report,Unknown / Various,Science & Tech,2613,https://www.gutenberg.org/ebooks/25831
On Growth and Form,D'Arcy Wentworth Thompson,Science & Tech,2613,https://www.gutenberg.org/ebooks/55264
The Cauliflower,A. A. Crozier,Science & Tech,2611,https://www.gutenberg.org/ebooks/27862
"Da terra à lua, viagem directa em 97 horas e 20 minutos (Portuguese)",Jules Verne,Science & Tech,2596,https://www.gutenberg.org/ebooks/28341
Of Natural and Supernatural Things,Basilius Valentinus,Science & Tech,2590,https://www.gutenberg.org/ebooks/26340
Herland,Charlotte Perkins Gilman,Science & Tech,2576,https://www.gutenberg.org/ebooks/32
The Fire People,Ray Cummings,Science & Tech,2568,https://www.gutenberg.org/ebooks/25780
Famous Modern Ghost Stories,Unknown / Various,Science & Tech,2566,https://www.gutenberg.org/ebooks/15143
The Defiant Agents,Andre Norton,Science & Tech,2559,https://www.gutenberg.org/ebooks/25550
"A brother to dragons, and other old-time tales",Amélie Rives,Science & Tech,2548,https://www.gutenberg.org/ebooks/26356
The Doomsman,Van Tassel Sutphen,Science & Tech,2546,https://www.gutenberg.org/ebooks/27730
The Cat in Grandfather's House,Carl Henry Grabo,Science & Tech,2537,https://www.gutenberg.org/ebooks/23737
David and the Phoenix,Edward Ormondroyd,Science & Tech,2506,https://www.gutenberg.org/ebooks/27922
Alice's Adventures Under Ground,Lewis Carroll,Science & Tech,2490,https://www.gutenberg.org/ebooks/19002
Eight Keys to Eden,Mark Clifton,Science & Tech,2465,https://www.gutenberg.org/ebooks/27595
"The Life and Adventures of Peter Wilkins, Volume 1 (of 2)",Robert Paltock,Science & Tech,2460,https://www.gutenberg.org/ebooks/21513
"The Secret Doctrine, Vol. 3 of 4",H. P. Blavatsky,Science & Tech,2432,https://www.gutenberg.org/ebooks/56880
A Military Dictionary and Gazetteer,Thomas Wilhelm,Science & Tech,2420,https://www.gutenberg.org/ebooks/59563
The World Peril of 1910,George Chetwynd Griffith,Science & Tech,2404,https://www.gutenberg.org/ebooks/24764
The House of Souls,Arthur Machen,Science & Tech,2387,https://www.gutenberg.org/ebooks/25016
A Color Notation,A. H. Munsell,Science & Tech,2376,https://www.gutenberg.org/ebooks/26054
"Dick, Marjorie and Fidge: A Search for the Wonderful Dodo",G. E. Farrow,Science & Tech,2375,https://www.gutenberg.org/ebooks/23541
The head hunters,Frederik Pohl and Joseph Samachson,Science & Tech,2362,https://www.gutenberg.org/ebooks/79166
A Plea for the Criminal,James Leslie Allan Kayll,Science & Tech,2355,https://www.gutenberg.org/ebooks/28632
The 2009 CIA World Factbook,United States. Central Intelligence Agency,Science & Tech,2352,https://www.gutenberg.org/ebooks/35829
The Singing Mouse Stories,Emerson Hough,Science & Tech,2321,https://www.gutenberg.org/ebooks/21004
Herbal Simples Approved for Modern Uses of Cure,William Thomas Fernie,Science & Tech,2319,https://www.gutenberg.org/ebooks/19352
El Mar (Spanish),Jules Michelet,Science & Tech,2318,https://www.gutenberg.org/ebooks/26284
The Essays of Arthur Schopenhauer; On Human Nature,Arthur Schopenhauer,Science & Tech,2315,https://www.gutenberg.org/ebooks/10739
"Varney the vampyre; or, the feast of blood",Thomas Peckett Prest and James Malcolm Rymer,Science & Tech,2313,https://www.gutenberg.org/ebooks/14833
"The Foundations of Science: Science and Hypothesis, The Value of Science, Science and Method",Henri Poincaré,Science & Tech,2306,https://www.gutenberg.org/ebooks/39713
"Notes on Nursing: What It Is, and What It Is Not",Florence Nightingale,Science & Tech,2288,https://www.gutenberg.org/ebooks/17366
Space Platform,Murray Leinster,Science & Tech,2250,https://www.gutenberg.org/ebooks/25051
The English Husbandman,Gervase Markham,Science & Tech,2243,https://www.gutenberg.org/ebooks/22973
The handbook of soap manufacture,W. H. Simmons and H. A. Appleton,Science & Tech,2228,https://www.gutenberg.org/ebooks/21724
Agricultural Implements and Machines in the Collection of the National Museum of History and Technology,John T. Schlebecker,Science & Tech,2216,https://www.gutenberg.org/ebooks/27327
Lucian's True History,of Samosata Lucian,Science & Tech,2209,https://www.gutenberg.org/ebooks/45858
The 1990 CIA World Factbook,United States. Central Intelligence Agency,Science & Tech,2202,https://www.gutenberg.org/ebooks/14
"L'isthme de Panama (French)",Michel Chevalier,Science & Tech,2200,https://www.gutenberg.org/ebooks/26515
The Pleasures of Life,Sir John Lubbock,Science & Tech,2182,https://www.gutenberg.org/ebooks/7952
The Key to Theosophy,H. P. Blavatsky,Science & Tech,2179,https://www.gutenberg.org/ebooks/55618
De Reis naar de Maan in 28 dagen en 12 uren (Dutch),Jules Verne,Science & Tech,2177,https://www.gutenberg.org/ebooks/27309
Starman's Quest,Robert Silverberg,Science & Tech,2177,https://www.gutenberg.org/ebooks/27444
"Outlines of Dairy Bacteriology, 8th edition",H. L. Russell,Science & Tech,2160,https://www.gutenberg.org/ebooks/27778
Northern Nut Growers Association Report of the Proceedings at the 44th Annual Meeting,Unknown / Various,Science & Tech,2149,https://www.gutenberg.org/ebooks/25703
Northern Nut Growers Association Report of the Proceedings at the 43rd Annual Meeting,Unknown / Various,Science & Tech,2124,https://www.gutenberg.org/ebooks/25935
Death between the stars,Marion Zimmer Bradley,Science & Tech,2102,https://www.gutenberg.org/ebooks/79243
The public and its problems,John Dewey,Science & Tech,2098,https://www.gutenberg.org/ebooks/71000
Hunters Out of Space,Joseph E. Kelleam,Science & Tech,2096,https://www.gutenberg.org/ebooks/25270
The World Set Free,H. G. Wells,Science & Tech,2092,https://www.gutenberg.org/ebooks/1059
Lilith: A Romance,George MacDonald,Science & Tech,2082,https://www.gutenberg.org/ebooks/1640
Diggers in the Earth,Eva March Tappan,Science & Tech,2082,https://www.gutenberg.org/ebooks/24762
Key to palmistry,Louis Williams,Science & Tech,2077,https://www.gutenberg.org/ebooks/79203
Space Prison,Tom Godwin,Science & Tech,2075,https://www.gutenberg.org/ebooks/22549
"The Writings of Thomas Paine, Complete",Thomas Paine,Science & Tech,2074,https://www.gutenberg.org/ebooks/31270
Evolution in Modern Thought,Unknown / Various,Science & Tech,2073,https://www.gutenberg.org/ebooks/22430
Peat and its Uses as Fertilizer and Fuel,Samuel W. Johnson,Science & Tech,2072,https://www.gutenberg.org/ebooks/26142
Physical science in the time of Nero :  being a translation of the Quaestiones naturales of Seneca,Lucius Annaeus Seneca,Science & Tech,2070,https://www.gutenberg.org/ebooks/76392
Second Variety,Philip K. Dick,Science & Tech,2069,https://www.gutenberg.org/ebooks/32032
Cavity-Nesting Birds of North American Forests,"Virgil E. Scott, Keith E. Evans, David R. Patton, and Charles P. Stone",Science & Tech,2064,https://www.gutenberg.org/ebooks/49172
She,H. Rider Haggard,Science & Tech,2060,https://www.gutenberg.org/ebooks/3155
The Boy Volunteers with the Submarine Fleet,Kenneth Ward,Science & Tech,2055,https://www.gutenberg.org/ebooks/27674
Alaeddin und die Wunderlampe (German),Curt Moreck,Science & Tech,2052,https://www.gutenberg.org/ebooks/22413
Statesman,Plato,Science & Tech,2044,https://www.gutenberg.org/ebooks/1738
Visionen und andere phantastische Erzählungen (German),Ivan Sergeevich Turgenev,Science & Tech,2041,https://www.gutenberg.org/ebooks/36349
Village Improvements and Farm Villages,George E. Waring,Science & Tech,2037,https://www.gutenberg.org/ebooks/26801
"The Eugenic Marriage, Volume 4 (of 4)",W. Grant Hague,Science & Tech,2037,https://www.gutenberg.org/ebooks/21418
"Hypolympia; Or, The Gods in the Island, an Ironic Fantasy",Edmund Gosse,Science & Tech,2034,https://www.gutenberg.org/ebooks/28270
Science in the Kitchen,E. E. Kellogg,Science & Tech,2021,https://www.gutenberg.org/ebooks/12238
The Journal of a Disappointed Man,W. N. P. Barbellion,Science & Tech,2020,https://www.gutenberg.org/ebooks/39585
The Supernatural in Modern English Fiction,Dorothy Scarborough,Science & Tech,2012,https://www.gutenberg.org/ebooks/47204
Reports of Trials for Murder by Poisoning;,G. Lathom Browne and active 19th century C. G. Stewart,Science & Tech,2008,https://www.gutenberg.org/ebooks/50636
"The Natural History of Pliny, Volume 4 (of 6)",the Elder Pliny,Science & Tech,2004,https://www.gutenberg.org/ebooks/61113
"A History of Magic and Experimental Science, Volume 2 (of 2)",Lynn Thorndike,Science & Tech,2001,https://www.gutenberg.org/ebooks/67330
The 2007 CIA World Factbook,United States. Central Intelligence Agency,Science & Tech,1999,https://www.gutenberg.org/ebooks/27348
The Wonder,J. D. Beresford,Science & Tech,1986,https://www.gutenberg.org/ebooks/27188
A Discourse of a Method for the Well Guiding of Reason,René Descartes,Science & Tech,1979,https://www.gutenberg.org/ebooks/25830
The Ball and the Cross,G. K. Chesterton,Science & Tech,1974,https://www.gutenberg.org/ebooks/5265
"Great short stories, Volume 1 (of 3) :  Detective stories",Unknown / Various,Science & Tech,1971,https://www.gutenberg.org/ebooks/74548
The 2001 CIA World Factbook,United States. Central Intelligence Agency,Science & Tech,1970,https://www.gutenberg.org/ebooks/27638
The iron heel,Jack London,Science & Tech,1961,https://www.gutenberg.org/ebooks/1164
The Evolution of Man,Ernst Haeckel,Science & Tech,1957,https://www.gutenberg.org/ebooks/8700
Mizora: A Prophecy,Mary E. Bradley Lane,Science & Tech,1956,https://www.gutenberg.org/ebooks/24750
Harvard Classics Volume 28,Unknown / Various,Science & Tech,1955,https://www.gutenberg.org/ebooks/21962
The republic of Cicero,Marcus Tullius Cicero,Science & Tech,1955,https://www.gutenberg.org/ebooks/54161
Spacehounds of IPC,E. E. Smith,Science & Tech,1954,https://www.gutenberg.org/ebooks/20857
Can Such Things Be?,Ambrose Bierce,Science & Tech,1942,https://www.gutenberg.org/ebooks/4366
An Outline of Occult Science,Rudolf Steiner,Science & Tech,1937,https://www.gutenberg.org/ebooks/30718
Hans Andersen's Fairy Tales,H. C. Andersen,Science & Tech,1922,https://www.gutenberg.org/ebooks/66688
The Well at the World's End: A Tale,William Morris,Science & Tech,1916,https://www.gutenberg.org/ebooks/169
The Officer's Manual: Napoleon's Maxims of War,Emperor of the French Napoleon I,Science & Tech,1911,https://www.gutenberg.org/ebooks/50750
"The Eugenic Marriage, Volume 2 (of 4)",W. Grant Hague,Science & Tech,1904,https://www.gutenberg.org/ebooks/24854
Little Brother,Cory Doctorow,Science & Tech,1904,https://www.gutenberg.org/ebooks/30142
"Looking Backward, 2000 to 1887",Edward Bellamy,Science & Tech,1903,https://www.gutenberg.org/ebooks/624
Discours de la méthode (French),René Descartes,Science & Tech,1893,https://www.gutenberg.org/ebooks/13846
Ozma of Oz,L. Frank Baum,Science & Tech,1882,https://www.gutenberg.org/ebooks/33361
Northern Nut Growers Association Thirty-Fourth Annual Report 1943,Unknown / Various,Science & Tech,1876,https://www.gutenberg.org/ebooks/22587
Pagan Passions,Randall Garrett and Laurence M. Janifer,Science & Tech,1874,https://www.gutenberg.org/ebooks/22767
The 2004 CIA World Factbook,United States. Central Intelligence Agency,Science & Tech,1872,https://www.gutenberg.org/ebooks/27559
The Writings of Thomas Paine — Volume 2 (1779-1792): The Rights of Man,Thomas Paine,Science & Tech,1872,https://www.gutenberg.org/ebooks/3742
"Poisons, Their Effects and Detection",Alexander Wynter Blyth,Science & Tech,1867,https://www.gutenberg.org/ebooks/42709
Aristotle's History of Animals,Aristotle,Science & Tech,1862,https://www.gutenberg.org/ebooks/59058
At the Back of the North Wind,George MacDonald,Science & Tech,1857,https://www.gutenberg.org/ebooks/225
平妖傳 (Chinese),Guanzhong Luo and Menglong Feng,Science & Tech,1856,https://www.gutenberg.org/ebooks/57227
A Discourse Upon the Origin and the Foundation of the Inequality Among Mankind,Jean-Jacques Rousseau,Science & Tech,1853,https://www.gutenberg.org/ebooks/11136
The political novel,Joseph Blotner,Science & Tech,1850,https://www.gutenberg.org/ebooks/68060
How to analyze people on sight through the science of human analysis :  the five human types,Elsie Lincoln Benedict and Ralph Paine Benedict,Science & Tech,1847,https://www.gutenberg.org/ebooks/30601
"A military dictionary :  or, Explanation of the several systems of discipline of different kinds of troops, infantry, artillery, and cavalry: the principles of fortification, and all the modern improvements in the science of tactics: comprising the pocket gunner, or little bombardier, the military regulations of the United States: the weights, measures,  and monies of all nations: the technical terms and phrases of the art of war in the  French language: particularly adapted to the use of the military institutions of the United States",William Duane,Science & Tech,1847,https://www.gutenberg.org/ebooks/74739
"Researches on Cellulose, 1895-1900",C. F. Cross and E. J. Bevan,Science & Tech,1846,https://www.gutenberg.org/ebooks/22620
Macchiavellis Buch vom Fürsten (German),Niccolò Machiavelli,Science & Tech,1845,https://www.gutenberg.org/ebooks/39816
"Experimental Researches in Electricity, Volume 1",Michael Faraday,Science & Tech,1841,https://www.gutenberg.org/ebooks/14986
The Public Domain: Enclosing the Commons of the Mind,James Boyle,Science & Tech,1841,https://www.gutenberg.org/ebooks/27526
Public enemy,Kendell Foster Crossen,Science & Tech,1840,https://www.gutenberg.org/ebooks/79265
Adaptation,Mack Reynolds,Science & Tech,1824,https://www.gutenberg.org/ebooks/24749
The Hyborian Age,Robert E. Howard,Science & Tech,1820,https://www.gutenberg.org/ebooks/42182
"The Cultivation of The Native Grape, and Manufacture of American Wines",George Husmann,Science & Tech,1816,https://www.gutenberg.org/ebooks/20917
Five Children and It,E. Nesbit,Science & Tech,1815,https://www.gutenberg.org/ebooks/17314
The 1991 CIA World Factbook,United States. Central Intelligence Agency,Science & Tech,1813,https://www.gutenberg.org/ebooks/25
"The Door in the Wall, and Other Stories",H. G. Wells,Science & Tech,1809,https://www.gutenberg.org/ebooks/456
Selections from the Speeches and Writings of Edmund Burke,Edmund Burke,Science & Tech,1804,https://www.gutenberg.org/ebooks/3286
The Chemical History of a Candle,Michael Faraday,Science & Tech,1792,https://www.gutenberg.org/ebooks/14474
"The works of the highly experienced and famous chymist, John Rudolph Glauber :  containing, great variety of choice secrets in medicine and alchymy in the working of metallick mines, and the separation of metals: also, various cheap and easie ways of making salt-petre, and improving of barren-land, and the fruits of the earth.",Johann Rudolf Glauber,Science & Tech,1790,https://www.gutenberg.org/ebooks/74240
Greener Than You Think,Ward Moore,Science & Tech,1786,https://www.gutenberg.org/ebooks/24246
Warlord of Kor,Terry Carr,Science & Tech,1784,https://www.gutenberg.org/ebooks/23715
The Romance of Mathematics,P. H. Ditchfield,Science & Tech,1782,https://www.gutenberg.org/ebooks/26481
The shadow over Innsmouth,H. P. Lovecraft,Science & Tech,1776,https://www.gutenberg.org/ebooks/73181
Man And His Ancestor: A Study In Evolution,Charles Morris,Science & Tech,1773,https://www.gutenberg.org/ebooks/28471
The Night Land,William Hope Hodgson,Science & Tech,1772,https://www.gutenberg.org/ebooks/10662
A Book for All Readers,Ainsworth Rand Spofford,Science & Tech,1768,https://www.gutenberg.org/ebooks/22608
The Coming Race,Baron Edward Bulwer Lytton Lytton,Science & Tech,1767,https://www.gutenberg.org/ebooks/1951
Micrographia,Robert Hooke,Science & Tech,1764,https://www.gutenberg.org/ebooks/15491
"News from Nowhere; Or, An Epoch of Rest",William Morris,Science & Tech,1764,https://www.gutenberg.org/ebooks/3261
Davy and the Goblin,Charles E. Carryl,Science & Tech,1762,https://www.gutenberg.org/ebooks/25031
Peter Pan in Kensington Gardens,J. M. Barrie,Science & Tech,1758,https://www.gutenberg.org/ebooks/26998
The Emerald City of Oz,L. Frank Baum,Science & Tech,1757,https://www.gutenberg.org/ebooks/41667
Islands of Space,Jr. John W. Campbell,Science & Tech,1755,https://www.gutenberg.org/ebooks/20988
Northern Nut Growers Association Report of the Proceedings at the Twenty-Fifth Annual Meeting,Unknown / Various,Science & Tech,1752,https://www.gutenberg.org/ebooks/20903
Replace the horse,Laurence M. Janifer,Science & Tech,1746,https://www.gutenberg.org/ebooks/79141
Rollo's Experiments,Jacob Abbott,Science & Tech,1738,https://www.gutenberg.org/ebooks/24993
The World of Flying Saucers: A Scientific Examination of a Major Myth of the Space Age,Donald H. Menzel and Lyle Gifford Boyd,Science & Tech,1736,https://www.gutenberg.org/ebooks/66639
Prince Prigio,Andrew Lang,Science & Tech,1732,https://www.gutenberg.org/ebooks/21935
Five Sci-Fi Short Stories,H. Beam Piper,Science & Tech,1728,https://www.gutenberg.org/ebooks/26461
"20,000 Leagues under the Sea",Jules Verne,Science & Tech,1728,https://www.gutenberg.org/ebooks/6538
The Story-book of Science,Jean-Henri Fabre,Science & Tech,1725,https://www.gutenberg.org/ebooks/56795
The Glow-Worm and Other Beetles,Jean-Henri Fabre,Science & Tech,1722,https://www.gutenberg.org/ebooks/27868
The Animal Parasites of Man,"Harold Benjamin Fantham, J. W. W. Stephens, Fred. V. Theobald, and Max Braun",Science & Tech,1716,https://www.gutenberg.org/ebooks/57713
A Popular History of Astronomy During the Nineteenth Century,Agnes M. Clerke,Science & Tech,1711,https://www.gutenberg.org/ebooks/28247
Voodoo Planet,Andre Norton,Science & Tech,1709,https://www.gutenberg.org/ebooks/28913
Ontario Teachers' Manuals: Nature Study,Ontario. Department of Education,Science & Tech,1708,https://www.gutenberg.org/ebooks/26139
One Hundred Proofs That the Earth Is Not a Globe,William Carpenter,Science & Tech,1707,https://www.gutenberg.org/ebooks/55387
The King of Elfland's Daughter,Lord Dunsany,Science & Tech,1707,https://www.gutenberg.org/ebooks/61077
Lectures on the Science of Language,F. Max Müller,Science & Tech,1705,https://www.gutenberg.org/ebooks/32856
The Marching Morons,C. M. Kornbluth,Science & Tech,1703,https://www.gutenberg.org/ebooks/51233
Vestiges of the Natural History of Creation,Robert Chambers,Science & Tech,1700,https://www.gutenberg.org/ebooks/7116
"Bidwell's Travels, from Wall Street to London Prison: Fifteen Years in Solitude",Austin Bidwell,Mystery & Detective,94142,https://www.gutenberg.org/ebooks/24739
Library of the World's Best Mystery and Detective Stories,Unknown / Various,Mystery & Detective,66442,https://www.gutenberg.org/ebooks/12758
Tales of Terror and Mystery,Arthur Conan Doyle,Mystery & Detective,66013,https://www.gutenberg.org/ebooks/537
Washington Confidential,Jack Lait and Lee Mortimer,Mystery & Detective,65927,https://www.gutenberg.org/ebooks/63469
By Advice of Counsel,Arthur Cheney Train,Mystery & Detective,65586,https://www.gutenberg.org/ebooks/11987
Ghost Stories of an Antiquary,M. R. James,Mystery & Detective,65441,https://www.gutenberg.org/ebooks/8486
The Empty House and Other Ghost Stories,Algernon Blackwood,Mystery & Detective,65299,https://www.gutenberg.org/ebooks/14471
"The Phantom 'Rickshaw, and Other Ghost Stories",Rudyard Kipling,Mystery & Detective,65032,https://www.gutenberg.org/ebooks/2806
Minute Mysteries [Detectograms],H. A. Ripley,Mystery & Detective,64664,https://www.gutenberg.org/ebooks/50603
The Czar's Spy: The Mystery of a Silent Love,William Le Queux,Mystery & Detective,64659,https://www.gutenberg.org/ebooks/10102
The Damned Thing,Ambrose Bierce,Mystery & Detective,63338,https://www.gutenberg.org/ebooks/23172
"A Woman at Bay; Or, A Fiend in Skirts",Nicholas Carter,Mystery & Detective,31325,https://www.gutenberg.org/ebooks/26704
The mysterious Mr. Quin,Agatha Christie,Mystery & Detective,29511,https://www.gutenberg.org/ebooks/78084
Lord Lister No. 0333: De liefde van een bokser (Dutch),"Kurt Matull, Felix Hageman, and Theo von Blankensee",Mystery & Detective,27735,https://www.gutenberg.org/ebooks/76765
Ruhtinatar Aurore :  (»Königsmark») (Finnish),Pierre Benoît,Mystery & Detective,27387,https://www.gutenberg.org/ebooks/76501
Sergeant Dick of the Royal Mounted Police :  A thrilling story of the Canadian woods,John G. Rowe,Mystery & Detective,27386,https://www.gutenberg.org/ebooks/76621
The mystery of Angelina Frood,R. Austin Freeman,Mystery & Detective,27378,https://www.gutenberg.org/ebooks/76072
"The double dagger :  or, Nat Ridley's Mexican trail",Nat Ridley,Mystery & Detective,27372,https://www.gutenberg.org/ebooks/75909
Cursed be the treasure,H. B. Drake,Mystery & Detective,27371,https://www.gutenberg.org/ebooks/75790
False face,Ernest Haycox,Mystery & Detective,27371,https://www.gutenberg.org/ebooks/76931
The mark of the monster,Jack Williamson,Mystery & Detective,27354,https://www.gutenberg.org/ebooks/76131
Wanted—?,Eugene Cunningham,Mystery & Detective,27318,https://www.gutenberg.org/ebooks/76804
"Slighted love :  or, At her heart's expense",Mrs. Alex. McVeigh Miller,Mystery & Detective,27316,https://www.gutenberg.org/ebooks/76413
"The strange house :  or, A moment's mistake",Catharine Shaw,Mystery & Detective,27316,https://www.gutenberg.org/ebooks/76759
One jump ahead,Ray Humphreys,Mystery & Detective,27311,https://www.gutenberg.org/ebooks/76082
Room 13,Edgar Wallace,Mystery & Detective,27287,https://www.gutenberg.org/ebooks/76168
Hänen viimeinen tervehdyksensä :  Muutamia muistelmia Sherlock Holmesista (Finnish),Arthur Conan Doyle,Mystery & Detective,27285,https://www.gutenberg.org/ebooks/76520
The mystery of the missing eyebrows,Stephen Rudd,Mystery & Detective,27266,https://www.gutenberg.org/ebooks/76914
Murder in the Gilded Cage,Samuel Spewack,Mystery & Detective,27252,https://www.gutenberg.org/ebooks/77069
La marque des quatre (French),Arthur Conan Doyle,Mystery & Detective,27245,https://www.gutenberg.org/ebooks/76433
The seventh shot :  A detective story,Herman Landon,Mystery & Detective,27215,https://www.gutenberg.org/ebooks/76659
Lord Lister No. 0032: De blauwe dood (Dutch),Kurt Matull and Theo von Blankensee,Mystery & Detective,27198,https://www.gutenberg.org/ebooks/76186
The Copper House :  A detective story,Julius Regis,Mystery & Detective,27182,https://www.gutenberg.org/ebooks/76903
The smear,John Beames,Mystery & Detective,27175,https://www.gutenberg.org/ebooks/75855
L'esca del pecat (Catalan),M. Figuerola Aldroféu,Mystery & Detective,27160,https://www.gutenberg.org/ebooks/76140
The Arctic legions,A. De Herries Smith,Mystery & Detective,27138,https://www.gutenberg.org/ebooks/76834
Missing men,Vincent Starrett,Mystery & Detective,27121,https://www.gutenberg.org/ebooks/76476
His brother's keeper,W. C. Tuttle,Mystery & Detective,27118,https://www.gutenberg.org/ebooks/76208
The Corbin necklace,Henry Kitchell Webster,Mystery & Detective,27111,https://www.gutenberg.org/ebooks/76546
Markiisittaren rikos (Finnish),E. T. A. Hoffmann,Mystery & Detective,27104,https://www.gutenberg.org/ebooks/75789
Lord Lister No. 0033: De Alarmkreet (Dutch),Kurt Matull and Theo von Blankensee,Mystery & Detective,27095,https://www.gutenberg.org/ebooks/76761
Lord Lister No. 0334: Onder de goudzoekers (Dutch),"Kurt Matull, Felix Hageman, and Theo von Blankensee",Mystery & Detective,27017,https://www.gutenberg.org/ebooks/76865
Musta helmi (Finnish),Victorien Sardou,Mystery & Detective,26991,https://www.gutenberg.org/ebooks/76923
Blue eyes and diamonds,Lemuel De Bra,Mystery & Detective,26987,https://www.gutenberg.org/ebooks/76713
Four square Jane,Edgar Wallace,Mystery & Detective,26981,https://www.gutenberg.org/ebooks/75808
"Ei niin salattua, ettei ilmi tulisi :  Tositapahtumiin perustuva kertomus (Finnish)",Anonymous,Mystery & Detective,26923,https://www.gutenberg.org/ebooks/76381
Lord Lister No. 0126: Het politieraadsel (Dutch),Kurt Matull and Theo von Blankensee,Mystery & Detective,26895,https://www.gutenberg.org/ebooks/76187
"The Two Magics: The Turn of the Screw, Covering End",Henry James,Mystery & Detective,13617,https://www.gutenberg.org/ebooks/42486
The Middle Temple Murder,J. S. Fletcher,Mystery & Detective,6652,https://www.gutenberg.org/ebooks/26468
"Esoteric Christianity, or The Lesser Mysteries",Annie Besant,Mystery & Detective,6591,https://www.gutenberg.org/ebooks/26938
Murder at Bridge,Anne Austin,Mystery & Detective,6321,https://www.gutenberg.org/ebooks/23078
"Anderson Crow, Detective",George Barr McCutcheon,Mystery & Detective,5736,https://www.gutenberg.org/ebooks/28229
Fantômas,Pierre Souvestre and Marcel Allain,Mystery & Detective,5713,https://www.gutenberg.org/ebooks/27794
The Paradise Mystery,J. S. Fletcher,Mystery & Detective,5373,https://www.gutenberg.org/ebooks/26587
"Madeline Payne, the Detective's Daughter",Lawrence L. Lynch,Mystery & Detective,5016,https://www.gutenberg.org/ebooks/26482
The Grell Mystery,Frank Froest,Mystery & Detective,4298,https://www.gutenberg.org/ebooks/22173
The Diamond Coterie,Lawrence L. Lynch,Mystery & Detective,4149,https://www.gutenberg.org/ebooks/25695
The Green Rust,Edgar Wallace,Mystery & Detective,4051,https://www.gutenberg.org/ebooks/24929
Crooked Trails and Straight,William MacLeod Raine,Mystery & Detective,4016,https://www.gutenberg.org/ebooks/26911
The Clue of the Twisted Candle,Edgar Wallace,Mystery & Detective,3935,https://www.gutenberg.org/ebooks/28839
The Bishop's Secret,Fergus Hume,Mystery & Detective,3895,https://www.gutenberg.org/ebooks/23474
Oswald Langdon,Levi Jackson Hamilton,Mystery & Detective,3858,https://www.gutenberg.org/ebooks/22221
The Four-Pools Mystery,Jean Webster,Mystery & Detective,3767,https://www.gutenberg.org/ebooks/21264
The accomplisht cook,Robert May,Mystery & Detective,3726,https://www.gutenberg.org/ebooks/22790
Der Fall Vukobrankovics (German),Ernst Weiss,Mystery & Detective,3669,https://www.gutenberg.org/ebooks/66604
Frank Merriwell's Bravery,Burt L. Standish,Mystery & Detective,3631,https://www.gutenberg.org/ebooks/22571
In the Mayor's Parlour,J. S. Fletcher,Mystery & Detective,3612,https://www.gutenberg.org/ebooks/25424
The Seven Secrets,William Le Queux,Mystery & Detective,3530,https://www.gutenberg.org/ebooks/27549
The Slave of Silence,Fred M. White,Mystery & Detective,3517,https://www.gutenberg.org/ebooks/27395
The Wonder Book of Knowledge,Unknown / Various,Mystery & Detective,3463,https://www.gutenberg.org/ebooks/41111
The Stretton Street Affair,William Le Queux,Mystery & Detective,3452,https://www.gutenberg.org/ebooks/27147
"Ruth Fielding on the St. Lawrence; Or, The Queer Old Man of the Thousand Islands",Alice B. Emerson,Mystery & Detective,3446,https://www.gutenberg.org/ebooks/25802
"The Rover Boys Under Canvas; Or, The Mystery of the Wrecked Submarine",Edward Stratemeyer,Mystery & Detective,3445,https://www.gutenberg.org/ebooks/23286
The Big Bow Mystery,Israel Zangwill,Mystery & Detective,3440,https://www.gutenberg.org/ebooks/28164
"The Banner Boy Scouts on a Tour; or, The Mystery of Rattlesnake Mountain",George A. Warren,Mystery & Detective,3430,https://www.gutenberg.org/ebooks/20985
Godfrey Morgan: A Californian Mystery,Jules Verne,Mystery & Detective,3427,https://www.gutenberg.org/ebooks/23489
Seven Miles to Arden,Ruth Sawyer,Mystery & Detective,3419,https://www.gutenberg.org/ebooks/28271
The Opal Serpent,Fergus Hume,Mystery & Detective,3367,https://www.gutenberg.org/ebooks/24769
The Silver Butterfly,Mrs. Wilson Woodrow,Mystery & Detective,3338,https://www.gutenberg.org/ebooks/25820
The Motor Pirate,G. Sidney Paternoster,Mystery & Detective,3312,https://www.gutenberg.org/ebooks/26657
The Crooked House,Brandon Fleming,Mystery & Detective,3294,https://www.gutenberg.org/ebooks/22820
Barnaby Rudge: A Tale of the Riots of 'Eighty,Charles Dickens,Mystery & Detective,3293,https://www.gutenberg.org/ebooks/917
The Escape of Mr. Trimm,Irvin S. Cobb,Mystery & Detective,3292,https://www.gutenberg.org/ebooks/24799
"The Man Who was Thursday, A Nightmare",G. K. Chesterton,Mystery & Detective,3237,https://www.gutenberg.org/ebooks/23723
The Girl and the Bill,Bannister Merwin,Mystery & Detective,3190,https://www.gutenberg.org/ebooks/25799
Ravensdene Court,J. S. Fletcher,Mystery & Detective,3179,https://www.gutenberg.org/ebooks/26324
That Affair Next Door,Anna Katharine Green,Mystery & Detective,3160,https://www.gutenberg.org/ebooks/21617
The Herapath Property,J. S. Fletcher,Mystery & Detective,2930,https://www.gutenberg.org/ebooks/25388
Tremendous Trifles,G. K. Chesterton,Mystery & Detective,2910,https://www.gutenberg.org/ebooks/8092
In Her Own Right,John Reed Scott,Mystery & Detective,2900,https://www.gutenberg.org/ebooks/27454
The Man Who Knew,Edgar Wallace,Mystery & Detective,2869,https://www.gutenberg.org/ebooks/24933
The Double Four,E. Phillips Oppenheim,Mystery & Detective,2854,https://www.gutenberg.org/ebooks/28091
Hidden Gold,Wilder Anthony,Mystery & Detective,2840,https://www.gutenberg.org/ebooks/25043
The New Tenant,E. Phillips Oppenheim,Mystery & Detective,2814,https://www.gutenberg.org/ebooks/27998
Panther Eye,Roy J. Snell,Mystery & Detective,2810,https://www.gutenberg.org/ebooks/26372
"Boy Scouts in the North Sea; Or, The Mystery of a Sub",G. Harvey Ralphson,Mystery & Detective,2810,https://www.gutenberg.org/ebooks/25798
The Dragon's Secret,Augusta Huiell Seaman,Mystery & Detective,2789,https://www.gutenberg.org/ebooks/25770
A Master of Mysteries,L. T. Meade and Robert Eustace,Mystery & Detective,2780,https://www.gutenberg.org/ebooks/22278
The Launch Boys' Adventures in Northern Waters,Edward Sylvester Ellis,Mystery & Detective,2717,https://www.gutenberg.org/ebooks/25849
"The Motor Girls on Crystal Bay; or, The Secret of the Red Oar",Margaret Penrose,Mystery & Detective,2694,https://www.gutenberg.org/ebooks/25873
"The Mysterious Stranger, and Other Stories",Mark Twain,Mystery & Detective,2692,https://www.gutenberg.org/ebooks/3186
The Works of Edgar Allan Poe — Volume 5,Edgar Allan Poe,Mystery & Detective,2679,https://www.gutenberg.org/ebooks/2151
The Albert Gate Mystery,Louis Tracy,Mystery & Detective,2617,https://www.gutenberg.org/ebooks/23150
The Strange Case of Mortimer Fenley,Louis Tracy,Mystery & Detective,2606,https://www.gutenberg.org/ebooks/26447
"The Red Triangle: Being Some Further Chronicles of Martin Hewitt, Investigator",Arthur Morrison,Mystery & Detective,2559,https://www.gutenberg.org/ebooks/28071
The Confessions of Arsène Lupin,Maurice Leblanc,Mystery & Detective,2532,https://www.gutenberg.org/ebooks/28093
The death of a millionaire,G. D. H. Cole and Margaret Cole,Mystery & Detective,2508,https://www.gutenberg.org/ebooks/79206
The Works of Edgar Allan Poe — Volume 4,Edgar Allan Poe,Mystery & Detective,2500,https://www.gutenberg.org/ebooks/2150
"Boy Scouts in the Canal Zone; Or, The Plot Against Uncle Sam",G. Harvey Ralphson,Mystery & Detective,2494,https://www.gutenberg.org/ebooks/26540
Messengers of Evil,Pierre Souvestre and Marcel Allain,Mystery & Detective,2465,https://www.gutenberg.org/ebooks/28333
The Secret House,Edgar Wallace,Mystery & Detective,2463,https://www.gutenberg.org/ebooks/26176
The Works of Edgar Allan Poe — Volume 3,Edgar Allan Poe,Mystery & Detective,2455,https://www.gutenberg.org/ebooks/2149
Murder in the Gunroom,H. Beam Piper,Mystery & Detective,2454,https://www.gutenberg.org/ebooks/17866
"A Bid for Fortune; Or, Dr. Nikola's Vendetta",Guy Boothby,Mystery & Detective,2432,https://www.gutenberg.org/ebooks/21640
Simon,J. Storer Clouston,Mystery & Detective,2414,https://www.gutenberg.org/ebooks/26306
Masterpieces of Mystery in Four Volumes: Mystic-Humorous Stories,Unknown / Various,Mystery & Detective,2414,https://www.gutenberg.org/ebooks/23432
Masterpieces of Mystery in Four Volumes: Detective Stories,Unknown / Various,Mystery & Detective,2408,https://www.gutenberg.org/ebooks/27523
Masterpieces of Mystery in Four Volumes: Ghost Stories,Unknown / Various,Mystery & Detective,2393,https://www.gutenberg.org/ebooks/27722
The Club of Queer Trades,G. K. Chesterton,Mystery & Detective,2377,https://www.gutenberg.org/ebooks/1696
The Triumphs of Eugene Valmont,Robert Barr,Mystery & Detective,2354,https://www.gutenberg.org/ebooks/20674
The Angel of Terror,Edgar Wallace,Mystery & Detective,2352,https://www.gutenberg.org/ebooks/21530
The haunted house,Hilaire Belloc,Mystery & Detective,2330,https://www.gutenberg.org/ebooks/79269
The tin god of Twisted River,W. C. Tuttle,Mystery & Detective,2316,https://www.gutenberg.org/ebooks/79163
Tangled trails,W. C. Tuttle,Mystery & Detective,2313,https://www.gutenberg.org/ebooks/79145
"A Stable for Nightmares; or, Weird Tales",Joseph Sheridan Le Fanu and Sir Charles L. Young,Mystery & Detective,2303,https://www.gutenberg.org/ebooks/26451
A Royal Prisoner,Pierre Souvestre and Marcel Allain,Mystery & Detective,2274,https://www.gutenberg.org/ebooks/27789
The man in the dark,J. A. Ferguson,Mystery & Detective,2270,https://www.gutenberg.org/ebooks/79160
The Lure of the Mask,Harold MacGrath,Mystery & Detective,2246,https://www.gutenberg.org/ebooks/22158
"The Boy Scouts of Lenox; Or, The Hike Over Big Bear Mountain",Frank V. Webster,Mystery & Detective,2240,https://www.gutenberg.org/ebooks/21842
The Lion's Mouse,C. N. Williamson and A. M. Williamson,Mystery & Detective,2228,https://www.gutenberg.org/ebooks/21998
The Apple of Discord,Earle Ashley Walcott,Mystery & Detective,2225,https://www.gutenberg.org/ebooks/52180
Manalive,G. K. Chesterton,Mystery & Detective,2203,https://www.gutenberg.org/ebooks/1718
The Golden Wheel Dream-book and Fortune-teller,Felix Fontaine,Mystery & Detective,2197,https://www.gutenberg.org/ebooks/60045
The Golden Face: A Great 'Crook' Romance,William Le Queux,Mystery & Detective,2197,https://www.gutenberg.org/ebooks/27705
Jack O' Judgment,Edgar Wallace,Mystery & Detective,2142,https://www.gutenberg.org/ebooks/24767
彭公案 (Chinese),Tanmengdaoren,Mystery & Detective,2125,https://www.gutenberg.org/ebooks/26970
"Ruth Fielding Down East; Or, The Hermit of Beach Plum Point",Alice B. Emerson,Mystery & Detective,2103,https://www.gutenberg.org/ebooks/23116
The Upper Berth; By the Waters of Paradise,F. Marion Crawford,Mystery & Detective,2087,https://www.gutenberg.org/ebooks/22246
The Woman from Outside,Hulbert Footner,Mystery & Detective,2043,https://www.gutenberg.org/ebooks/25875
"The Rover Boys on a Hunt; or, The Mysterious House in the Woods",Edward Stratemeyer,Mystery & Detective,2025,https://www.gutenberg.org/ebooks/22012
Spare Hours,John Brown,Mystery & Detective,2005,https://www.gutenberg.org/ebooks/27153
The Man Who Knew Too Much,G. K. Chesterton,Mystery & Detective,1986,https://www.gutenberg.org/ebooks/1720
The Great K. & A. Robbery,Paul Leicester Ford,Mystery & Detective,1958,https://www.gutenberg.org/ebooks/25333
The pirate shark,Elliott Whitney,Mystery & Detective,1945,https://www.gutenberg.org/ebooks/21052
Patty's Friends,Carolyn Wells,Mystery & Detective,1934,https://www.gutenberg.org/ebooks/25847
The Flaming Jewel,Robert W. Chambers,Mystery & Detective,1904,https://www.gutenberg.org/ebooks/26651
"Nan Sherwood at Palm Beach; or, Strange adventures among the orange groves",Annie Roe Carr,Mystery & Detective,1890,https://www.gutenberg.org/ebooks/24683
Murder at the vicarage,Agatha Christie,Mystery & Detective,1884,https://www.gutenberg.org/ebooks/78220
"The Rover Boys on Snowshoe Island; or, The Old Lumberman's Treasure Box",Edward Stratemeyer,Mystery & Detective,1880,https://www.gutenberg.org/ebooks/22996
"Studies in the Scriptures, Volume 7: The Finished Mystery",C. T. Russell,Mystery & Detective,1873,https://www.gutenberg.org/ebooks/46016
The Forsaken Inn: A Novel,Anna Katharine Green,Mystery & Detective,1852,https://www.gutenberg.org/ebooks/23641
The Black Wolf Pack,Daniel Carter Beard,Mystery & Detective,1822,https://www.gutenberg.org/ebooks/22109
"Taras Bulba, and Other Tales",Nikolai Vasilevich Gogol,Mystery & Detective,1814,https://www.gutenberg.org/ebooks/1197
The Amateur Cracksman,E. W. Hornung,Mystery & Detective,1757,https://www.gutenberg.org/ebooks/20592
"Ruth Fielding and the Gypsies; Or, The Missing Pearl Necklace",Alice B. Emerson,Mystery & Detective,1707,https://www.gutenberg.org/ebooks/22743
"The moving picture boys on the coast :  or, Showing up the perils of the deep",Victor Appleton,Mystery & Detective,1704,https://www.gutenberg.org/ebooks/23677
Unterm Birnbaum (German),Theodor Fontane,Mystery & Detective,1702,https://www.gutenberg.org/ebooks/26686
Tales from Dickens,Charles Dickens and Hallie Erminie Rives,Mystery & Detective,1669,https://www.gutenberg.org/ebooks/30127
The Mark of Cain,Andrew Lang,Mystery & Detective,1656,https://www.gutenberg.org/ebooks/21821
Unwise Child,Randall Garrett,Mystery & Detective,1639,https://www.gutenberg.org/ebooks/23335
"Iamblichus on the mysteries of the Egyptians, Chaldeans, and Assyrians",Iamblichus,Mystery & Detective,1637,https://www.gutenberg.org/ebooks/72815
The story of Ivy,Marie Belloc Lowndes,Mystery & Detective,1627,https://www.gutenberg.org/ebooks/79259
The secret of the old clock,Carolyn Keene,Mystery & Detective,1621,https://www.gutenberg.org/ebooks/77924
"Ruth Fielding At College; or, The Missing Examination Papers",Alice B. Emerson,Mystery & Detective,1618,https://www.gutenberg.org/ebooks/26613
Hashknife of the Diamond H,W. C. Tuttle,Mystery & Detective,1607,https://www.gutenberg.org/ebooks/79136
The La Chance Mine Mystery,Susan Morrow Jones,Mystery & Detective,1540,https://www.gutenberg.org/ebooks/27209
The Maltese falcon,Dashiell Hammett,Mystery & Detective,1533,https://www.gutenberg.org/ebooks/77600
The Ghost Breaker: A Novel Based Upon the Play,Charles Goddard and Paul Dickey,Mystery & Detective,1525,https://www.gutenberg.org/ebooks/25781
"The Radio Boys Trailing a Voice; Or, Solving a Wireless Mystery",Allen Chapman,Mystery & Detective,1520,https://www.gutenberg.org/ebooks/25858
"Radio Boys Loyalty; Or, Bill Brown Listens In",Wayne Whipple and S. F. Aaron,Mystery & Detective,1516,https://www.gutenberg.org/ebooks/25753
The range-boomer,W. C. Tuttle,Mystery & Detective,1487,https://www.gutenberg.org/ebooks/79180
The Light that Lies,George Barr McCutcheon,Mystery & Detective,1466,https://www.gutenberg.org/ebooks/54098
The Mysteries of Free Masonry,William Morgan,Mystery & Detective,1460,https://www.gutenberg.org/ebooks/18136
Present at a Hanging and Other Ghost Stories,Ambrose Bierce,Mystery & Detective,1456,https://www.gutenberg.org/ebooks/23081
Mavericks,W. C. Tuttle,Mystery & Detective,1452,https://www.gutenberg.org/ebooks/79362
The meddler,W. C. Tuttle,Mystery & Detective,1430,https://www.gutenberg.org/ebooks/79212
"Prejudices, first series",H. L. Mencken,Mystery & Detective,1411,https://www.gutenberg.org/ebooks/53538
Much Darker Days,Andrew Lang,Mystery & Detective,1391,https://www.gutenberg.org/ebooks/21933
The Mysteries of All Nations,James Grant,Mystery & Detective,1370,https://www.gutenberg.org/ebooks/19900
Poison Romance and Poison Mysteries,C. J. S. Thompson,Mystery & Detective,1357,https://www.gutenberg.org/ebooks/43840
A doctor enjoys Sherlock Holmes,Edward J. Van Liere,Mystery & Detective,1340,https://www.gutenberg.org/ebooks/75869
"Great short stories, Volume 2 (of 3) :  Ghost stories",Unknown / Various,Mystery & Detective,1335,https://www.gutenberg.org/ebooks/74549
The Lock and Key Library: Classic Mystery and Detective Stories: Old Time English,Unknown / Various,Mystery & Detective,1319,https://www.gutenberg.org/ebooks/9532
"Cosmic symbolism :  Being a discussion and exposition of some recondite and obscure points in the art of the Kabalists, the mysteries of sound, form and number, and the basic principles of cosmic symbolism",Sepharial,Mystery & Detective,1318,https://www.gutenberg.org/ebooks/70749
His last bow,Arthur Conan Doyle,Mystery & Detective,1309,https://www.gutenberg.org/ebooks/9554
The Old Stone House and Other Stories,Anna Katharine Green,Mystery & Detective,1304,https://www.gutenberg.org/ebooks/21824
"Etidorhpa; or, The End of Earth.",John Uri Lloyd,Mystery & Detective,1301,https://www.gutenberg.org/ebooks/37775
The Book of Buried Treasure,Ralph Delahaye Paine,Mystery & Detective,1293,https://www.gutenberg.org/ebooks/33318
The day the world ended,Sax Rohmer,Mystery & Detective,1291,https://www.gutenberg.org/ebooks/79087
"""Everyman,"" with other interludes, including eight miracle plays",Unknown / Various,Mystery & Detective,1285,https://www.gutenberg.org/ebooks/19481
Studying the short-story,Unknown / Various,Mystery & Detective,1283,https://www.gutenberg.org/ebooks/68291
The Leavenworth Case,Anna Katharine Green,Mystery & Detective,1282,https://www.gutenberg.org/ebooks/4047
Greenmantle,John Buchan,Mystery & Detective,1276,https://www.gutenberg.org/ebooks/559
"""No Clue!"": A Mystery Story",James Hay,Mystery & Detective,1275,https://www.gutenberg.org/ebooks/26396
施公案 (Chinese),Anonymous,Mystery & Detective,1270,https://www.gutenberg.org/ebooks/23825
Judith Lee :  Some pages from her life,Richard Marsh,Mystery & Detective,1269,https://www.gutenberg.org/ebooks/79142
Partners in crime,Agatha Christie,Mystery & Detective,1267,https://www.gutenberg.org/ebooks/78342
Dark power,Elisabeth Sanxay Holding,Mystery & Detective,1258,https://www.gutenberg.org/ebooks/78323
Arsène Lupin,Maurice Leblanc,Mystery & Detective,1253,https://www.gutenberg.org/ebooks/4014
The mysterious locket,active approximately 1876-1880 Ruth Lynn,Mystery & Detective,1252,https://www.gutenberg.org/ebooks/79291
The Beetle: A Mystery,Richard Marsh,Mystery & Detective,1247,https://www.gutenberg.org/ebooks/5164
The Haunted Bookshop,Christopher Morley,Mystery & Detective,1243,https://www.gutenberg.org/ebooks/172
The Adventure of the Bruce-Partington Plans,Arthur Conan Doyle,Mystery & Detective,1239,https://www.gutenberg.org/ebooks/2346
The Mystery of the Sea,Bram Stoker,Mystery & Detective,1232,https://www.gutenberg.org/ebooks/42455
Arsène Lupin versus Herlock Sholmes,Maurice Leblanc,Mystery & Detective,1230,https://www.gutenberg.org/ebooks/40203
The Mystery and Romance of Alchemy and Pharmacy,C. J. S. Thompson,Mystery & Detective,1222,https://www.gutenberg.org/ebooks/47004
The Philosophy of Mystery,Walter Cooper Dendy,Mystery & Detective,1217,https://www.gutenberg.org/ebooks/56822
The World's Greatest Books — Volume 08 — Fiction,Unknown / Various,Mystery & Detective,1213,https://www.gutenberg.org/ebooks/11659
"London Labour and the London Poor, Vol. 4",Henry Mayhew,Mystery & Detective,1206,https://www.gutenberg.org/ebooks/63415
"On the Edge of the Arctic; Or, An Aeroplane in Snowland",H. L. Sayler,Mystery & Detective,1188,https://www.gutenberg.org/ebooks/25787
The Queen of Hearts,Wilkie Collins,Mystery & Detective,1186,https://www.gutenberg.org/ebooks/1917
The Jewel of Seven Stars,Bram Stoker,Mystery & Detective,1181,https://www.gutenberg.org/ebooks/3781
Mysterious Psychic Forces,Camille Flammarion,Mystery & Detective,1167,https://www.gutenberg.org/ebooks/39279
"Tom Sawyer, Detective",Mark Twain,Mystery & Detective,1163,https://www.gutenberg.org/ebooks/93
The Camp of the Dog,Algernon Blackwood,Mystery & Detective,1159,https://www.gutenberg.org/ebooks/22349
Round the Fire Stories,Arthur Conan Doyle,Mystery & Detective,1152,https://www.gutenberg.org/ebooks/54109
"The Mysteries of London, v. 1/4",George W. M. Reynolds,Mystery & Detective,1150,https://www.gutenberg.org/ebooks/47312
The Haunted Hotel: A Mystery of Modern Venice,Wilkie Collins,Mystery & Detective,1149,https://www.gutenberg.org/ebooks/170
"The Great English Short-Story Writers, Volume 1",Unknown / Various,Mystery & Detective,1146,https://www.gutenberg.org/ebooks/10135
Die beiden Freundinnen und ihr Giftmord (German),Alfred Döblin,Mystery & Detective,1143,https://www.gutenberg.org/ebooks/65444
A Millionaire of Yesterday,E. Phillips Oppenheim,Mystery & Detective,1140,https://www.gutenberg.org/ebooks/1878
Hunted Down: The Detective Stories of Charles Dickens,Charles Dickens,Mystery & Detective,1139,https://www.gutenberg.org/ebooks/807
Twenty Years a Detective in the Wickedest City in the World,Clifton R. Wooldridge,Mystery & Detective,1139,https://www.gutenberg.org/ebooks/47445
We Women and Our Authors,Laura Marholm,Mystery & Detective,1139,https://www.gutenberg.org/ebooks/67577
Emil and the detectives :  A story for children,Erich Kästner,Mystery & Detective,1138,https://www.gutenberg.org/ebooks/79102
The Blonde Lady,Maurice Leblanc,Mystery & Detective,1131,https://www.gutenberg.org/ebooks/24839
"Lives of the Most Remarkable Criminals Who have been Condemned and Executed for Murder, the Highway, Housebreaking, Street Robberies, Coining or other offences",Unknown / Various,Mystery & Detective,1128,https://www.gutenberg.org/ebooks/13097
Armadale,Wilkie Collins,Mystery & Detective,1123,https://www.gutenberg.org/ebooks/1895
The Mystery of Francis Bacon,William T. Smedley,Mystery & Detective,1114,https://www.gutenberg.org/ebooks/36650
After Dark,Wilkie Collins,Mystery & Detective,1113,https://www.gutenberg.org/ebooks/1626
A Book of Remarkable Criminals,H. B. Irving,Mystery & Detective,1110,https://www.gutenberg.org/ebooks/446
The Woman of Mystery,Maurice Leblanc,Mystery & Detective,1096,https://www.gutenberg.org/ebooks/34931
Uncle Silas: A Tale of Bartram-Haugh,Joseph Sheridan Le Fanu,Mystery & Detective,1093,https://www.gutenberg.org/ebooks/14851
Four Max Carrados Detective Stories,Ernest Bramah,Mystery & Detective,1077,https://www.gutenberg.org/ebooks/20047
Shadowings,Lafcadio Hearn,Mystery & Detective,1072,https://www.gutenberg.org/ebooks/34215
The Orchard Secret,Cleo F. Garis,Mystery & Detective,1064,https://www.gutenberg.org/ebooks/40725
The hidden staircase,Carolyn Keene,Mystery & Detective,1055,https://www.gutenberg.org/ebooks/77602
"The Works of Robert Louis Stevenson - Swanston Edition, Vol. 05",Robert Louis Stevenson,Mystery & Detective,1051,https://www.gutenberg.org/ebooks/30744
Clouds of witness,Dorothy L. Sayers,Mystery & Detective,1047,https://www.gutenberg.org/ebooks/70432
The Chronicles of Crime or The New Newgate Calendar. v. 2/2,Camden Pelham,Mystery & Detective,1047,https://www.gutenberg.org/ebooks/46595
The Rosicrucian Mysteries: An Elementary Exposition of Their Secret Teachings,Max Heindel,Mystery & Detective,1042,https://www.gutenberg.org/ebooks/29855
Lord Peter views the body,Dorothy L. Sayers,Mystery & Detective,1042,https://www.gutenberg.org/ebooks/73295
El caso extraño del Doctor Jekyll (Spanish),Robert Louis Stevenson,Mystery & Detective,1039,https://www.gutenberg.org/ebooks/62627
The Mucker,Edgar Rice Burroughs,Mystery & Detective,1033,https://www.gutenberg.org/ebooks/331
Wyllard's Weird: A Novel,M. E. Braddon,Mystery & Detective,1032,https://www.gutenberg.org/ebooks/50037
The Crystal Stopper,Maurice Leblanc,Mystery & Detective,1031,https://www.gutenberg.org/ebooks/1563
"The Wind in the Rose-Bush, and Other Stories of the Supernatural",Mary Eleanor Wilkins Freeman,Mystery & Detective,1028,https://www.gutenberg.org/ebooks/1617
Memorials of old Cheshire,Unknown / Various,Mystery & Detective,1024,https://www.gutenberg.org/ebooks/69492
Sämtliche Werke 1-2 :  Rodion Raskolnikoff (Schuld und Sühne) (German),Fyodor Dostoyevsky,Mystery & Detective,1021,https://www.gutenberg.org/ebooks/58238
The Adventure of the Cardboard Box,Arthur Conan Doyle,Mystery & Detective,1020,https://www.gutenberg.org/ebooks/2344
The Circular Staircase,Mary Roberts Rinehart,Mystery & Detective,1016,https://www.gutenberg.org/ebooks/434
杜騙新書 (Chinese),active 16th century-17th century Yingyu Zhang,Mystery & Detective,1015,https://www.gutenberg.org/ebooks/24021
The Eleusinian Mysteries and Rites,Dudley Wright,Mystery & Detective,1011,https://www.gutenberg.org/ebooks/35087
The Parasite: A Story,Arthur Conan Doyle,Mystery & Detective,1010,https://www.gutenberg.org/ebooks/355
Ghost Stories of an Antiquary Part 2: More Ghost Stories,M. R. James,Mystery & Detective,1002,https://www.gutenberg.org/ebooks/9629
The Trevor case,Natalie Sumner Lincoln,Mystery & Detective,1000,https://www.gutenberg.org/ebooks/69004
The Law and the Lady,Wilkie Collins,Mystery & Detective,1000,https://www.gutenberg.org/ebooks/1622
The Trial of Callista Blake,Edgar Pangborn,Mystery & Detective,998,https://www.gutenberg.org/ebooks/39826
"Isis unveiled, Volume 2 (of 2), Theology :  A master-key to the mysteries of ancient and modern science and theology",H. P. Blavatsky,Mystery & Detective,997,https://www.gutenberg.org/ebooks/75871
"The Twins of Table Mountain, and Other Stories",Bret Harte,Mystery & Detective,996,https://www.gutenberg.org/ebooks/2862
Syndrome,Thomas Hoover,Mystery & Detective,996,https://www.gutenberg.org/ebooks/34321
The Outlaws of Cave-in-Rock,Otto A. Rothert,Mystery & Detective,996,https://www.gutenberg.org/ebooks/61265
The Pagan Madonna,Harold MacGrath,Mystery & Detective,994,https://www.gutenberg.org/ebooks/27339
The Lock and Key Library: The most interesting stories of all nations: American,Unknown / Various,Mystery & Detective,979,https://www.gutenberg.org/ebooks/2043
"Carnacki, the Ghost Finder",William Hope Hodgson,Mystery & Detective,969,https://www.gutenberg.org/ebooks/10832
The Best Ghost Stories,Unknown / Various,Mystery & Detective,966,https://www.gutenberg.org/ebooks/17893
"The Beckoning Hand, and Other Stories",Grant Allen,Mystery & Detective,964,https://www.gutenberg.org/ebooks/38531
"The room in the tower, and other stories",E. F. Benson,Mystery & Detective,960,https://www.gutenberg.org/ebooks/72421
The Spider's Web,Reginald Wright Kauffman,Mystery & Detective,956,https://www.gutenberg.org/ebooks/45866
The Hollow Needle; Further adventures of Arsène Lupin,Maurice Leblanc,Mystery & Detective,953,https://www.gutenberg.org/ebooks/4017
Great Ghost Stories,Unknown / Various,Mystery & Detective,949,https://www.gutenberg.org/ebooks/41170
The Woman in Black,E. C. Bentley,Mystery & Detective,945,https://www.gutenberg.org/ebooks/21854
Dope,Sax Rohmer,Mystery & Detective,942,https://www.gutenberg.org/ebooks/1182
The Trees of Pride,G. K. Chesterton,Mystery & Detective,938,https://www.gutenberg.org/ebooks/1721
The Adventure of the Devil's Foot,Arthur Conan Doyle,Mystery & Detective,927,https://www.gutenberg.org/ebooks/2349
Curiosities of the Sky,Garrett Putman Serviss,Mystery & Detective,927,https://www.gutenberg.org/ebooks/6630
813,Maurice Leblanc,Mystery & Detective,924,https://www.gutenberg.org/ebooks/34758
"The Three Impostors; or, The Transmutations",Arthur Machen,Mystery & Detective,924,https://www.gutenberg.org/ebooks/35517
九命奇冤 (Chinese),Jianren Wu,Mystery & Detective,921,https://www.gutenberg.org/ebooks/25402
The Adventure of the Dying Detective,Arthur Conan Doyle,Mystery & Detective,920,https://www.gutenberg.org/ebooks/2347
"The Ivory Gate, a new edition",Walter Besant,Mystery & Detective,914,https://www.gutenberg.org/ebooks/34738
Trent's Last Case,E. C. Bentley,Mystery & Detective,913,https://www.gutenberg.org/ebooks/2568
The Wrong Box,Robert Louis Stevenson and Lloyd Osbourne,Mystery & Detective,908,https://www.gutenberg.org/ebooks/1585
The Breaking Point,Mary Roberts Rinehart,Mystery & Detective,906,https://www.gutenberg.org/ebooks/1601
Le grand secret (French),Maurice Maeterlinck,Mystery & Detective,906,https://www.gutenberg.org/ebooks/67863
Murder in Paris,Alice Campbell,Mystery & Detective,904,https://www.gutenberg.org/ebooks/78435
The Daffodil Mystery,Edgar Wallace,Mystery & Detective,901,https://www.gutenberg.org/ebooks/20912
The Black Robe,Wilkie Collins,Mystery & Detective,900,https://www.gutenberg.org/ebooks/1587
An Antarctic Mystery,Jules Verne,Mystery & Detective,898,https://www.gutenberg.org/ebooks/10339
"Charles Peace, or The Adventures of a Notorious Burglar",Anonymous,Mystery & Detective,898,https://www.gutenberg.org/ebooks/65464
The Crime of Sylvestre Bonnard,Anatole France,Mystery & Detective,898,https://www.gutenberg.org/ebooks/2123
The Mystery of Choice,Robert W. Chambers,Mystery & Detective,895,https://www.gutenberg.org/ebooks/46581
The Book of the Thousand Nights and a Night — Volume 01 (of 10),Unknown / Various,Adventure,98886,https://www.gutenberg.org/ebooks/51252
Four Arthurian Romances,active 12th century de Troyes Chrétien,Adventure,98218,https://www.gutenberg.org/ebooks/831
The Lady of the Lake,Walter Scott,Adventure,96287,https://www.gutenberg.org/ebooks/3011
King Arthur and the Knights of the Round Table,Sir Thomas Malory,Adventure,83046,https://www.gutenberg.org/ebooks/36462
The Countess of Pembroke's Arcadia,Philip Sidney,Adventure,81865,https://www.gutenberg.org/ebooks/70854
The Merry Adventures of Robin Hood,Howard Pyle,Adventure,63269,https://www.gutenberg.org/ebooks/10148
Grimms' Fairy Tales,Jacob Grimm and Wilhelm Grimm,Adventure,49975,https://www.gutenberg.org/ebooks/2591
The adventures of an ensign,Valentine Williams,Adventure,28342,https://www.gutenberg.org/ebooks/78078
King Solomon's Mines,H. Rider Haggard,Adventure,9879,https://www.gutenberg.org/ebooks/21438
Captain Blood,Rafael Sabatini,Adventure,9460,https://www.gutenberg.org/ebooks/28944
Tarzan of the Apes,Edgar Rice Burroughs,Adventure,8397,https://www.gutenberg.org/ebooks/23712
Le tour du monde en quatre-vingts jours (French),Jules Verne,Adventure,8289,https://www.gutenberg.org/ebooks/20973
The Heart of Unaga,Ridgwell Cullum,Adventure,7286,https://www.gutenberg.org/ebooks/23662
Typee,Herman Melville,Adventure,7225,https://www.gutenberg.org/ebooks/23969
Martin Chuzzlewit,Charles Dickens,Adventure,6874,https://www.gutenberg.org/ebooks/9699
The Boy With the U. S. Fisheries,Francis Rolt-Wheeler,Adventure,6806,https://www.gutenberg.org/ebooks/21008
"The Yacht Club; or, The Young Boat-Builder",Oliver Optic,Adventure,6175,https://www.gutenberg.org/ebooks/23351
The rose of old St. Louis,Mary Dillon,Adventure,6055,https://www.gutenberg.org/ebooks/20911
Tom Swift in the Land of Wonders,Victor Appleton,Adventure,5883,https://www.gutenberg.org/ebooks/22952
The Dog Crusoe and His Master,R. M. Ballantyne,Adventure,5682,https://www.gutenberg.org/ebooks/26219
The Dash for Khartoum: A Tale of the Nile Expedition,G. A. Henty,Adventure,5565,https://www.gutenberg.org/ebooks/21986
Brand Blotters,William MacLeod Raine,Adventure,5456,https://www.gutenberg.org/ebooks/27436
"Howard Pyle's Book of pirates : fiction, fact & fancy concerning the buccaneers & marooners of the Spanish Main",Howard Pyle,Adventure,5416,https://www.gutenberg.org/ebooks/26862
"The Son of Monte-Cristo, Volume I",Jules Lermina,Adventure,5382,https://www.gutenberg.org/ebooks/22018
When dreams come true,Ritter Brown,Adventure,5316,https://www.gutenberg.org/ebooks/28593
Fifty-Two Stories For Girls,Unknown / Various,Adventure,5229,https://www.gutenberg.org/ebooks/25948
The Buccaneer: A Tale,Mrs. S. C. Hall,Adventure,5132,https://www.gutenberg.org/ebooks/28074
Ten Thousand Miles with a Dog Sled,Hudson Stuck,Adventure,5072,https://www.gutenberg.org/ebooks/22965
Frank Merriwell's Races,Burt L. Standish,Adventure,5012,https://www.gutenberg.org/ebooks/21958
The Highgrader,William MacLeod Raine,Adventure,5011,https://www.gutenberg.org/ebooks/22583
"Winesburg, Ohio",Sherwood Anderson,Adventure,4903,https://www.gutenberg.org/ebooks/22949
Moby Dick,Herman Melville,Adventure,4855,https://www.gutenberg.org/ebooks/9147
"De Zonderlinge Lotgevallen van Gil Blas van Santillano, deel 1 van 2 (Dutch)",Alain René Le Sage,Adventure,4851,https://www.gutenberg.org/ebooks/21409
The prisoner of Zenda,Anthony Hope,Adventure,4826,https://www.gutenberg.org/ebooks/22436
La cuerda del ahorcado (Spanish),Ponson du Terrail,Adventure,4800,https://www.gutenberg.org/ebooks/27695
'Smiles': A Rose of the Cumberlands,Eliot H. Robinson,Adventure,4793,https://www.gutenberg.org/ebooks/22287
The Adventures of Maya the Bee,Waldemar Bonsels,Adventure,4781,https://www.gutenberg.org/ebooks/22354
The Adventures of Tom Sawyer,Mark Twain,Adventure,4638,https://www.gutenberg.org/ebooks/26203
The Ocean Wireless Boys and the Naval Code,John Henry Goldfrap,Adventure,4564,https://www.gutenberg.org/ebooks/26778
"George at the Fort; Or, Life Among the Soldiers",Harry Castlemon,Adventure,4471,https://www.gutenberg.org/ebooks/21664
"Blackie & Son's Books for Young People, Catalogue - 1898",Blackie & Son,Adventure,4370,https://www.gutenberg.org/ebooks/44556
Allan Quatermain,H. Rider Haggard,Adventure,4358,https://www.gutenberg.org/ebooks/21440
Heart of the World,H. Rider Haggard,Adventure,4340,https://www.gutenberg.org/ebooks/22454
"The Coming Wave; Or, The Hidden Treasure of High Rock",Oliver Optic,Adventure,4335,https://www.gutenberg.org/ebooks/23773
The Border Watch: A Story of the Great Chief's Last Stand,Joseph A. Altsheler,Adventure,4288,https://www.gutenberg.org/ebooks/25186
The Fortunes and Misfortunes of the Famous Moll Flanders,Daniel Defoe,Adventure,4283,https://www.gutenberg.org/ebooks/26583
Mare nostrum (Spanish),Vicente Blasco Ibáñez,Adventure,4278,https://www.gutenberg.org/ebooks/23236
The Watchers of the Plains: A Tale of the Western Prairies,Ridgwell Cullum,Adventure,4278,https://www.gutenberg.org/ebooks/27521
The Iron Pirate: A Plain Tale of Strange Happenings on the Sea,Max Pemberton,Adventure,4233,https://www.gutenberg.org/ebooks/26514
The Olive Fairy Book,Unknown / Various,Adventure,4227,https://www.gutenberg.org/ebooks/27826
With Cochrane the Dauntless,G. A. Henty,Adventure,4138,https://www.gutenberg.org/ebooks/25993
The Strange Adventures of Mr. Middleton,Wardon Allan Curtis,Adventure,4137,https://www.gutenberg.org/ebooks/27917
Omoo: Adventures in the South Seas,Herman Melville,Adventure,4039,https://www.gutenberg.org/ebooks/9268
The Trail of '98: A Northland Romance,Robert W. Service,Adventure,3977,https://www.gutenberg.org/ebooks/22063
The Hero of Garside School,J. Harwood Panting,Adventure,3920,https://www.gutenberg.org/ebooks/26392
The Book of Romance,Unknown / Various,Adventure,3917,https://www.gutenberg.org/ebooks/26646
"Dikes and Ditches; Or, Young America in Holland and Belgium",Oliver Optic,Adventure,3899,https://www.gutenberg.org/ebooks/25485
Reisontmoetingen van Joachim Polsbroekerwoud en zijne Vrienden (Dutch),Bernardus Gewin,Adventure,3893,https://www.gutenberg.org/ebooks/26100
The Making of Bobby Burnit,George Randolph Chester,Adventure,3887,https://www.gutenberg.org/ebooks/26485
A Voice in the Wilderness,Grace Livingston Hill,Adventure,3882,https://www.gutenberg.org/ebooks/21219
"Baseball Joe Around the World; or, Pitching on a Grand Tour",Lester Chadwick,Adventure,3870,https://www.gutenberg.org/ebooks/27338
John Gayther's Garden and the Stories Told Therein,Frank R. Stockton,Adventure,3860,https://www.gutenberg.org/ebooks/22737
The Young Railroaders,Francis Lovell Coombs,Adventure,3858,https://www.gutenberg.org/ebooks/25868
Queensland Cousins,Eleanor Luisa Haverfield,Adventure,3785,https://www.gutenberg.org/ebooks/25079
"Jim Spurling, Fisherman",Albert Walter Tolman,Adventure,3731,https://www.gutenberg.org/ebooks/26560
The White Mice,Richard Harding Davis,Adventure,3722,https://www.gutenberg.org/ebooks/27232
Across the Mesa,Helen Bagg,Adventure,3636,https://www.gutenberg.org/ebooks/26984
The Boy with the U. S. Weather Men,Francis Rolt-Wheeler,Adventure,3607,https://www.gutenberg.org/ebooks/22156
The Chauffeur and the Chaperon,C. N. Williamson and A. M. Williamson,Adventure,3605,https://www.gutenberg.org/ebooks/21529
"Moby-Dick; or, The Whale",Herman Melville,Adventure,3588,https://www.gutenberg.org/ebooks/15
Folk-Tales of Bengal,Lal Behari Day,Adventure,3567,https://www.gutenberg.org/ebooks/38488
Adrift in the Ice-Fields,Charles Winslow Hall,Adventure,3560,https://www.gutenberg.org/ebooks/21607
The Phantom of the River,Edward Sylvester Ellis,Adventure,3549,https://www.gutenberg.org/ebooks/23026
A Mating in the Wilds,Ottwell Binns,Adventure,3542,https://www.gutenberg.org/ebooks/21055
La favorita del Mahdi (Italian),Emilio Salgari,Adventure,3542,https://www.gutenberg.org/ebooks/25180
Frenzied Fiction,Stephen Leacock,Adventure,3535,https://www.gutenberg.org/ebooks/28919
The Life and Adventures of Santa Claus,L. Frank Baum,Adventure,3490,https://www.gutenberg.org/ebooks/21192
The Aztec Treasure-House,Thomas A. Janvier,Adventure,3482,https://www.gutenberg.org/ebooks/21618
"Seek and Find; or, The Adventures of a Smart Boy",Oliver Optic,Adventure,3479,https://www.gutenberg.org/ebooks/27666
Scouting for Boys,Baron Robert Stephenson Smyth Baden-Powell Baden-Powell of Gilwell,Adventure,3453,https://www.gutenberg.org/ebooks/65993
Frank Merriwell Down South,Burt L. Standish,Adventure,3452,https://www.gutenberg.org/ebooks/22424
The Joyous Adventures of Aristide Pujol,William John Locke,Adventure,3448,https://www.gutenberg.org/ebooks/26154
Shoe-Bar Stratton,Joseph Bushnell Ames,Adventure,3432,https://www.gutenberg.org/ebooks/27355
Robinson Crusoe,Daniel Defoe,Adventure,3431,https://www.gutenberg.org/ebooks/21524
An Explorer's Adventures in Tibet,Arnold Henry Savage Landor,Adventure,3425,https://www.gutenberg.org/ebooks/27021
For the Liberty of Texas,Edward Stratemeyer,Adventure,3400,https://www.gutenberg.org/ebooks/22186
Laboulaye's Fairy Book,Édouard Laboulaye,Adventure,3389,https://www.gutenberg.org/ebooks/26386
The Dude Wrangler,Caroline Lockhart,Adventure,3389,https://www.gutenberg.org/ebooks/23244
"Frank Merriwell's Son; Or, A Chip Off the Old Block",Burt L. Standish,Adventure,3372,https://www.gutenberg.org/ebooks/25316
The Boy Scouts Book of Campfire Stories,Unknown / Various,Adventure,3326,https://www.gutenberg.org/ebooks/26475
Camp-fire and Wigwam,Edward Sylvester Ellis,Adventure,3321,https://www.gutenberg.org/ebooks/25966
The Gold Girl,James B. Hendryx,Adventure,3320,https://www.gutenberg.org/ebooks/26061
"Lucy Maud Montgomery Short Stories, 1909 to 1922",L. M. Montgomery,Adventure,3292,https://www.gutenberg.org/ebooks/24878
Peak and Prairie,Anna Fuller,Adventure,3283,https://www.gutenberg.org/ebooks/22231
A Woman who went to Alaska,May Kellogg Sullivan,Adventure,3266,https://www.gutenberg.org/ebooks/22409
Pipefuls,Christopher Morley,Adventure,3241,https://www.gutenberg.org/ebooks/22699
The Sign of the Spider,Bertram Mitford,Adventure,3232,https://www.gutenberg.org/ebooks/27476
Adventures in the Arts,Marsden Hartley,Adventure,3191,https://www.gutenberg.org/ebooks/20921
Ang Bagong Robinson (Tomo 1) (Tagalog),Joachim Heinrich Campe,Adventure,3138,https://www.gutenberg.org/ebooks/20858
The Hunters of the Ozark,Edward Sylvester Ellis,Adventure,3138,https://www.gutenberg.org/ebooks/22646
Polly's Business Venture,Lillian Elizabeth Roy,Adventure,3134,https://www.gutenberg.org/ebooks/25778
Prairie Flowers,James B. Hendryx,Adventure,3127,https://www.gutenberg.org/ebooks/22180
Alice in Wonderland,Lewis Carroll and Alice Gerstenberg,Adventure,3127,https://www.gutenberg.org/ebooks/35688
Athelstane Ford,Allen Upward,Adventure,3105,https://www.gutenberg.org/ebooks/26677
"Tom, The Bootblack; or, The Road to Success",Jr. Horatio Alger,Adventure,3090,https://www.gutenberg.org/ebooks/26355
"Two Daring Young Patriots; or, Outwitting the Huns",W. P. Shervill,Adventure,3086,https://www.gutenberg.org/ebooks/26645
From the Car Behind,Eleanor M. Ingram,Adventure,3083,https://www.gutenberg.org/ebooks/27337
The Arabian Nights Entertainments,Andrew Lang,Adventure,3071,https://www.gutenberg.org/ebooks/128
Jewish Fairy Tales and Legends,Gertrude Landa,Adventure,3070,https://www.gutenberg.org/ebooks/26711
The Enchanted Island of Yew,L. Frank Baum,Adventure,3059,https://www.gutenberg.org/ebooks/21164
The Pirate of Panama: A Tale of the Fight for Buried Treasure,William MacLeod Raine,Adventure,3055,https://www.gutenberg.org/ebooks/22752
"Dave Porter and His Rivals; or, The Chums and Foes of Oak Hall",Edward Stratemeyer,Adventure,3052,https://www.gutenberg.org/ebooks/26160
The Long Portage,Harold Bindloss,Adventure,3048,https://www.gutenberg.org/ebooks/25910
Lord Jim,Joseph Conrad,Adventure,3044,https://www.gutenberg.org/ebooks/5658
The Fighting Shepherdess,Caroline Lockhart,Adventure,3033,https://www.gutenberg.org/ebooks/23296
"Uncle Sam's Boys in the Ranks; or, Two Recruits in the United States Army",H. Irving Hancock,Adventure,3026,https://www.gutenberg.org/ebooks/27680
Ein Mann (German),Joachim Nettelbeck,Adventure,2998,https://www.gutenberg.org/ebooks/23333
The Wonder Island Boys: Conquest of the Savages,Roger T. Finlay,Adventure,2997,https://www.gutenberg.org/ebooks/21832
Sunny Boy in the Country,Ramy Allison White,Adventure,2992,https://www.gutenberg.org/ebooks/26232
Door het land der Skipetaren (Dutch),Karl May,Adventure,2984,https://www.gutenberg.org/ebooks/27652
At Aboukir and Acre: A Story of Napoleon's Invasion of Egypt,G. A. Henty,Adventure,2969,https://www.gutenberg.org/ebooks/22224
The Shellback's Progress,Baron Walter Runciman Runciman,Adventure,2955,https://www.gutenberg.org/ebooks/22794
Die Sternbuben in der Großstadt: Eine heitere Geschichte (German),Josephine Siebe,Adventure,2949,https://www.gutenberg.org/ebooks/51582
Japanese Fairy Tales,Yei Theodora Ozaki,Adventure,2947,https://www.gutenberg.org/ebooks/4018
Footprints in the Forest,Edward Sylvester Ellis,Adventure,2941,https://www.gutenberg.org/ebooks/25980
King Arthur's Knights,Henry Gilbert,Adventure,2941,https://www.gutenberg.org/ebooks/22396
Virginia of Elk Creek Valley,Mary Ellen Chase,Adventure,2937,https://www.gutenberg.org/ebooks/27522
Deerfoot in The Mountains,Edward Sylvester Ellis,Adventure,2934,https://www.gutenberg.org/ebooks/25334
Walter and the Wireless,Sara Ware Bassett,Adventure,2927,https://www.gutenberg.org/ebooks/23728
Ahead of the Army,William O. Stoddard,Adventure,2922,https://www.gutenberg.org/ebooks/23744
Free Air,Sinclair Lewis,Adventure,2916,https://www.gutenberg.org/ebooks/26732
As Minas de Salomão (Portuguese),H. Rider Haggard,Adventure,2898,https://www.gutenberg.org/ebooks/22015
The Land of the Long Night,Paul B. Du Chaillu,Adventure,2885,https://www.gutenberg.org/ebooks/22727
Isle o' Dreams,Frederick Ferdinand Moore,Adventure,2884,https://www.gutenberg.org/ebooks/25813
Gouden Daden (Dutch),Cornelis Johannes Kieviet,Adventure,2883,https://www.gutenberg.org/ebooks/26127
The Mabinogion,Unknown / Various,Adventure,2883,https://www.gutenberg.org/ebooks/5160
"Starlight Ranch, and Other Stories of Army Life on the Frontier",Charles King,Adventure,2879,https://www.gutenberg.org/ebooks/26137
"The Rover Boys at Big Horn Ranch; Or, The Cowboys' Double Round-Up",Edward Stratemeyer,Adventure,2869,https://www.gutenberg.org/ebooks/26539
The Search for the Silver City: A Tale of Adventure in Yucatan,James Otis,Adventure,2862,https://www.gutenberg.org/ebooks/21268
"The Strange Adventures of Captain Dangerous, Vol. 2",George Augustus Sala,Adventure,2860,https://www.gutenberg.org/ebooks/26668
The World's Greatest Books — Volume 02 — Fiction,Unknown / Various,Adventure,2852,https://www.gutenberg.org/ebooks/10643
"Swept Out to Sea; Or, Clint Webb Among the Whalers",W. Bert Foster,Adventure,2827,https://www.gutenberg.org/ebooks/23674
"The Curlytops and Their Playmates; Or, Jolly Times Through the Holidays",Howard Roger Garis,Adventure,2827,https://www.gutenberg.org/ebooks/25143
A Son of the Immortals,Louis Tracy,Adventure,2807,https://www.gutenberg.org/ebooks/25017
The rogue elephant,Elliott Whitney,Adventure,2797,https://www.gutenberg.org/ebooks/25450
The Boy Crusaders: A Story of the Days of Louis IX.,John G. Edgar,Adventure,2792,https://www.gutenberg.org/ebooks/26671
A Daughter of Raasay: A Tale of the '45,William MacLeod Raine,Adventure,2784,https://www.gutenberg.org/ebooks/26692
"The Young Treasure Hunter; Or, Fred Stanley's Trip to Alaska",Frank V. Webster,Adventure,2781,https://www.gutenberg.org/ebooks/20922
Plotting in Pirate Seas,Francis Rolt-Wheeler,Adventure,2774,https://www.gutenberg.org/ebooks/22033
The Story of Doctor Dolittle,Hugh Lofting,Adventure,2768,https://www.gutenberg.org/ebooks/501
"Pathfinder; or, The Missing Tenderfoot",Captain Alan Douglas,Adventure,2767,https://www.gutenberg.org/ebooks/22924
"South: The Story of Shackleton's Last Expedition, 1914-1917",Sir Ernest Henry Shackleton,Adventure,2766,https://www.gutenberg.org/ebooks/5199
"The Son of Monte-Cristo, Volume II",Jules Lermina,Adventure,2759,https://www.gutenberg.org/ebooks/22086
Rollo on the Atlantic,Jacob Abbott,Adventure,2758,https://www.gutenberg.org/ebooks/22252
The Motor Maids at Sunrise Camp,Katherine Stokes,Adventure,2752,https://www.gutenberg.org/ebooks/23645
徐霞客遊記 (Chinese),Hongzu Xu,Adventure,2745,https://www.gutenberg.org/ebooks/23876
"Up The Baltic; Or, Young America in Norway, Sweden, and Denmark",Oliver Optic,Adventure,2742,https://www.gutenberg.org/ebooks/26653
"Farthest North, Vol. I",Fridtjof Nansen,Adventure,2736,https://www.gutenberg.org/ebooks/30197
"History, Manners, and Customs of the North American Indians",Old Humphrey,Adventure,2724,https://www.gutenberg.org/ebooks/26688
"The Young Miner; Or, Tom Nelson in California",Jr. Horatio Alger,Adventure,2724,https://www.gutenberg.org/ebooks/22669
"New Treasure Seekers; Or, The Bastable Children in Search of a Fortune",E. Nesbit,Adventure,2724,https://www.gutenberg.org/ebooks/25496
The Young Alaskans on the Missouri,Emerson Hough,Adventure,2714,https://www.gutenberg.org/ebooks/26367
Mathias Sandorf [3] :  Een Model-volksplanting (Dutch),Jules Verne,Adventure,2706,https://www.gutenberg.org/ebooks/22908
"Cesar Cascabel, Deel 2 (Dutch)",Jules Verne,Adventure,2687,https://www.gutenberg.org/ebooks/26395
Rollo in Scotland,Jacob Abbott,Adventure,2686,https://www.gutenberg.org/ebooks/25174
Rollo in Paris,Jacob Abbott,Adventure,2676,https://www.gutenberg.org/ebooks/22956
The Keepers of the Trail: A Story of the Great Woods,Joseph A. Altsheler,Adventure,2675,https://www.gutenberg.org/ebooks/25596
Kim,Rudyard Kipling,Adventure,2672,https://www.gutenberg.org/ebooks/2226
Far Past the Frontier,James A. Braden,Adventure,2656,https://www.gutenberg.org/ebooks/26234
Steve and the Steam Engine,Sara Ware Bassett,Adventure,2652,https://www.gutenberg.org/ebooks/22245
"Little Bobtail; or, The Wreck of the Penobscot.",Oliver Optic,Adventure,2649,https://www.gutenberg.org/ebooks/25466
The Lady and the Pirate,Emerson Hough,Adventure,2644,https://www.gutenberg.org/ebooks/24907
Doom Castle,Neil Munro,Adventure,2622,https://www.gutenberg.org/ebooks/21333
"Crossing the Plains, Days of '57",Wm. Audley Maxwell,Adventure,2606,https://www.gutenberg.org/ebooks/26858
"Chester Rand; or, The New Path to Fortune",Jr. Horatio Alger,Adventure,2605,https://www.gutenberg.org/ebooks/23108
Our Home in the Silver West: A Story of Struggle and Adventure,Gordon Stables,Adventure,2595,https://www.gutenberg.org/ebooks/28291
Side Show Studies,Francis Metcalfe,Adventure,2593,https://www.gutenberg.org/ebooks/23542
The Sea-Wolf,Jack London,Adventure,2590,https://www.gutenberg.org/ebooks/1074
"Montezuma's Castle, and Other Weird Tales",Charles B. Cory,Adventure,2581,https://www.gutenberg.org/ebooks/26995
Lady Betty Across the Water,C. N. Williamson and A. M. Williamson,Adventure,2575,https://www.gutenberg.org/ebooks/23441
A Treasury of Heroes and Heroines,Clayton Edwards,Adventure,2573,https://www.gutenberg.org/ebooks/25652
The Legends of King Arthur and His Knights,Sir Thomas Malory and Sir James Knowles,Adventure,2572,https://www.gutenberg.org/ebooks/12753
'Drag' Harlan,Charles Alden Seltzer,Adventure,2570,https://www.gutenberg.org/ebooks/25779
"Frank Merriwell's Pursuit; Or, How to Win",Burt L. Standish,Adventure,2566,https://www.gutenberg.org/ebooks/22874
The Man in the Iron Mask,Alexandre Dumas,Adventure,2549,https://www.gutenberg.org/ebooks/2759
Anna the Adventuress,E. Phillips Oppenheim,Adventure,2543,https://www.gutenberg.org/ebooks/26596
"Ben's Nugget; Or, A Boy's Search For Fortune",Jr. Horatio Alger,Adventure,2533,https://www.gutenberg.org/ebooks/25384
Labrador Days,Sir Wilfred Thomason Grenfell,Adventure,2531,https://www.gutenberg.org/ebooks/24832
Wonderful Adventures of Mrs. Seacole in Many Lands,Mary Seacole,Adventure,2515,https://www.gutenberg.org/ebooks/23031
Bloom of Cactus,Robert Ames Bennet,Adventure,2509,https://www.gutenberg.org/ebooks/22270
"Randy of the River; Or, The Adventures of a Young Deckhand",Jr. Horatio Alger,Adventure,2490,https://www.gutenberg.org/ebooks/21416
Great Pirate Stories,Unknown / Various,Adventure,2482,https://www.gutenberg.org/ebooks/27090
The Book of All-Power,Edgar Wallace,Adventure,2482,https://www.gutenberg.org/ebooks/24920
Tom Slade on a Transport,Percy Keese Fitzhugh,Adventure,2473,https://www.gutenberg.org/ebooks/23663
Dorothy's Travels,Evelyn Raymond,Adventure,2469,https://www.gutenberg.org/ebooks/25630
Heroes and Hunters of the West,John Frost,Adventure,2465,https://www.gutenberg.org/ebooks/26965
"""Where Angels Fear to Tread"" and Other Stories of the Sea",Morgan Robertson,Adventure,2462,https://www.gutenberg.org/ebooks/23539
The Trail of the Goldseekers: A Record of Travel in Prose and Verse,Hamlin Garland,Adventure,2462,https://www.gutenberg.org/ebooks/28551
Robinson Crusoe in Words of One Syllable,Daniel Defoe and Lucy Aikin,Adventure,2459,https://www.gutenberg.org/ebooks/22445
A Little Maid of Massachusetts Colony,Alice Turner Curtis,Adventure,2455,https://www.gutenberg.org/ebooks/27377
Rebel Spurs,Andre Norton,Adventure,2445,https://www.gutenberg.org/ebooks/20840
Over the Rocky Mountains to Alaska,Charles Warren Stoddard,Adventure,2440,https://www.gutenberg.org/ebooks/22871
"The Privateer's-Man, One hundred Years Ago",Frederick Marryat,Adventure,2435,https://www.gutenberg.org/ebooks/25719
Penny of Top Hill Trail,Belle Kanaris Maniates,Adventure,2434,https://www.gutenberg.org/ebooks/27150
Lucile Triumphant,Elizabeth M. Duffield,Adventure,2417,https://www.gutenberg.org/ebooks/27643
"Fred Fenton on the Track; Or, The Athletes of Riverport School",Allen Chapman,Adventure,2409,https://www.gutenberg.org/ebooks/23763
Witch-Doctors,Charles Beadle,Adventure,2404,https://www.gutenberg.org/ebooks/22099
"All Adrift; Or, The Goldwing Club",Oliver Optic,Adventure,2403,https://www.gutenberg.org/ebooks/25577
The Big Brother: A Story of Indian War,George Cary Eggleston,Adventure,2400,https://www.gutenberg.org/ebooks/20849
The Young Oarsmen of Lakeview,Edward Stratemeyer,Adventure,2400,https://www.gutenberg.org/ebooks/26218
Lewis and Clark,William R. Lighton,Adventure,2399,https://www.gutenberg.org/ebooks/26775
The Book of the Thousand Nights and a Night — Volume 07 (of 10),Unknown / Various,Adventure,2393,https://www.gutenberg.org/ebooks/54778
"The Strange Adventures of Captain Dangerous, Vol. 3",George Augustus Sala,Adventure,2392,https://www.gutenberg.org/ebooks/26669
The Romance of a Mummy and Egypt,Théophile Gautier,Adventure,2388,https://www.gutenberg.org/ebooks/27724
"The Girl from Sunset Ranch; Or, Alone in a Great City",Amy Bell Marlowe,Adventure,2373,https://www.gutenberg.org/ebooks/26534
Stingaree,E. W. Hornung,Adventure,2368,https://www.gutenberg.org/ebooks/26526
The Second Jungle Book,Rudyard Kipling,Adventure,2361,https://www.gutenberg.org/ebooks/1937
"Uncle Sam's Boys as Sergeants; or, Handling Their First Real Commands",H. Irving Hancock,Adventure,2357,https://www.gutenberg.org/ebooks/27679
The Brighton Boys in the Radio Service,James R. Driscoll,Adventure,2347,https://www.gutenberg.org/ebooks/22079
The Range Boss,Charles Alden Seltzer,Adventure,2347,https://www.gutenberg.org/ebooks/25754
"Big Game Shooting, volume 2 (of 2)",Clive Phillipps-Wolley,Adventure,2341,https://www.gutenberg.org/ebooks/48816
The Adventures of Buster Bear,Thornton W. Burgess,Adventure,2337,https://www.gutenberg.org/ebooks/22816
Hurricane Island,H. B. Marriott Watson,Adventure,2335,https://www.gutenberg.org/ebooks/28387
Een strijd om de schatten van Alva: of De watergeuzen in 1572 (Dutch),H. Bertrand and Archibald Clavering Gunter,Adventure,2334,https://www.gutenberg.org/ebooks/22686
The Open Boat and Other Stories,Stephen Crane,Adventure,2332,https://www.gutenberg.org/ebooks/45524
"Uncle Sam's Boys in the Philippines; or, Following the Flag against the Moros",H. Irving Hancock,Adventure,2327,https://www.gutenberg.org/ebooks/23447
As We Sweep Through The Deep,Gordon Stables,Adventure,2324,https://www.gutenberg.org/ebooks/25995
"Work and Win; Or, Noddy Newman on a Cruise",Oliver Optic,Adventure,2322,https://www.gutenberg.org/ebooks/23758
The Flight of Pony Baker,William Dean Howells,Adventure,2320,https://www.gutenberg.org/ebooks/22219
"The Young Adventurer; or, Tom's Trip Across the Plains",Jr. Horatio Alger,Adventure,2317,https://www.gutenberg.org/ebooks/27300
The Adventures of Piang the Moro Jungle Boy,Florence Partello Stuart,Adventure,2308,https://www.gutenberg.org/ebooks/22407
Frank Merriwell's Cruise,Burt L. Standish,Adventure,2300,https://www.gutenberg.org/ebooks/22265
"Yr Ynys Unyg; or, The lonely island :  a narrative for young people",Julia de Winton,Adventure,2292,https://www.gutenberg.org/ebooks/23090
The Odyssey,Homer,Poetry,181199,https://www.gutenberg.org/ebooks/1727
The Complete Works of William Shakespeare,William Shakespeare,Poetry,102086,https://www.gutenberg.org/ebooks/100
The Home Book of Verse — Volume 2,Burton Egbert Stevenson,Poetry,72898,https://www.gutenberg.org/ebooks/2620
Sonnets from the Portuguese,Elizabeth Barrett Browning,Poetry,71551,https://www.gutenberg.org/ebooks/2002
India's Love Lyrics,Laurence Hope,Poetry,69873,https://www.gutenberg.org/ebooks/8197
Biographia Literaria,Samuel Taylor Coleridge,Poetry,62840,https://www.gutenberg.org/ebooks/6081
The Bakhtyār Nāma: A Persian Romance,Unknown / Various,Poetry,54911,https://www.gutenberg.org/ebooks/60316
"Chaucer's Works, Volume 2 — Boethius and Troilus",Geoffrey Chaucer,Poetry,54768,https://www.gutenberg.org/ebooks/44833
Beowulf: An Anglo-Saxon Epic Poem,Unknown / Various,Poetry,45540,https://www.gutenberg.org/ebooks/16328
"The Metamorphoses of Ovid, Books I-VII",Ovid,Poetry,39944,https://www.gutenberg.org/ebooks/21765
The Aeneid,Virgil,Poetry,35455,https://www.gutenberg.org/ebooks/228
Don Juan,Baron George Gordon Byron Byron,Poetry,34517,https://www.gutenberg.org/ebooks/21700
"Divine Comedy, Longfellow's Translation, Hell",Dante Alighieri,Poetry,34281,https://www.gutenberg.org/ebooks/1001
Songs of Innocence and of Experience,William Blake,Poetry,34220,https://www.gutenberg.org/ebooks/1934
Spoon River Anthology,Edgar Lee Masters,Poetry,34154,https://www.gutenberg.org/ebooks/26471
The Divine Comedy of Dante Alighieri: The Inferno,Dante Alighieri,Poetry,33386,https://www.gutenberg.org/ebooks/41537
"The Canterbury Tales, and Other Poems",Geoffrey Chaucer,Poetry,33218,https://www.gutenberg.org/ebooks/2383
"The Lovers Assistant; Or, New Art of Love",Henry Fielding and Ovid,Poetry,33074,https://www.gutenberg.org/ebooks/31036
"Hesiod, the Homeric Hymns, and Homerica",Hesiod,Poetry,32992,https://www.gutenberg.org/ebooks/348
Childe Harold's Pilgrimage,Baron George Gordon Byron Byron,Poetry,32682,https://www.gutenberg.org/ebooks/5131
On the Nature of Things,Titus Lucretius Carus,Poetry,32441,https://www.gutenberg.org/ebooks/785
"Spenser's The Faerie Queene, Book I",Edmund Spenser,Poetry,32348,https://www.gutenberg.org/ebooks/15272
"Chaucer's Works, Volume 4 — The Canterbury Tales (Middle English (1100-1500))",Geoffrey Chaucer,Poetry,32244,https://www.gutenberg.org/ebooks/22120
Aeneidos (Latin),Virgil,Poetry,32229,https://www.gutenberg.org/ebooks/227
La Divina Commedia di Dante (Italian),Dante Alighieri,Poetry,31679,https://www.gutenberg.org/ebooks/1012
Shakespeare's Sonnets,William Shakespeare,Poetry,31404,https://www.gutenberg.org/ebooks/1041
Faust: Der Tragödie erster Teil (German),Johann Wolfgang von Goethe,Poetry,31257,https://www.gutenberg.org/ebooks/2229
Poems and Songs of Robert Burns,Robert Burns,Poetry,30320,https://www.gutenberg.org/ebooks/1279
Sir Gawayne and the Green Knight (Middle English (1100-1500)),Unknown / Various,Poetry,30237,https://www.gutenberg.org/ebooks/14568
The Works of Lord Byron. Vol. 4,Baron George Gordon Byron Byron,Poetry,29334,https://www.gutenberg.org/ebooks/20158
"The Satires of Juvenal, Persius, Sulpicia, and Lucilius","Persius, Gaius Lucilius, Juvenal, and Sulpicia",Poetry,29294,https://www.gutenberg.org/ebooks/50657
I. Beowulf: an Anglo-Saxon poem. II. The fight at Finnsburh: a fragment. (Old English (ca. 450-1100)),Unknown / Various,Poetry,28474,https://www.gutenberg.org/ebooks/9701
"Chaucer's Works, Volume 3 — The House of Fame; The Legend of Good Women; The Treatise on the Astrolabe; The Sources of the Canterbury Tales",Geoffrey Chaucer,Poetry,28436,https://www.gutenberg.org/ebooks/45027
"The Works of Alexander Pope, Volume 1",Alexander Pope,Poetry,28377,https://www.gutenberg.org/ebooks/32190
Kevättuulahduksia :  Runokokoelma (Finnish),Niilo Mantere,Poetry,28099,https://www.gutenberg.org/ebooks/78097
Ash-Wednesday,T. S. Eliot,Poetry,28024,https://www.gutenberg.org/ebooks/78023
Verses,Violet Jacob,Poetry,27919,https://www.gutenberg.org/ebooks/78110
Kotikuusta kuunnellessa :  Uusia runoelmia (Finnish),Niilo Mantere,Poetry,27849,https://www.gutenberg.org/ebooks/78093
The flower and the leaf,Unknown / Various,Poetry,27776,https://www.gutenberg.org/ebooks/78062
"The complete works of John Gower, volume 2 :  The English works",John Gower,Poetry,27725,https://www.gutenberg.org/ebooks/71162
Elämän urpuja (Finnish),Viljami Vuokoski,Poetry,27630,https://www.gutenberg.org/ebooks/78113
The divine comedy,Dante Alighieri,Poetry,19215,https://www.gutenberg.org/ebooks/8800
La Odisea (Spanish),Homer,Poetry,18989,https://www.gutenberg.org/ebooks/58221
Songs and rhymes of a lead miner,Thomas Grierson Gracie,Poetry,17476,https://www.gutenberg.org/ebooks/76732
Poems Every Child Should Know,Unknown / Various,Poetry,15591,https://www.gutenberg.org/ebooks/21436
"The Rámáyan of Válmíki, translated into English verse",Valmiki,Poetry,13734,https://www.gutenberg.org/ebooks/24869
The Prophet,Kahlil Gibran,Poetry,11904,https://www.gutenberg.org/ebooks/58585
The Poetics of Aristotle,Aristotle,Poetry,10325,https://www.gutenberg.org/ebooks/1974
Leaves of Grass,Walt Whitman,Poetry,10053,https://www.gutenberg.org/ebooks/1322
Bildergeschichten (German),Wilhelm Busch,Poetry,9976,https://www.gutenberg.org/ebooks/19636
Faust [part 1]. Translated Into English in the Original Metres,Johann Wolfgang von Goethe,Poetry,8493,https://www.gutenberg.org/ebooks/14591
Life: Poem XXI,Emily Dickinson,Poetry,7743,https://www.gutenberg.org/ebooks/26248
Art and Heart,Ella Wheeler Wilcox,Poetry,7632,https://www.gutenberg.org/ebooks/19577
"Cowboy songs, and other frontier ballads",Unknown / Various,Poetry,7415,https://www.gutenberg.org/ebooks/21300
"The Odysseys of Homer, together with the shorter poems",Homer,Poetry,7127,https://www.gutenberg.org/ebooks/48895
The Canterbury Tales,Geoffrey Chaucer,Poetry,6794,https://www.gutenberg.org/ebooks/23722
Der Struwwelpeter (German),Heinrich Hoffmann,Poetry,6781,https://www.gutenberg.org/ebooks/24571
The Marriage of Heaven and Hell,William Blake,Poetry,6329,https://www.gutenberg.org/ebooks/45315
"The Song Celestial; Or, Bhagavad-Gîtâ (from the Mahâbhârata)",Unknown / Various,Poetry,6201,https://www.gutenberg.org/ebooks/2388
"Poems by Emily Dickinson, Three Series, Complete",Emily Dickinson,Poetry,6168,https://www.gutenberg.org/ebooks/12242
Poetical Works of Matthew Arnold,Matthew Arnold,Poetry,6108,https://www.gutenberg.org/ebooks/27739
The Argonautica,Rhodius Apollonius,Poetry,6095,https://www.gutenberg.org/ebooks/830
The Book of Ballads,Sir Theodore Martin and William Edmondstoune Aytoun,Poetry,6052,https://www.gutenberg.org/ebooks/44798
A Child's Garden of Verses,Robert Louis Stevenson,Poetry,5954,https://www.gutenberg.org/ebooks/25609
The Works of Lord Byron. Vol. 3,Baron George Gordon Byron Byron,Poetry,5950,https://www.gutenberg.org/ebooks/21811
"Poems of Henry Vaughan, Silurist, Volume II",Henry Vaughan,Poetry,5945,https://www.gutenberg.org/ebooks/28375
"The Works of Lord Byron, Vol. 7. Poetry",Baron George Gordon Byron Byron,Poetry,5906,https://www.gutenberg.org/ebooks/27577
The Aeneid of Virgil,Virgil,Poetry,5694,https://www.gutenberg.org/ebooks/22456
"Poems, with The Ballad of Reading Gaol",Oscar Wilde,Poetry,5615,https://www.gutenberg.org/ebooks/1057
"The Tao Teh King, or the Tao and its Characteristics",Laozi,Poetry,5572,https://www.gutenberg.org/ebooks/216
"The Works of Christopher Marlowe, Vol. 3 (of 3)",Christopher Marlowe,Poetry,5570,https://www.gutenberg.org/ebooks/21262
Language of Flowers,Kate Greenaway,Poetry,5550,https://www.gutenberg.org/ebooks/31591
Struwwelpeter: Merry Stories and Funny Pictures,Heinrich Hoffmann,Poetry,5452,https://www.gutenberg.org/ebooks/12116
"Dhammapada, a Collection of Verses; Being One of the Canonical Books of the Buddhists",Unknown / Various,Poetry,5362,https://www.gutenberg.org/ebooks/2017
The Works of Lord Byron. Vol. 2,Baron George Gordon Byron Byron,Poetry,5259,https://www.gutenberg.org/ebooks/25340
Jabberwocky,Lewis Carroll,Poetry,5253,https://www.gutenberg.org/ebooks/23717
Selected Poems of Emily Dickinson,Emily Dickinson,Poetry,5114,https://www.gutenberg.org/ebooks/22444
Fire and Ice,Robert Frost,Poetry,5103,https://www.gutenberg.org/ebooks/20030
"Journeys Through Bookland, Vol. 7",Charles Herbert Sylvester,Poetry,5043,https://www.gutenberg.org/ebooks/23405
The Works of Lord Byron. Vol. 5,Baron George Gordon Byron Byron,Poetry,5040,https://www.gutenberg.org/ebooks/23475
"The Younger Edda; Also called Snorre's Edda, or The Prose Edda",Snorri Sturluson,Poetry,4914,https://www.gutenberg.org/ebooks/18947
The Children's Garland from the Best Poets,Unknown / Various,Poetry,4791,https://www.gutenberg.org/ebooks/27441
The Metamorphoses of Publius Ovidus Naso in English blank verse Vols. I & II,Ovid,Poetry,4773,https://www.gutenberg.org/ebooks/28621
Poems with Power to Strengthen the Soul,Unknown / Various,Poetry,4704,https://www.gutenberg.org/ebooks/28591
Negro Folk Rhymes,Thomas Washington Talley,Poetry,4538,https://www.gutenberg.org/ebooks/27195
Faust: Eine Tragödie [erster Teil] (German),Johann Wolfgang von Goethe,Poetry,4514,https://www.gutenberg.org/ebooks/21000
Twas the Night before Christmas: A Visit from St. Nicholas,Clement Clarke Moore,Poetry,4486,https://www.gutenberg.org/ebooks/17135
The vision of hell.,Dante Alighieri,Poetry,4286,https://www.gutenberg.org/ebooks/8789
The Principles of English Versification,Paull F. Baum,Poetry,4255,https://www.gutenberg.org/ebooks/21342
Imaginary Conversations and Poems: A Selection,Walter Savage Landor,Poetry,4228,https://www.gutenberg.org/ebooks/21628
The Iliad of Homer,Homer,Poetry,4110,https://www.gutenberg.org/ebooks/16452
"Robert Burns. Vol. 2, Les Oeuvres (French)",Auguste Angellier,Poetry,4110,https://www.gutenberg.org/ebooks/27451
Sonnets,William Shakespeare,Poetry,4045,https://www.gutenberg.org/ebooks/23970
Kalevala : the Epic Poem of Finland — Complete,Unknown / Various,Poetry,4009,https://www.gutenberg.org/ebooks/5186
The Flowers of Evil,Charles Baudelaire,Poetry,3971,https://www.gutenberg.org/ebooks/36098
The Hesperides & Noble Numbers: Vol. 1 and 2,Robert Herrick,Poetry,3956,https://www.gutenberg.org/ebooks/22421
The poetic Edda :  Translated from the Icelandic with an introduction and notes,Unknown / Various,Poetry,3943,https://www.gutenberg.org/ebooks/73533
Cautionary Tales for Children,Hilaire Belloc,Poetry,3846,https://www.gutenberg.org/ebooks/27424
"The Story of Beowulf, Translated from Anglo-Saxon into Modern English Prose",Unknown / Various,Poetry,3829,https://www.gutenberg.org/ebooks/50742
Poems,Ralph Waldo Emerson,Poetry,3740,https://www.gutenberg.org/ebooks/12843
The Authoress of the Odyssey,Samuel Butler,Poetry,3723,https://www.gutenberg.org/ebooks/49324
The Posy Ring: A Book of Verse for Children,Unknown / Various,Poetry,3715,https://www.gutenberg.org/ebooks/22922
"Library of the World's Best Literature, Ancient and Modern — Volume 07",Unknown / Various,Poetry,3666,https://www.gutenberg.org/ebooks/28684
Sonnet 43,Elizabeth Barrett Browning,Poetry,3655,https://www.gutenberg.org/ebooks/21161
Indian Poetry,Sir Edwin Arnold,Poetry,3653,https://www.gutenberg.org/ebooks/25965
Poems of Rural Life in the Dorset Dialect,William Barnes,Poetry,3646,https://www.gutenberg.org/ebooks/21785
"The Temple of Nature; or, the Origin of Society: A Poem, with Philosophical Notes",Erasmus Darwin,Poetry,3619,https://www.gutenberg.org/ebooks/26861
Poems of Gerard Manley Hopkins,Gerard Manley Hopkins,Poetry,3618,https://www.gutenberg.org/ebooks/22447
Pamphlets and Parodies on Political Subjects,William Hone,Poetry,3615,https://www.gutenberg.org/ebooks/44520
Golden Moments,Anonymous,Poetry,3572,https://www.gutenberg.org/ebooks/22308
La Divina Comedia (Spanish),Dante Alighieri,Poetry,3557,https://www.gutenberg.org/ebooks/57303
El paraíso perdido (Spanish),John Milton,Poetry,3508,https://www.gutenberg.org/ebooks/67092
"Divine Comedy, Longfellow's Translation, Complete",Dante Alighieri,Poetry,3494,https://www.gutenberg.org/ebooks/1004
The Epic of Gilgamish,Stephen Langdon,Poetry,3491,https://www.gutenberg.org/ebooks/18897
The Nursery Rhyme Book,Unknown / Various,Poetry,3470,https://www.gutenberg.org/ebooks/26197
Translations of German Poetry in American Magazines 1741-1810,Edward Ziegler Davis,Poetry,3468,https://www.gutenberg.org/ebooks/24815
Mi Ultimo Adiós (Spanish),José Rizal,Poetry,3445,https://www.gutenberg.org/ebooks/18600
Egyptian Literature,Unknown / Various,Poetry,3415,https://www.gutenberg.org/ebooks/28282
The Owl and the Pussycat,Edward Lear,Poetry,3344,https://www.gutenberg.org/ebooks/23897
The Complete Poetical Works of Henry Wadsworth Longfellow,Henry Wadsworth Longfellow,Poetry,3308,https://www.gutenberg.org/ebooks/1365
A Shropshire Lad,A. E. Housman,Poetry,3279,https://www.gutenberg.org/ebooks/5720
Figures of Several Centuries,Arthur Symons,Poetry,3261,https://www.gutenberg.org/ebooks/21407
The Complete Poetical Works of Edgar Allan Poe,Edgar Allan Poe,Poetry,3248,https://www.gutenberg.org/ebooks/10031
Ballads of a Bohemian,Robert W. Service,Poetry,3181,https://www.gutenberg.org/ebooks/28836
The Early Poems of Alfred Lord Tennyson,Baron Alfred Tennyson Tennyson,Poetry,3165,https://www.gutenberg.org/ebooks/8601
Gitanjali,Rabindranath Tagore,Poetry,3163,https://www.gutenberg.org/ebooks/7164
Les Fleurs du Mal (French),Charles Baudelaire,Poetry,3075,https://www.gutenberg.org/ebooks/6099
Idylls of the King,Baron Alfred Tennyson Tennyson,Poetry,3067,https://www.gutenberg.org/ebooks/610
"Lyrical Ballads, With a Few Other Poems (1798)",Samuel Taylor Coleridge and William Wordsworth,Poetry,3052,https://www.gutenberg.org/ebooks/9622
Tales and Novels of J. de La Fontaine — Complete,Jean de La Fontaine,Poetry,3024,https://www.gutenberg.org/ebooks/5300
Ionica,William Johnson Cory,Poetry,3019,https://www.gutenberg.org/ebooks/21766
La Ilíada (Spanish),Homer,Poetry,2992,https://www.gutenberg.org/ebooks/57654
Die Dichtungen von Georg Trakl (German),Georg Trakl,Poetry,2990,https://www.gutenberg.org/ebooks/29006
"The Metamorphoses of Ovid, Books VIII-XV",Ovid,Poetry,2985,https://www.gutenberg.org/ebooks/26073
Victorian Songs: Lyrics of the Affections and Nature,Unknown / Various,Poetry,2983,https://www.gutenberg.org/ebooks/26715
The Complete Poetical Works of Percy Bysshe Shelley — Complete,Percy Bysshe Shelley,Poetry,2983,https://www.gutenberg.org/ebooks/4800
Browning's Heroines,Ethel Colburn Mayne,Poetry,2980,https://www.gutenberg.org/ebooks/21247
The Satires of A. Persius Flaccus (Latin),Persius,Poetry,2975,https://www.gutenberg.org/ebooks/22119
La Chanson de Roland : Translated from the Seventh Edition of Léon Gautier,Unknown / Various,Poetry,2972,https://www.gutenberg.org/ebooks/23819
The Poetical Works of William Wordsworth — Volume 2 (of 8),William Wordsworth,Poetry,2971,https://www.gutenberg.org/ebooks/12145
Fables for the Frivolous,Guy Wetmore Carryl,Poetry,2969,https://www.gutenberg.org/ebooks/20026
The Complete Poetic and Dramatic Works of Robert Browning,Robert Browning,Poetry,2967,https://www.gutenberg.org/ebooks/50954
The Nibelungenlied,Unknown / Various,Poetry,2950,https://www.gutenberg.org/ebooks/7321
"Selected Poems of John Clare, Volume 1",John Clare,Poetry,2922,https://www.gutenberg.org/ebooks/22443
The Elder Eddas of Saemund Sigfusson; and the Younger Eddas of Snorre Sturleson,Snorri Sturluson and Sæmundur fróði,Poetry,2911,https://www.gutenberg.org/ebooks/14726
"Aesop, in Rhyme: Old Friends in a New Dress",Aesop and Marmaduke Park,Poetry,2893,https://www.gutenberg.org/ebooks/21189
Jubelklangen :  Andliga sånger (Swedish),Unknown / Various,Poetry,2892,https://www.gutenberg.org/ebooks/76549
"The Best of the World's Classics, Vol. V (of X) - Great Britain and Ireland III",Unknown / Various,Poetry,2891,https://www.gutenberg.org/ebooks/22182
"Wit and Mirth: or Pills to Purge Melancholy, Vol. 5 of 6",Unknown / Various,Poetry,2886,https://www.gutenberg.org/ebooks/26679
Cathay,Ezra Pound and Bai Li,Poetry,2871,https://www.gutenberg.org/ebooks/19679
"The Modern Scottish Minstrel, Volume 5.",Unknown / Various,Poetry,2848,https://www.gutenberg.org/ebooks/22142
Keats: Poems Published in 1820,John Keats,Poetry,2844,https://www.gutenberg.org/ebooks/23684
C. F. Gellerts Sämmtliche Schriften (German),Christian Fürchtegott Gellert,Poetry,2842,https://www.gutenberg.org/ebooks/22167
The Waste Land,T. S. Eliot,Poetry,2827,https://www.gutenberg.org/ebooks/1321
The Song of Hiawatha,Henry Wadsworth Longfellow,Poetry,2824,https://www.gutenberg.org/ebooks/19
The Rime of the Ancient Mariner,Samuel Taylor Coleridge,Poetry,2813,https://www.gutenberg.org/ebooks/151
Lyrics from the Song-Books of the Elizabethan Age,Unknown / Various,Poetry,2809,https://www.gutenberg.org/ebooks/27129
Helen Redeemed and Other Poems,Maurice Hewlett,Poetry,2808,https://www.gutenberg.org/ebooks/22803
An Essay on Man; Moral Essays and Satires,Alexander Pope,Poetry,2806,https://www.gutenberg.org/ebooks/2428
Os Lusíadas (Portuguese),Luís de Camões,Poetry,2805,https://www.gutenberg.org/ebooks/3333
"Selections from Early Middle English, 1130-1250. Part 1: Texts",Unknown / Various,Poetry,2804,https://www.gutenberg.org/ebooks/26413
The Raven,Edgar Allan Poe,Poetry,2801,https://www.gutenberg.org/ebooks/1065
Max und Moritz: Eine Bubengeschichte in sieben Streichen (German),Wilhelm Busch,Poetry,2801,https://www.gutenberg.org/ebooks/17161
If,Rudyard Kipling,Poetry,2789,https://www.gutenberg.org/ebooks/23967
Penguin Persons & Peppermints,Walter Prichard Eaton,Poetry,2783,https://www.gutenberg.org/ebooks/26405
The Rubaiyat of Omar Khayyam,Omar Khayyam,Poetry,2782,https://www.gutenberg.org/ebooks/246
Modern British Poetry,Unknown / Various,Poetry,2780,https://www.gutenberg.org/ebooks/26785
The Iliads of Homer,Homer,Poetry,2777,https://www.gutenberg.org/ebooks/51355
Stray Birds,Rabindranath Tagore,Poetry,2774,https://www.gutenberg.org/ebooks/6524
Sonnet 130,William Shakespeare,Poetry,2772,https://www.gutenberg.org/ebooks/24036
The Dance of Death,Gilles Corrozet and Jean de Vauzelles,Poetry,2767,https://www.gutenberg.org/ebooks/21790
The gardener,Rabindranath Tagore,Poetry,2761,https://www.gutenberg.org/ebooks/6686
Chatterbox Stories of Natural History,Anonymous,Poetry,2695,https://www.gutenberg.org/ebooks/22408
Distruzione: Poema Futurista (Italian),F. T. Marinetti,Poetry,2685,https://www.gutenberg.org/ebooks/25210
Poetics,Aristotle,Poetry,2683,https://www.gutenberg.org/ebooks/20685
Mother Goose's Nursery Rhymes,Unknown / Various,Poetry,2673,https://www.gutenberg.org/ebooks/39784
Ancient Ballads and Legends of Hindustan,Toru Dutt,Poetry,2642,https://www.gutenberg.org/ebooks/23245
Danse Russe,William Carlos Williams,Poetry,2638,https://www.gutenberg.org/ebooks/19783
"Lundy's Lane, and Other Poems",Duncan Campbell Scott,Poetry,2628,https://www.gutenberg.org/ebooks/22717
The Poetical Works of John Milton,John Milton,Poetry,2626,https://www.gutenberg.org/ebooks/1745
The Patriotic Poems of Walt Whitman,Walt Whitman,Poetry,2615,https://www.gutenberg.org/ebooks/27494
A Dream within a Dream,Edgar Allan Poe,Poetry,2552,https://www.gutenberg.org/ebooks/28908
"Ars Amatoria; or, The Art Of Love",Ovid,Poetry,2546,https://www.gutenberg.org/ebooks/47677
"The Rape of the Lock, and Other Poems",Alexander Pope,Poetry,2542,https://www.gutenberg.org/ebooks/9800
Mark Twain's Speeches,Mark Twain,Poetry,2532,https://www.gutenberg.org/ebooks/3188
An Old Babylonian Version of the Gilgamesh Epic,Morris Jastrow and Albert Tobias Clay,Poetry,2501,https://www.gutenberg.org/ebooks/11000
Troilus and Criseyde,Geoffrey Chaucer,Poetry,2479,https://www.gutenberg.org/ebooks/257
Poesias (Portuguese),Alexandre Herculano,Poetry,2476,https://www.gutenberg.org/ebooks/25925
The Complete Poetical Works of Samuel Taylor Coleridge. Vol 1 and 2,Samuel Taylor Coleridge,Poetry,2473,https://www.gutenberg.org/ebooks/29090
A cat book,E. V. Lucas,Poetry,2472,https://www.gutenberg.org/ebooks/79268
The Angel in the House,Coventry Patmore,Poetry,2468,https://www.gutenberg.org/ebooks/4099
Lays of Ancient Rome,Baron Thomas Babington Macaulay Macaulay,Poetry,2468,https://www.gutenberg.org/ebooks/847
Evangeline,Henry Wadsworth Longfellow,Poetry,2462,https://www.gutenberg.org/ebooks/15390
Now we are six,A. A. Milne,Poetry,2456,https://www.gutenberg.org/ebooks/70516
American nights entertainment,Grant M. Overton,Poetry,2440,https://www.gutenberg.org/ebooks/70313
Homer: The Iliad; The Odyssey,W. Lucas Collins,Poetry,2429,https://www.gutenberg.org/ebooks/59306
Tales of a Wayside Inn,Henry Wadsworth Longfellow,Poetry,2428,https://www.gutenberg.org/ebooks/25153
"The Works of Horace, with English Notes (Latin)",Horace,Poetry,2383,https://www.gutenberg.org/ebooks/46938
To Lesbia,Gaius Valerius Catullus,Poetry,2381,https://www.gutenberg.org/ebooks/23720
Original sonnets on various subjects; and odes paraphrased from Horace,Anna Seward,Poetry,2372,https://www.gutenberg.org/ebooks/27663
The Hunting of the Snark: An Agony in Eight Fits,Lewis Carroll,Poetry,2348,https://www.gutenberg.org/ebooks/13
The Autobiography of Goethe,Johann Wolfgang von Goethe,Poetry,2343,https://www.gutenberg.org/ebooks/52654
"The Poems of John Donne, Volume 1 (of 2)",John Donne,Poetry,2342,https://www.gutenberg.org/ebooks/48688
The Tiger,William Blake,Poetry,2338,https://www.gutenberg.org/ebooks/21177
The Real Mother Goose,Unknown / Various,Poetry,2332,https://www.gutenberg.org/ebooks/10607
"The World's Best Poetry, Volume 10: Poetical Quotations",Unknown / Various,Poetry,2316,https://www.gutenberg.org/ebooks/12925
The New Life (La Vita Nuova),Dante Alighieri,Poetry,2298,https://www.gutenberg.org/ebooks/41085
Poems by Adam Lindsay Gordon,Adam Lindsay Gordon,Poetry,2273,https://www.gutenberg.org/ebooks/258
Grimm Tales Made Gay,Guy Wetmore Carryl,Poetry,2273,https://www.gutenberg.org/ebooks/23024
Charmes (French),Paul Valéry,Poetry,2266,https://www.gutenberg.org/ebooks/71062
A Vagabond Song,Bliss Carman,Poetry,2252,https://www.gutenberg.org/ebooks/19583
李太白集 (Chinese),Bai Li,Poetry,2249,https://www.gutenberg.org/ebooks/24060
Marmion: A Tale Of Flodden Field,Walter Scott,Poetry,2245,https://www.gutenberg.org/ebooks/4010
Lamia,John Keats,Poetry,2222,https://www.gutenberg.org/ebooks/2490
The liberty minstrel,George Washington Clark,Poetry,2208,https://www.gutenberg.org/ebooks/22089
The language of flowers :  The floral offering ; a token of affection and esteem ; comprising the language and poetry of flowers,Henrietta Dumont,Poetry,2205,https://www.gutenberg.org/ebooks/71779
The Essays of Adam Smith,Adam Smith,Poetry,2202,https://www.gutenberg.org/ebooks/58559
"The Forerunner, His Parables and Poems",Kahlil Gibran,Poetry,2184,https://www.gutenberg.org/ebooks/54580
Teckningar och drömmar (Swedish),Fredrika Charlotta Tengström Runeberg,Poetry,2183,https://www.gutenberg.org/ebooks/27875
Newton's Principia :  The mathematical principles of natural philosophy,Isaac Newton,Poetry,2163,https://www.gutenberg.org/ebooks/76404
The Secrets of the Self (Asrar-i Khudi) — A Philosophical Poem,Sir Muhammad Iqbal,Poetry,2151,https://www.gutenberg.org/ebooks/57317
The Book of Brave Old Ballads,Unknown / Various,Poetry,2145,https://www.gutenberg.org/ebooks/25480
"The Lusiad; Or, The Discovery of India, an Epic Poem",Luís de Camões,Poetry,2135,https://www.gutenberg.org/ebooks/32528
The Renaissance: Studies in Art and Poetry,Walter Pater,Poetry,2122,https://www.gutenberg.org/ebooks/2398
Pátria (Portuguese),Abílio Manuel Guerra Junqueiro,Poetry,2112,https://www.gutenberg.org/ebooks/21209
The Book of the Epic: The World's Great Epics Told in Story,H. A. Guerber,Poetry,2107,https://www.gutenberg.org/ebooks/13983
Robert Burns,John Campbell Shairp,Poetry,2099,https://www.gutenberg.org/ebooks/21330
"Pan Tadeusz; or, The last foray in Lithuania",Adam Mickiewicz,Poetry,2095,https://www.gutenberg.org/ebooks/28240
"Odysseus, the Hero of Ithaca",Homer,Poetry,2085,https://www.gutenberg.org/ebooks/24856
The poems of Heine; Complete,Heinrich Heine,Poetry,2082,https://www.gutenberg.org/ebooks/52882
"Chaucer's Works, Volume 1 — Romaunt of the Rose; Minor Poems",Geoffrey Chaucer,Poetry,2066,https://www.gutenberg.org/ebooks/43089
The poetry of pathos & delight :  from the works of Coventry Patmore,Coventry Patmore,Poetry,2056,https://www.gutenberg.org/ebooks/79143
Selected Lullabies,Eugene Field,Poetry,2033,https://www.gutenberg.org/ebooks/26575
Childhood's Favorites and Fairy Stories,Unknown / Various,Poetry,2029,https://www.gutenberg.org/ebooks/19993
Fifteen sonnets of Petrarch,Francesco Petrarca,Poetry,2029,https://www.gutenberg.org/ebooks/50307
Beowulf,Unknown / Various,Poetry,2019,https://www.gutenberg.org/ebooks/981
"Literary and Philosophical Essays: French, German and Italian","Friedrich Schiller, Gotthold Ephraim Lessing, Michel de Montaigne, Immanuel Kant, Ernest Renan, Charles Augustin Sainte-Beuve, and Giuseppe Mazzini",Poetry,2012,https://www.gutenberg.org/ebooks/5637
To His Coy Mistress,Andrew Marvell,Poetry,2004,https://www.gutenberg.org/ebooks/26288
Parzival: A Knightly Epic (vol. 1 of 2),von Eschenbach Wolfram,Poetry,2002,https://www.gutenberg.org/ebooks/47297
Poet To His Love,Maxwell Bodenheim,Poetry,1996,https://www.gutenberg.org/ebooks/21155
La Divina Commedia di Dante: Complete (Italian),Dante Alighieri,Poetry,1994,https://www.gutenberg.org/ebooks/1000
Laatste verzen (Dutch),Guido Gezelle,Poetry,1979,https://www.gutenberg.org/ebooks/27512
The Three Bears,Anonymous,Poetry,1978,https://www.gutenberg.org/ebooks/23322
A Defence of Poesie and Poems,Philip Sidney,Poetry,1976,https://www.gutenberg.org/ebooks/1962
The Poetical Works of William Wordsworth — Volume 3 (of 8),William Wordsworth,Poetry,1976,https://www.gutenberg.org/ebooks/12383
A Poetical Cook-Book,Maria J. Moss,Poetry,1975,https://www.gutenberg.org/ebooks/25631
Poems & Ballads (Second Series),Algernon Charles Swinburne,Poetry,1972,https://www.gutenberg.org/ebooks/27401
The Madman: His Parables and Poems,Kahlil Gibran,Poetry,1965,https://www.gutenberg.org/ebooks/5616
"The Poems of Jonathan Swift, D.D., Volume 2",Jonathan Swift,Poetry,1955,https://www.gutenberg.org/ebooks/13621
"Divine Comedy, Cary's Translation, Complete",Dante Alighieri,Poetry,1952,https://www.gutenberg.org/ebooks/1008
Ομήρου Οδύσσεια Τόμος Γ (Modern Greek (1453-)),Homer,Poetry,1951,https://www.gutenberg.org/ebooks/30615
Death Be Not Proud,John Donne,Poetry,1950,https://www.gutenberg.org/ebooks/19784
Maurine and Other Poems,Ella Wheeler Wilcox,Poetry,1949,https://www.gutenberg.org/ebooks/26333
Orlando Furioso,Lodovico Ariosto,Poetry,1943,https://www.gutenberg.org/ebooks/615
Ophelia,Walter De la Mare,Poetry,1936,https://www.gutenberg.org/ebooks/26588
"Divine Comedy, Longfellow's Translation, Purgatory",Dante Alighieri,Poetry,1933,https://www.gutenberg.org/ebooks/1002
An Essay on Criticism,Alexander Pope,Poetry,1926,https://www.gutenberg.org/ebooks/7409
The Biglow Papers,James Russell Lowell,Poetry,1923,https://www.gutenberg.org/ebooks/22680
Selected Poems,Robert Frost,Poetry,1923,https://www.gutenberg.org/ebooks/59824
A Defence of Poetry and Other Essays,Percy Bysshe Shelley,Poetry,1915,https://www.gutenberg.org/ebooks/5428
The Nursery Rhymes of England,Unknown / Various,Poetry,1915,https://www.gutenberg.org/ebooks/32415
"Rubáiyát of Omar Khayyám, and Salámán and Absál","Ralph Waldo Emerson, Omar Khayyam, and Jami",Poetry,1915,https://www.gutenberg.org/ebooks/22535
The Fables of La Fontaine,Jean de La Fontaine,Poetry,1914,https://www.gutenberg.org/ebooks/50316
The Boys' And Girls' Library,Unknown / Various,Poetry,1909,https://www.gutenberg.org/ebooks/35149
Azul... (Spanish),Rubén Darío,Poetry,1894,https://www.gutenberg.org/ebooks/52894
I. Beówulf: an Anglo-Saxon poem. II. The fight at Finnsburh: a fragment. (Old English (ca. 450-1100)),Unknown / Various,Poetry,1879,https://www.gutenberg.org/ebooks/9700
The Works of Lord Byron. Vol. 6,Baron George Gordon Byron Byron,Poetry,1877,https://www.gutenberg.org/ebooks/18762
"The Modern Scottish Minstrel, Volume 6.",Unknown / Various,Poetry,1871,https://www.gutenberg.org/ebooks/22229
Aristotle on the art of poetry,Aristotle,Poetry,1870,https://www.gutenberg.org/ebooks/6763
The Poems of Sappho: An Interpretative Rendition into English,Sappho,Poetry,1854,https://www.gutenberg.org/ebooks/42166
Ballads of Robin Hood and other Outlaws,Frank Sidgwick,Poetry,1848,https://www.gutenberg.org/ebooks/28744
Translations of Shakuntala and Other Works,Kālidāsa,Poetry,1844,https://www.gutenberg.org/ebooks/16659
唐才子傳 (Chinese),active 13th century-14th century Wenfang Xin,Poetry,1838,https://www.gutenberg.org/ebooks/28714
The Works of William Cowper,William Cowper,Poetry,1838,https://www.gutenberg.org/ebooks/47790
Tender Buttons,Gertrude Stein,Poetry,1836,https://www.gutenberg.org/ebooks/15396
El arte de amar (Spanish),Ovid,Poetry,1832,https://www.gutenberg.org/ebooks/67961
Mother Goose or the Old Nursery Rhymes,Unknown / Various,Poetry,1823,https://www.gutenberg.org/ebooks/23794
唐诗三百首 (Chinese),Unknown / Various,Poetry,1820,https://www.gutenberg.org/ebooks/52323
The Georgics,Virgil,Poetry,1814,https://www.gutenberg.org/ebooks/232
The Cow,Robert Louis Stevenson,Poetry,1814,https://www.gutenberg.org/ebooks/23902
Poems of Paul Verlaine,Paul Verlaine,Poetry,1812,https://www.gutenberg.org/ebooks/8426
"The Works of Lord Byron, Vol. 1. Poetry",Baron George Gordon Byron Byron,Poetry,1812,https://www.gutenberg.org/ebooks/8861
The Homeric Hymns,Andrew Lang,Poetry,1804,https://www.gutenberg.org/ebooks/16338
"The Divine Comedy by Dante, Illustrated, Paradise, Complete",Dante Alighieri,Poetry,1802,https://www.gutenberg.org/ebooks/8799
Selected Prose of Oscar Wilde,Oscar Wilde,Poetry,1802,https://www.gutenberg.org/ebooks/1338
The Works of Horace,Horace,Poetry,1785,https://www.gutenberg.org/ebooks/14020
"In The Yule-Log Glow, Book IV",Harrison S. Morris,Poetry,1785,https://www.gutenberg.org/ebooks/20956
The Collected Poems of Rupert Brooke,Rupert Brooke,Poetry,1783,https://www.gutenberg.org/ebooks/262
Kalevala (Finnish),Unknown / Various,Poetry,1776,https://www.gutenberg.org/ebooks/7000
The Defence of Guenevere and Other Poems,William Morris,Poetry,1775,https://www.gutenberg.org/ebooks/22650
Beowulf: An Introduction to the Study of the Poem with a Discussion of the Stories of Offa and Finn,R. W. Chambers,Poetry,1774,https://www.gutenberg.org/ebooks/34117
Y Gododin: A Poem of the Battle of Cattraeth (Welsh),Aneirin,Poetry,1774,https://www.gutenberg.org/ebooks/9842
"The $30,000 Bequest, and Other Stories",Mark Twain,Poetry,1770,https://www.gutenberg.org/ebooks/142
The Home Book of Verse — Volume 1,Burton Egbert Stevenson,Poetry,1762,https://www.gutenberg.org/ebooks/2619
Faust: Der Tragödie zweiter Teil (German),Johann Wolfgang von Goethe,Poetry,1760,https://www.gutenberg.org/ebooks/2230
When we were very young,A. A. Milne,Poetry,1757,https://www.gutenberg.org/ebooks/70271
The Poems of Felicia Hemans,Mrs. Hemans,Poetry,1736,https://www.gutenberg.org/ebooks/66785
The Fall of Troy,active 4th century Smyrnaeus Quintus,Poetry,1736,https://www.gutenberg.org/ebooks/658
"The Divine Comedy by Dante, Illustrated, Purgatory, Complete",Dante Alighieri,Poetry,1733,https://www.gutenberg.org/ebooks/8795
The Home Book of Verse — Volume 3,Burton Egbert Stevenson,Poetry,1733,https://www.gutenberg.org/ebooks/2621
When We Two Parted,Baron George Gordon Byron Byron,Poetry,1733,https://www.gutenberg.org/ebooks/21182
The Works of Rudyard Kipling: One Volume Edition,Rudyard Kipling,Poetry,1730,https://www.gutenberg.org/ebooks/2334
The Story of the Hymns and Tunes,Hezekiah Butterworth and Theron Brown,Poetry,1728,https://www.gutenberg.org/ebooks/18444
Poems You Ought to Know,Elia Wilkinson Peattie,Poetry,1721,https://www.gutenberg.org/ebooks/53415
A Calendar of Sonnets,Helen Hunt Jackson,Poetry,1717,https://www.gutenberg.org/ebooks/19504
Endymion: A Poetic Romance,John Keats,Poetry,1716,https://www.gutenberg.org/ebooks/24280
Robert Louis Stevenson reader,Robert Louis Stevenson and Catherine T. Bryce,Poetry,1712,https://www.gutenberg.org/ebooks/79196
"Poems on various subjects, religious and moral",Phillis Wheatley,Poetry,1704,https://www.gutenberg.org/ebooks/409
Selections from the Poems and Plays of Robert Browning,Robert Browning,Poetry,1704,https://www.gutenberg.org/ebooks/28041
L'Odyssée (French),Homer,Poetry,1702,https://www.gutenberg.org/ebooks/52927
The Poetical Works of William Wordsworth — Volume 1 (of 8),William Wordsworth,Poetry,1697,https://www.gutenberg.org/ebooks/10219
"The Mahabharata of Krishna-Dwaipayana Vyasa, Volume 4",Unknown / Various,Poetry,1696,https://www.gutenberg.org/ebooks/15477
Aurora Leigh,Elizabeth Barrett Browning,Poetry,1693,https://www.gutenberg.org/ebooks/56621
The Spell of the Yukon and Other Verses,Robert W. Service,Poetry,1692,https://www.gutenberg.org/ebooks/207
"The Æneid of Virgil, Translated into English Verse",Virgil,Poetry,1687,https://www.gutenberg.org/ebooks/18466
The Autocrat of the Breakfast-Table,Oliver Wendell Holmes,Poetry,1677,https://www.gutenberg.org/ebooks/751
Émile Verhaeren,Stefan Zweig,Poetry,1674,https://www.gutenberg.org/ebooks/35387
Catulli Carmina (Latin),Gaius Valerius Catullus and Robinson Ellis,Poetry,1674,https://www.gutenberg.org/ebooks/23294
The Golden Treasury,Unknown / Various,Poetry,1669,https://www.gutenberg.org/ebooks/32373
Selections from Poe,Edgar Allan Poe,Poetry,1665,https://www.gutenberg.org/ebooks/8893
Le roman de la rose - Tome I (French),de Lorris Guillaume and de Meun Jean,Poetry,1662,https://www.gutenberg.org/ebooks/16816
Tudor and Stuart Love Songs,Unknown / Various,Poetry,1660,https://www.gutenberg.org/ebooks/26398
Modern Essays,Unknown / Various,Poetry,1652,https://www.gutenberg.org/ebooks/38280
A Hundred and Seventy Chinese Poems,Unknown / Various,Poetry,1650,https://www.gutenberg.org/ebooks/42290
An Introduction to the Study of Robert Browning's Poetry,Robert Browning and Hiram Corson,Poetry,1648,https://www.gutenberg.org/ebooks/260
Songs of the cattle trail and cow camp,Unknown / Various,Poetry,1644,https://www.gutenberg.org/ebooks/21723
Le chevalier des dames du dolent fortuné (French),Dolent Fortuné,Poetry,1642,https://www.gutenberg.org/ebooks/26394
Fruit-Gathering,Rabindranath Tagore,Poetry,1640,https://www.gutenberg.org/ebooks/6522
Ιλιάδα (Modern Greek (1453-)),Homer,Poetry,1636,https://www.gutenberg.org/ebooks/36248
Aristoteles' Poetik :  Mit einer Abhandlung: Wahrheit und Irrtum in der Katharsis-Theorie des Aristoteles (German),Aristotle,Poetry,1632,https://www.gutenberg.org/ebooks/78140
The Sacred Wood: Essays on Poetry and Criticism,T. S. Eliot,Poetry,1631,https://www.gutenberg.org/ebooks/57795
"The Complete Works of Robert Burns: Containing his Poems, Songs, and Correspondence.",Robert Burns and Allan Cunningham,Poetry,1630,https://www.gutenberg.org/ebooks/18500
Index of the Project Gutenberg works of Robert Louis Stevenson,Robert Louis Stevenson,Poetry,1618,https://www.gutenberg.org/ebooks/58181
The Gods of Pegana,Lord Dunsany,Poetry,1614,https://www.gutenberg.org/ebooks/8395
"The Wonderful ""One-Hoss-Shay"", and Other Poems",Oliver Wendell Holmes,Poetry,1605,https://www.gutenberg.org/ebooks/45280
Ideas of Good and Evil,W. B. Yeats,Poetry,1603,https://www.gutenberg.org/ebooks/32884
Isaotta Guttadàuro ed altre poesie (Italian),Gabriele D'Annunzio,Poetry,1602,https://www.gutenberg.org/ebooks/27825
"The Persian Literature, Comprising The Shah Nameh, The Rubaiyat, The Divan, and The Gulistan, Volume 1","Omar Khayyam, Firdawsi, and active 14th century Ḥāfiẓ",Poetry,1600,https://www.gutenberg.org/ebooks/10315
The Woman Who Dared,Epes Sargent,Poetry,1598,https://www.gutenberg.org/ebooks/27457
Sonnet 23,William Shakespeare,Poetry,1594,https://www.gutenberg.org/ebooks/23935
"The Poetical Works of Alexander Pope, Volume 1",Alexander Pope,Poetry,1589,https://www.gutenberg.org/ebooks/9413
The Complete Poems of Sir Thomas Moore,Thomas Moore,Poetry,1579,https://www.gutenberg.org/ebooks/8187
Nonsense Books,Edward Lear,Poetry,1578,https://www.gutenberg.org/ebooks/13650
Baudelaire: His Prose and Poetry,Charles Baudelaire,Poetry,1571,https://www.gutenberg.org/ebooks/47032
Divina Commedia di Dante: Inferno (Italian),Dante Alighieri,Poetry,1571,https://www.gutenberg.org/ebooks/997
Stories from the Odyssey,Homer and H. L. Havell,Poetry,1570,https://www.gutenberg.org/ebooks/13725
The Flag Goes By,Henry Holcomb Bennett,Poetry,1556,https://www.gutenberg.org/ebooks/21166
The Minstrel; or the Progress of Genius,James Beattie,Poetry,1554,https://www.gutenberg.org/ebooks/27221
Prufrock and Other Observations,T. S. Eliot,Poetry,1552,https://www.gutenberg.org/ebooks/1459
William Blake: A Critical Essay,Algernon Charles Swinburne,Poetry,1552,https://www.gutenberg.org/ebooks/35995
A Cluster of Grapes,Unknown / Various,Poetry,1549,https://www.gutenberg.org/ebooks/21649
Principles of literary criticism,I. A. Richards,Poetry,1548,https://www.gutenberg.org/ebooks/73827
Stories in Verse,Henry Abbey,Poetry,1547,https://www.gutenberg.org/ebooks/23037
"Elson Grammar School Literature, book 4",William H. Elson and Christine M. Keck,Poetry,1540,https://www.gutenberg.org/ebooks/6963
"The Congo, and Other Poems",Vachel Lindsay,Poetry,1536,https://www.gutenberg.org/ebooks/1021
"Rubáiyát of Omar Khayyam, Rendered into English Verse",Omar Khayyam,Poetry,1535,https://www.gutenberg.org/ebooks/35260
Robin Hood,Unknown / Various,Poetry,1533,https://www.gutenberg.org/ebooks/56926
Why They Married,James Montgomery Flagg,Poetry,1533,https://www.gutenberg.org/ebooks/23611
Cargoes for Crusoes,Grant M. Overton,Poetry,1528,https://www.gutenberg.org/ebooks/68092
Bulchevy's Book of English Verse,Unknown / Various,Poetry,1522,https://www.gutenberg.org/ebooks/1304
The Browning Cyclopædia: A Guide to the Study of the Works of Robert Browning,Edward Berdoe,Poetry,1519,https://www.gutenberg.org/ebooks/36734
"Legends, Tales and Poems (Spanish)",Gustavo Adolfo Bécquer,Poetry,1517,https://www.gutenberg.org/ebooks/10814
"The Oxford Book of English Verse, 1250-1900",Unknown / Various,Poetry,1516,https://www.gutenberg.org/ebooks/66619
Adonais,Percy Bysshe Shelley,Poetry,1515,https://www.gutenberg.org/ebooks/10119
Aedh Wishes for the Cloths of Heaven,W. B. Yeats,Poetry,1512,https://www.gutenberg.org/ebooks/20591
"The Ship of Fools, Volume 1",Sebastian Brant,Poetry,1512,https://www.gutenberg.org/ebooks/20179
The Poetical Works of William Wordsworth — Volume 5 (of 8),William Wordsworth,Poetry,1508,https://www.gutenberg.org/ebooks/56361
"The Poems of Goethe, Translated in the Original Metres",Johann Wolfgang von Goethe,Poetry,1504,https://www.gutenberg.org/ebooks/1287
Young's Night Thoughts,Edward Young,Poetry,1504,https://www.gutenberg.org/ebooks/33156
Fables de La Fontaine (French),Jean de La Fontaine,Poetry,1496,https://www.gutenberg.org/ebooks/56327
Paradise Regained,John Milton,Poetry,1487,https://www.gutenberg.org/ebooks/58
Cane,Jean Toomer,Poetry,1481,https://www.gutenberg.org/ebooks/60093
Something Else Again,Franklin P. Adams,Poetry,1477,https://www.gutenberg.org/ebooks/26797
The Complete Poetical Works of Oliver Goldsmith,Oliver Goldsmith,Poetry,1474,https://www.gutenberg.org/ebooks/3545
"Divine Comedy, Longfellow's Translation, Paradise",Dante Alighieri,Poetry,1470,https://www.gutenberg.org/ebooks/1003
The Sufistic Quatrains of Omar Khayyam,Omar Khayyam,Poetry,1469,https://www.gutenberg.org/ebooks/38511
The World's Greatest Books — Volume 09 — Lives and Letters,Unknown / Various,Poetry,1465,https://www.gutenberg.org/ebooks/12059
"The Raven, and The Philosophy of Composition",Edgar Allan Poe,Poetry,1461,https://www.gutenberg.org/ebooks/55749
Het Nieuwe Leven (La Vita Nuova) (Dutch),Dante Alighieri,Poetry,1460,https://www.gutenberg.org/ebooks/28029
The Bruce,John Barbour,Poetry,1457,https://www.gutenberg.org/ebooks/44292
A Critic in Pall Mall: Being Extracts from Reviews and Miscellanies,Oscar Wilde,Poetry,1452,https://www.gutenberg.org/ebooks/30191
The Ballad of Reading Gaol,Oscar Wilde,Poetry,1452,https://www.gutenberg.org/ebooks/301
"The Task, and Other Poems",William Cowper,Poetry,1451,https://www.gutenberg.org/ebooks/3698
Instigations,Ezra Pound,Poetry,1451,https://www.gutenberg.org/ebooks/40852
Hazlitt on English Literature: An Introduction to the Appreciation of Literature,William Hazlitt,Poetry,1449,https://www.gutenberg.org/ebooks/31132
The Princess,Baron Alfred Tennyson Tennyson,Poetry,1446,https://www.gutenberg.org/ebooks/791
Platero y yo (Spanish),Juan Ramón Jiménez,Poetry,1444,https://www.gutenberg.org/ebooks/9980
Poems from the Divan of Hafiz,active 14th century Ḥāfiẓ,Poetry,1443,https://www.gutenberg.org/ebooks/74883
"Life of John Keats: His Life and Poetry, His Friends, Critics and After-Fame",Sidney Colvin,Poetry,1442,https://www.gutenberg.org/ebooks/36356
Diaries of Court Ladies of Old Japan,"Murasaki Shikibu, Izumi Shikibu, and Sugawara no Takasue no Musume",Poetry,1441,https://www.gutenberg.org/ebooks/47151
'Twas the Night Before Christmas,Clement Clarke Moore,Poetry,1440,https://www.gutenberg.org/ebooks/23933
The Years Between,Rudyard Kipling,Poetry,1440,https://www.gutenberg.org/ebooks/21777
"Poems by Currer, Ellis, and Acton Bell","Anne Brontë, Emily Brontë, and Charlotte Brontë",Poetry,1438,https://www.gutenberg.org/ebooks/1019
Browning's Shorter Poems,Robert Browning,Poetry,1438,https://www.gutenberg.org/ebooks/16376
"Poems by Emily Dickinson, Series One",Emily Dickinson,Poetry,1436,https://www.gutenberg.org/ebooks/2678
"A Collection of Emblemes, Ancient and Moderne",George Wither,Poetry,1435,https://www.gutenberg.org/ebooks/50143
Flores do Campo (Portuguese),João de Deus,Poetry,1431,https://www.gutenberg.org/ebooks/27599
"The Amores; or, Amours",Ovid,Poetry,1430,https://www.gutenberg.org/ebooks/47676
A Velhice do Padre Eterno (Portuguese),Abílio Manuel Guerra Junqueiro,Poetry,1427,https://www.gutenberg.org/ebooks/23526
"The German Classics of the Nineteenth and Twentieth Centuries, Volume 01",Unknown / Various,Poetry,1426,https://www.gutenberg.org/ebooks/11123
The Man from Snowy River,A. B. Paterson,Poetry,1425,https://www.gutenberg.org/ebooks/213
"Ancient Nahuatl Poetry, Containing the Nahuatl Text of XXVII Ancient Mexican Poems (Nahuatl languages)",Daniel G. Brinton,Poetry,1424,https://www.gutenberg.org/ebooks/12219
The Crescent Moon,Unknown / Various,Poetry,1424,https://www.gutenberg.org/ebooks/6520
Old English Poems,Unknown / Various,Poetry,1420,https://www.gutenberg.org/ebooks/31172
Georgicon (Latin),Virgil,Poetry,1418,https://www.gutenberg.org/ebooks/231
Modern Prose And Poetry; For Secondary Schools,Unknown / Various,Poetry,1417,https://www.gutenberg.org/ebooks/17160
North of Boston,Robert Frost,Poetry,1417,https://www.gutenberg.org/ebooks/3026
"Renaissance in Italy, Volume 5 (of 7)",John Addington Symonds,Poetry,1411,https://www.gutenberg.org/ebooks/36448
Poems of William Blake,William Blake,Poetry,1408,https://www.gutenberg.org/ebooks/574
Arabische Nächte (German),Hans Bethge,Poetry,1406,https://www.gutenberg.org/ebooks/23228
"The Poems of Jonathan Swift, D.D., Volume 1",Jonathan Swift,Poetry,1403,https://www.gutenberg.org/ebooks/14353
The Faerie Queene — Volume 01,Edmund Spenser,Poetry,1403,https://www.gutenberg.org/ebooks/6930
At the Sign of the Sphinx. Second series,Carolyn Wells,Poetry,1400,https://www.gutenberg.org/ebooks/49124
"Writings in the United Amateur, 1915-1922",H. P. Lovecraft,Poetry,1399,https://www.gutenberg.org/ebooks/30637
Selected Poems by Robert Frost,Robert Frost,Poetry,1398,https://www.gutenberg.org/ebooks/21184
"Excursions, and Poems",Henry David Thoreau,Poetry,1395,https://www.gutenberg.org/ebooks/42553
"Œuvres complètes de François Villon (French)",François Villon,Poetry,1395,https://www.gutenberg.org/ebooks/12246
A Chesterton Calendar,G. K. Chesterton,Poetry,1392,https://www.gutenberg.org/ebooks/45811
"Faust: a Tragedy [part 1], Translated from the German of Goethe",Johann Wolfgang von Goethe,Poetry,1386,https://www.gutenberg.org/ebooks/14460
The New Morning: Poems,Alfred Noyes,Poetry,1381,https://www.gutenberg.org/ebooks/21029
"Chaucer's Works, Volume 6 —  Introduction, Glossary, and Indexes",Geoffrey Chaucer,Poetry,1377,https://www.gutenberg.org/ebooks/43097
The Song of Roland,Unknown / Various,Poetry,1376,https://www.gutenberg.org/ebooks/391
The World's Greatest Books — Volume 17 — Poetry and Drama,Unknown / Various,Poetry,1375,https://www.gutenberg.org/ebooks/44640
The Poetical Works of William Wordsworth — Volume 7 (of 8),William Wordsworth,Poetry,1373,https://www.gutenberg.org/ebooks/47143
The New Poetry: An Anthology,Unknown / Various,Poetry,1369,https://www.gutenberg.org/ebooks/65807
