Title,Author,Downloads,Book_URL
Pride and Prejudice,Jane Austen,213938 downloads,https://www.gutenberg.org/ebooks/1342
"Moby Dick; Or, The Whale",Herman Melville,206345 downloads,https://www.gutenberg.org/ebooks/2701
The Odyssey,Homer,181199 downloads,https://www.gutenberg.org/ebooks/1727
A Room with a View,E. M. Forster,154087 downloads,https://www.gutenberg.org/ebooks/2641
Crime and Punishment,Fyodor Dostoyevsky,145677 downloads,https://www.gutenberg.org/ebooks/2554
Romeo and Juliet,William Shakespeare,143411 downloads,https://www.gutenberg.org/ebooks/1513
The Secret of Chimneys,Agatha Christie,139310 downloads,https://www.gutenberg.org/ebooks/65238
The Mysteries of Udolpho,Ann Ward Radcliffe,138237 downloads,https://www.gutenberg.org/ebooks/3268
Carmen,Prosper Mérimée,131761 downloads,https://www.gutenberg.org/ebooks/2465
The Green Mummy,Fergus Hume,123366 downloads,https://www.gutenberg.org/ebooks/2868
The Adventures of Sherlock Holmes,Arthur Conan Doyle,121984 downloads,https://www.gutenberg.org/ebooks/1661
Jane Eyre: An Autobiography,Charlotte Brontë,116417 downloads,https://www.gutenberg.org/ebooks/1260
The Blue Castle: a novel,L. M. Montgomery,115585 downloads,https://www.gutenberg.org/ebooks/67979
The Love Letters of Mary Wollstonecraft to Gilbert Imlay,Mary Wollstonecraft,114347 downloads,https://www.gutenberg.org/ebooks/34413
"The String of Pearls; Or, The Barber of Fleet Street. A Domestic Romance.",Thomas Peckett Prest and James Malcolm Rymer,109597 downloads,https://www.gutenberg.org/ebooks/59828
Le Fantôme de l'Opéra (French),Gaston Leroux,107437 downloads,https://www.gutenberg.org/ebooks/62215
Dracula,Bram Stoker,107186 downloads,https://www.gutenberg.org/ebooks/345
Alice's Adventures in Wonderland,Lewis Carroll,107104 downloads,https://www.gutenberg.org/ebooks/11
My Life — Volume 1,Richard Wagner,104041 downloads,https://www.gutenberg.org/ebooks/5197
The Man Who Was Thursday: A Nightmare,G. K. Chesterton,103348 downloads,https://www.gutenberg.org/ebooks/1695
"The Extraordinary Adventures of Arsène Lupin, Gentleman-Burglar",Maurice Leblanc,102831 downloads,https://www.gutenberg.org/ebooks/6133
The Complete Works of William Shakespeare,William Shakespeare,102086 downloads,https://www.gutenberg.org/ebooks/100
Sense and Sensibility,Jane Austen,101397 downloads,https://www.gutenberg.org/ebooks/21839
The Monk: A Romance,M. G. Lewis,99698 downloads,https://www.gutenberg.org/ebooks/601
The Book of the Thousand Nights and a Night — Volume 01 (of 10),Unknown / Various,98886 downloads,https://www.gutenberg.org/ebooks/51252
Four Arthurian Romances,active 12th century de Troyes Chrétien,98218 downloads,https://www.gutenberg.org/ebooks/831
The strange case of Dr. Jekyll and Mr. Hyde,Robert Louis Stevenson,97122 downloads,https://www.gutenberg.org/ebooks/43
Meditations,Emperor of Rome Marcus Aurelius,97087 downloads,https://www.gutenberg.org/ebooks/2680
The Lady of the Lake,Walter Scott,96287 downloads,https://www.gutenberg.org/ebooks/3011
"Eloisa :  or, A series of original letters",Jean-Jacques Rousseau,96009 downloads,https://www.gutenberg.org/ebooks/76639
Manon Lescaut,abbé Prévost,94745 downloads,https://www.gutenberg.org/ebooks/468
Dracula,Bram Stoker,94738 downloads,https://www.gutenberg.org/ebooks/45839
"Bidwell's Travels, from Wall Street to London Prison: Fifteen Years in Solitude",Austin Bidwell,94142 downloads,https://www.gutenberg.org/ebooks/24739
The King in Yellow,Robert W. Chambers,93977 downloads,https://www.gutenberg.org/ebooks/8492
The Misplaced Battleship,Harry Harrison,93344 downloads,https://www.gutenberg.org/ebooks/22541
Middlemarch,George Eliot,92743 downloads,https://www.gutenberg.org/ebooks/145
The strange case of Dr. Jekyll and Mr. Hyde,Robert Louis Stevenson,92266 downloads,https://www.gutenberg.org/ebooks/42
The Mystery of Edwin Drood,Charles Dickens,91848 downloads,https://www.gutenberg.org/ebooks/564
A farewell to arms,Ernest Hemingway,91661 downloads,https://www.gutenberg.org/ebooks/75201
"Thuvia, maid of Mars",Edgar Rice Burroughs,91032 downloads,https://www.gutenberg.org/ebooks/72
Pride and Prejudice,Jane Austen,90400 downloads,https://www.gutenberg.org/ebooks/42671
The Yeoman Adventurer,George W. Gough,89877 downloads,https://www.gutenberg.org/ebooks/7326
"Modern English biography, volume 2 (of 4), I-Q",Frederic Boase,89856 downloads,https://www.gutenberg.org/ebooks/71046
"Oliver Twist, Vol. 2 (of 3)",Charles Dickens,89689 downloads,https://www.gutenberg.org/ebooks/47530
A Honeymoon in Space,George Chetwynd Griffith,89345 downloads,https://www.gutenberg.org/ebooks/19476
The Confessions of St. Augustine,Saint of Hippo Augustine,85299 downloads,https://www.gutenberg.org/ebooks/3296
The Complete Project Gutenberg Works of Jane Austen,Jane Austen,84853 downloads,https://www.gutenberg.org/ebooks/31100
"Little Women; Or, Meg, Jo, Beth, and Amy",Louisa May Alcott,84520 downloads,https://www.gutenberg.org/ebooks/37106
King Arthur and the Knights of the Round Table,Sir Thomas Malory,83046 downloads,https://www.gutenberg.org/ebooks/36462
The Sex Life of the Gods,M. E. Knerr,82613 downloads,https://www.gutenberg.org/ebooks/40284
The Blue Lagoon: A Romance,H. De Vere Stacpoole,82499 downloads,https://www.gutenberg.org/ebooks/393
The Countess of Pembroke's Arcadia,Philip Sidney,81865 downloads,https://www.gutenberg.org/ebooks/70854
Under the Red Dragon: A Novel,James Grant,81131 downloads,https://www.gutenberg.org/ebooks/53874
The Count of Monte Cristo,Alexandre Dumas and Auguste Maquet,81046 downloads,https://www.gutenberg.org/ebooks/1184
Catriona,Robert Louis Stevenson,81029 downloads,https://www.gutenberg.org/ebooks/589
Blow The Man Down: A Romance Of The Coast,Holman Day,80659 downloads,https://www.gutenberg.org/ebooks/24793
A Study in Scarlet,Arthur Conan Doyle,80301 downloads,https://www.gutenberg.org/ebooks/244
Roméo et Juliette (French),William Shakespeare,78937 downloads,https://www.gutenberg.org/ebooks/18143
Twenty years after,Alexandre Dumas and Auguste Maquet,78710 downloads,https://www.gutenberg.org/ebooks/1259
The Hound of the Baskervilles,Arthur Conan Doyle,77693 downloads,https://www.gutenberg.org/ebooks/2852
The Works of Edgar Allan Poe — Volume 2,Edgar Allan Poe,76600 downloads,https://www.gutenberg.org/ebooks/2148
I am a woman,Ann Bannon,74584 downloads,https://www.gutenberg.org/ebooks/76178
The innocence of Father Brown,G. K. Chesterton,74408 downloads,https://www.gutenberg.org/ebooks/204
Life on the Mississippi,Mark Twain,74028 downloads,https://www.gutenberg.org/ebooks/245
Sense and Sensibility,Jane Austen,73837 downloads,https://www.gutenberg.org/ebooks/161
Erotica Romana,Johann Wolfgang von Goethe,73815 downloads,https://www.gutenberg.org/ebooks/7889
The Turn of the Screw,Henry James,73169 downloads,https://www.gutenberg.org/ebooks/209
A pair of blue eyes,Thomas Hardy,72900 downloads,https://www.gutenberg.org/ebooks/224
The Home Book of Verse — Volume 2,Burton Egbert Stevenson,72898 downloads,https://www.gutenberg.org/ebooks/2620
That Which Hath Wings: A Novel of the Day,Richard Dehan,72755 downloads,https://www.gutenberg.org/ebooks/51428
The Works of Edgar Allan Poe — Volume 1,Edgar Allan Poe,72706 downloads,https://www.gutenberg.org/ebooks/2147
Love and Freindship [sic],Jane Austen,72691 downloads,https://www.gutenberg.org/ebooks/1212
The wisdom of Father Brown,G. K. Chesterton,72660 downloads,https://www.gutenberg.org/ebooks/223
The murder of Roger Ackroyd,Agatha Christie,72444 downloads,https://www.gutenberg.org/ebooks/69087
The Pirate,Walter Scott,72308 downloads,https://www.gutenberg.org/ebooks/42389
"Narrative of the Life of Frederick Douglass, an American Slave",Frederick Douglass,72308 downloads,https://www.gutenberg.org/ebooks/23
Lorna Doone: A Romance of Exmoor,R. D. Blackmore,72265 downloads,https://www.gutenberg.org/ebooks/17460
Only a girl's love,Charles Garvice,72093 downloads,https://www.gutenberg.org/ebooks/53416
The Return of Sherlock Holmes,Arthur Conan Doyle,71932 downloads,https://www.gutenberg.org/ebooks/108
Complete Short Works of George Meredith,George Meredith,71901 downloads,https://www.gutenberg.org/ebooks/4499
As You Like It,William Shakespeare,71835 downloads,https://www.gutenberg.org/ebooks/1523
Around the World in Eighty Days,Jules Verne,71717 downloads,https://www.gutenberg.org/ebooks/103
The Sign of the Four,Arthur Conan Doyle,71667 downloads,https://www.gutenberg.org/ebooks/2097
The Memoirs of Sherlock Holmes,Arthur Conan Doyle,71635 downloads,https://www.gutenberg.org/ebooks/834
One of the Six Hundred: A Novel,James Grant,71623 downloads,https://www.gutenberg.org/ebooks/55179
Camille (La Dame aux Camilias),Alexandre Dumas,71553 downloads,https://www.gutenberg.org/ebooks/1608
Sonnets from the Portuguese,Elizabeth Barrett Browning,71551 downloads,https://www.gutenberg.org/ebooks/2002
The Red Lily — Complete,Anatole France,71530 downloads,https://www.gutenberg.org/ebooks/3922
What Will People Say? A Novel,Rupert Hughes,71530 downloads,https://www.gutenberg.org/ebooks/38311
The Phantom of the Opera,Gaston Leroux,71527 downloads,https://www.gutenberg.org/ebooks/175
Hypnerotomachia: The Strife of Loue in a Dreame,Francesco Colonna,71403 downloads,https://www.gutenberg.org/ebooks/18459
The Mysterious Affair at Styles,Agatha Christie,71365 downloads,https://www.gutenberg.org/ebooks/863
Undine,Freiherr de Friedrich Heinrich Karl La Motte-Fouqué,71098 downloads,https://www.gutenberg.org/ebooks/2825
Linnet: A Romance,Grant Allen,71055 downloads,https://www.gutenberg.org/ebooks/48296
The Woman in White,Wilkie Collins,71020 downloads,https://www.gutenberg.org/ebooks/583
The Passionate Elopement,Compton MacKenzie,70898 downloads,https://www.gutenberg.org/ebooks/38177
The Treasure of Pearls: A Romance of Adventures in California,Gustave Aimard,70831 downloads,https://www.gutenberg.org/ebooks/46276
The Romance of Tristan and Iseult,Joseph Bédier,70733 downloads,https://www.gutenberg.org/ebooks/14244
The Love Letters of Henry VIII to Anne Boleyn; With Notes,King of England Henry VIII,70577 downloads,https://www.gutenberg.org/ebooks/32155
One Woman: Being the Second Part of a Romance of Sussex,Alfred Ollivant,70463 downloads,https://www.gutenberg.org/ebooks/57641
The Landloper: The Romance of a Man on Foot,Holman Day,70462 downloads,https://www.gutenberg.org/ebooks/4712
Autobiography of Benjamin Franklin,Benjamin Franklin,70449 downloads,https://www.gutenberg.org/ebooks/20203
Cynthia's Chauffeur,Louis Tracy,70422 downloads,https://www.gutenberg.org/ebooks/31472
A Romance of Billy-Goat Hill,Alice Caldwell Hegan Rice,70419 downloads,https://www.gutenberg.org/ebooks/6635
Cameron of Lochiel,Philippe Aubert de Gaspé,70410 downloads,https://www.gutenberg.org/ebooks/53154
"The Hero of the People: A Historical Romance of Love, Liberty and Loyalty",Alexandre Dumas,70402 downloads,https://www.gutenberg.org/ebooks/42681
The call of Cthulhu,H. P. Lovecraft,70401 downloads,https://www.gutenberg.org/ebooks/68283
Moods,Louisa May Alcott,70383 downloads,https://www.gutenberg.org/ebooks/28203
The Silent Barrier,Louis Tracy,70377 downloads,https://www.gutenberg.org/ebooks/31635
Forest Days: A Romance of Old Times,G. P. R. James,70324 downloads,https://www.gutenberg.org/ebooks/49987
The Green Mouse,Robert W. Chambers,70317 downloads,https://www.gutenberg.org/ebooks/10441
Victorian Short Stories: Stories of Courtship,Unknown / Various,70186 downloads,https://www.gutenberg.org/ebooks/15381
On the Cross: A Romance of the Passion Play at Oberammergau,Wilhelmine von Hillern,70147 downloads,https://www.gutenberg.org/ebooks/36725
Aus dem Leben eines Taugenichts: Novelle (German),Freiherr von Joseph Eichendorff,69963 downloads,https://www.gutenberg.org/ebooks/35312
The Moonstone,Wilkie Collins,69917 downloads,https://www.gutenberg.org/ebooks/155
Doctor Cupid: A Novel,Rhoda Broughton,69896 downloads,https://www.gutenberg.org/ebooks/35548
India's Love Lyrics,Laurence Hope,69873 downloads,https://www.gutenberg.org/ebooks/8197
The Prairie Wife,Arthur Stringer,69842 downloads,https://www.gutenberg.org/ebooks/18875
The Boy with Wings,Berta Ruck,69784 downloads,https://www.gutenberg.org/ebooks/36223
"Dr. Mabuse, der Spieler :  Roman (German)",Norbert Jacques,69730 downloads,https://www.gutenberg.org/ebooks/50285
The Gay Adventure: A Romance,Richard Bird,69602 downloads,https://www.gutenberg.org/ebooks/33823
El crimen y el castigo (Spanish),Fyodor Dostoyevsky,69337 downloads,https://www.gutenberg.org/ebooks/61851
"Dainty's Cruel Rivals; Or, The Fatal Birthday",Mrs. Alex. McVeigh Miller,69126 downloads,https://www.gutenberg.org/ebooks/31257
Adventures of Sherlock Holmes,Arthur Conan Doyle,68916 downloads,https://www.gutenberg.org/ebooks/48320
"Chambers's Edinburgh Journal, No. 452",Various,68776 downloads,https://www.gutenberg.org/ebooks/22187
Trial by water,Sewell Peaslee Wright,68546 downloads,https://www.gutenberg.org/ebooks/76668
Twenty-Five Ghost Stories,Unknown / Various,68249 downloads,https://www.gutenberg.org/ebooks/53419
The secret of Father Brown,G. K. Chesterton,68107 downloads,https://www.gutenberg.org/ebooks/70175
Poirot Investigates,Agatha Christie,68034 downloads,https://www.gutenberg.org/ebooks/61262
The Murder on the Links,Agatha Christie,67903 downloads,https://www.gutenberg.org/ebooks/58866
The Valley of Fear,Arthur Conan Doyle,67883 downloads,https://www.gutenberg.org/ebooks/3289
Romeo and Juliet,William Shakespeare,67799 downloads,https://www.gutenberg.org/ebooks/1112
The Return of Sherlock Holmes,Arthur Conan Doyle,67738 downloads,https://www.gutenberg.org/ebooks/221
"Frankenstein; or, the modern prometheus",Mary Wollstonecraft Shelley,67633 downloads,https://www.gutenberg.org/ebooks/84
The case-book of Sherlock Holmes,Arthur Conan Doyle,67626 downloads,https://www.gutenberg.org/ebooks/69700
The Secret Adversary,Agatha Christie,67561 downloads,https://www.gutenberg.org/ebooks/1155
Robert Orange,John Oliver Hobbes,67552 downloads,https://www.gutenberg.org/ebooks/27997
"The Rover Boys on the Farm; or, Last Days at Putnam Hall",Edward Stratemeyer,67336 downloads,https://www.gutenberg.org/ebooks/22163
That Girl Montana,Marah Ellis Ryan,67301 downloads,https://www.gutenberg.org/ebooks/27475
A Journey to the Centre of the Earth,Jules Verne,67257 downloads,https://www.gutenberg.org/ebooks/18857
Celebrated Crimes (Complete),Alexandre Dumas,67231 downloads,https://www.gutenberg.org/ebooks/2760
At the mountains of madness,H. P. Lovecraft,67204 downloads,https://www.gutenberg.org/ebooks/70652
His last bow :  Some later reminiscences of Sherlock Holmes,Arthur Conan Doyle,67160 downloads,https://www.gutenberg.org/ebooks/2350
The Crack of Doom,Robert Cromie,67077 downloads,https://www.gutenberg.org/ebooks/26563
The Secret Agent: A Simple Tale,Joseph Conrad,67030 downloads,https://www.gutenberg.org/ebooks/974
The Thirty-Nine Steps,John Buchan,66965 downloads,https://www.gutenberg.org/ebooks/558
Lady Audley's Secret,M. E. Braddon,66939 downloads,https://www.gutenberg.org/ebooks/8954
"The Lives of the Twelve Caesars, Complete",Suetonius,66655 downloads,https://www.gutenberg.org/ebooks/6400
The Lock and Key Library: Classic Mystery and Detective Stories: Modern English,Unknown / Various,66636 downloads,https://www.gutenberg.org/ebooks/2038
The Man in the Brown Suit,Agatha Christie,66542 downloads,https://www.gutenberg.org/ebooks/61168
Library of the World's Best Mystery and Detective Stories,Unknown / Various,66442 downloads,https://www.gutenberg.org/ebooks/12758
Autobiography of a Yogi,Paramahansa Yogananda,66428 downloads,https://www.gutenberg.org/ebooks/7452
Ecce Homo,Friedrich Wilhelm Nietzsche,66410 downloads,https://www.gutenberg.org/ebooks/52190
"Weird Tales, Volume 1, Number 4, June, 1923: The unique magazine",Various,66375 downloads,https://www.gutenberg.org/ebooks/69608
Terminal Compromise,Winn Schwartau,66320 downloads,https://www.gutenberg.org/ebooks/79
"The Anabasis of Alexander :  or, The history of the wars and conquests of Alexander the Great",Arrian,66270 downloads,https://www.gutenberg.org/ebooks/46976
The Riddle of the Sands,Erskine Childers,66221 downloads,https://www.gutenberg.org/ebooks/2360
The House on the Borderland,William Hope Hodgson,66169 downloads,https://www.gutenberg.org/ebooks/10002
The Sorrows of Young Werther,Johann Wolfgang von Goethe,66156 downloads,https://www.gutenberg.org/ebooks/2527
The Big Four,Agatha Christie,66140 downloads,https://www.gutenberg.org/ebooks/70114
Mr. Standfast,John Buchan,66098 downloads,https://www.gutenberg.org/ebooks/560
The Cask of Amontillado,Edgar Allan Poe,66039 downloads,https://www.gutenberg.org/ebooks/1063
The Great God Pan,Arthur Machen,66036 downloads,https://www.gutenberg.org/ebooks/389
"Weird Tales, Volume 1, Number 1, March 1923: The unique magazine",Various,66030 downloads,https://www.gutenberg.org/ebooks/68957
Tales of Terror and Mystery,Arthur Conan Doyle,66013 downloads,https://www.gutenberg.org/ebooks/537
Reminiscences of a Stock Operator,Edwin Lefevre,65993 downloads,https://www.gutenberg.org/ebooks/60979
"Arsène Lupin, gentleman-cambrioleur (French)",Maurice Leblanc,65989 downloads,https://www.gutenberg.org/ebooks/32854
The Mystery of the Yellow Room,Gaston Leroux,65968 downloads,https://www.gutenberg.org/ebooks/1685
The mystery of the Blue Train,Agatha Christie,65933 downloads,https://www.gutenberg.org/ebooks/72824
Washington Confidential,Jack Lait and Lee Mortimer,65927 downloads,https://www.gutenberg.org/ebooks/63469
The Seven Dials mystery,Agatha Christie,65919 downloads,https://www.gutenberg.org/ebooks/75288
De Profundis,Oscar Wilde,65774 downloads,https://www.gutenberg.org/ebooks/921
The Dunwich horror,H. P. Lovecraft,65722 downloads,https://www.gutenberg.org/ebooks/50133
"The Mysteries of London, v. 4/4",George W. M. Reynolds,65675 downloads,https://www.gutenberg.org/ebooks/51649
Whose Body? A Lord Peter Wimsey Novel,Dorothy L. Sayers,65615 downloads,https://www.gutenberg.org/ebooks/58820
By Advice of Counsel,Arthur Cheney Train,65586 downloads,https://www.gutenberg.org/ebooks/11987
Paul Clifford — Complete,Baron Edward Bulwer Lytton Lytton,65553 downloads,https://www.gutenberg.org/ebooks/7735
The Red House Mystery,A. A. Milne,65516 downloads,https://www.gutenberg.org/ebooks/1872
Ghost Stories of an Antiquary,M. R. James,65441 downloads,https://www.gutenberg.org/ebooks/8486
The Samurai Strategy,Thomas Hoover,65432 downloads,https://www.gutenberg.org/ebooks/34323
The Diary of Samuel Pepys — Complete,Samuel Pepys,65382 downloads,https://www.gutenberg.org/ebooks/4200
Unnatural death,Dorothy L. Sayers,65301 downloads,https://www.gutenberg.org/ebooks/70008
The Empty House and Other Ghost Stories,Algernon Blackwood,65299 downloads,https://www.gutenberg.org/ebooks/14471
The problem of Cell 13,Jacques Futrelle,65247 downloads,https://www.gutenberg.org/ebooks/57669
The Insidious Dr. Fu Manchu,Sax Rohmer,65217 downloads,https://www.gutenberg.org/ebooks/173
"Friday, the Thirteenth: A Novel",Thomas William Lawson,65212 downloads,https://www.gutenberg.org/ebooks/12345
"The Strand Magazine, Vol. 27, February 1904, No. 159.",Various,65073 downloads,https://www.gutenberg.org/ebooks/47642
"The Works of Robert Louis Stevenson - Swanston Edition, Vol. 20",Robert Louis Stevenson,65068 downloads,https://www.gutenberg.org/ebooks/30849
"The Phantom 'Rickshaw, and Other Ghost Stories",Rudyard Kipling,65032 downloads,https://www.gutenberg.org/ebooks/2806
Space Station 1,Frank Belknap Long,65027 downloads,https://www.gutenberg.org/ebooks/50290
"Love-at-arms :  being a narrative excerpted from the chronicles of Urbino, during the dominion of the high and mighty Messer Guidobaldo da Montefeltro",Rafael Sabatini,64883 downloads,https://www.gutenberg.org/ebooks/3530
The Hound of the Baskervilles,Arthur Conan Doyle,64872 downloads,https://www.gutenberg.org/ebooks/3070
The Grand Babylon Hôtel,Arnold Bennett,64852 downloads,https://www.gutenberg.org/ebooks/2813
"The Interesting Narrative of the Life of Olaudah Equiano, Or Gustavus Vassa, The African",Olaudah Equiano,64835 downloads,https://www.gutenberg.org/ebooks/15399
The Hand in the Dark,Arthur J. Rees,64759 downloads,https://www.gutenberg.org/ebooks/20546
The Zeppelin's Passenger,E. Phillips Oppenheim,64729 downloads,https://www.gutenberg.org/ebooks/1931
The Air Pirate,Guy Thorne,64687 downloads,https://www.gutenberg.org/ebooks/40361
Minute Mysteries [Detectograms],H. A. Ripley,64664 downloads,https://www.gutenberg.org/ebooks/50603
The Czar's Spy: The Mystery of a Silent Love,William Le Queux,64659 downloads,https://www.gutenberg.org/ebooks/10102
The Real Adventure,Henry Kitchell Webster,64644 downloads,https://www.gutenberg.org/ebooks/15384
"Changeling, and Other Stories",Donn Byrne,64630 downloads,https://www.gutenberg.org/ebooks/59892
Life Blood,Thomas Hoover,64590 downloads,https://www.gutenberg.org/ebooks/34318
Children of the Whirlwind,Leroy Scott,64571 downloads,https://www.gutenberg.org/ebooks/3321
The Passionate Friends,H. G. Wells,64560 downloads,https://www.gutenberg.org/ebooks/30340
"The Camp Fire Girls Solve a Mystery; Or, The Christmas Adventure at Carver House",Hildegard G. Frey,64557 downloads,https://www.gutenberg.org/ebooks/38983
Love's Labour's Lost,William Shakespeare,64555 downloads,https://www.gutenberg.org/ebooks/1510
The Secret of the Night,Gaston Leroux,64546 downloads,https://www.gutenberg.org/ebooks/1686
"Napoleon's Letters to Josephine, 1796-1812",Emperor of the French Napoleon I,64501 downloads,https://www.gutenberg.org/ebooks/37499
The Daughter of Anderson Crow,George Barr McCutcheon,64438 downloads,https://www.gutenberg.org/ebooks/14818
Peter the Brazen: A Mystery Story of Modern China,George F. Worts,64364 downloads,https://www.gutenberg.org/ebooks/28780
A Midsummer Night's Dream,William Shakespeare,64343 downloads,https://www.gutenberg.org/ebooks/1514
The Shunned House,H. P. Lovecraft,64312 downloads,https://www.gutenberg.org/ebooks/31469
The History of Sir Richard Calmady: A Romance,Lucas Malet,64274 downloads,https://www.gutenberg.org/ebooks/23784
Time Crime,H. Beam Piper,64215 downloads,https://www.gutenberg.org/ebooks/18151
The Yellow Crayon,E. Phillips Oppenheim,64205 downloads,https://www.gutenberg.org/ebooks/1849
Maman Léo (French),Paul Féval,64166 downloads,https://www.gutenberg.org/ebooks/19919
"Le comte de Monte-Cristo, Tome I (French)",Alexandre Dumas and Auguste Maquet,64165 downloads,https://www.gutenberg.org/ebooks/17989
Lone Star Planet,John J. McGuire and H. Beam Piper,64105 downloads,https://www.gutenberg.org/ebooks/20121
Emily Brontë,A. Mary F. Robinson,64050 downloads,https://www.gutenberg.org/ebooks/25789
"The Roll of Honour, Volume 1 :  A biographical record of all members of His Majesty's naval  and military forces who have fallen in the war",marquis de Melville Henry Massue Ruvigny et Raineval,64046 downloads,https://www.gutenberg.org/ebooks/75883
A Case in Camera,Oliver Onions,63971 downloads,https://www.gutenberg.org/ebooks/43063
Occasion ... for Disaster,Randall Garrett and Laurence M. Janifer,63950 downloads,https://www.gutenberg.org/ebooks/30434
The Damned Thing,Ambrose Bierce,63338 downloads,https://www.gutenberg.org/ebooks/23172
A Pickle for the Knowing Ones,Timothy Dexter,63331 downloads,https://www.gutenberg.org/ebooks/43453
Les trois mousquetaires (French),Alexandre Dumas and Auguste Maquet,63280 downloads,https://www.gutenberg.org/ebooks/13951
The Merry Adventures of Robin Hood,Howard Pyle,63269 downloads,https://www.gutenberg.org/ebooks/10148
The Plymouth Express Affair,Agatha Christie,63219 downloads,https://www.gutenberg.org/ebooks/66446
The Hunter's Lodge Case,Agatha Christie,63218 downloads,https://www.gutenberg.org/ebooks/67160
The Missing Will,Agatha Christie,62994 downloads,https://www.gutenberg.org/ebooks/67173
"Incidents in the Life of a Slave Girl, Written by Herself",Harriet A. Jacobs,62919 downloads,https://www.gutenberg.org/ebooks/11030
Rizal's own story of his life,José Rizal,62869 downloads,https://www.gutenberg.org/ebooks/48438
Biographia Literaria,Samuel Taylor Coleridge,62840 downloads,https://www.gutenberg.org/ebooks/6081
The Big Fix,George O. Smith,62725 downloads,https://www.gutenberg.org/ebooks/23599
The Ambulance Made Two Trips,Murray Leinster,62668 downloads,https://www.gutenberg.org/ebooks/24149
Henrietta Temple: A Love Story,Earl of Beaconsfield Benjamin Disraeli,62665 downloads,https://www.gutenberg.org/ebooks/19771
The Waterloo Roll Call,Charles Dalton,62584 downloads,https://www.gutenberg.org/ebooks/51143
The Germany and the Agricola of Tacitus,Cornelius Tacitus,62544 downloads,https://www.gutenberg.org/ebooks/7524
"Modern English biography, volume 1 (of 4), A-H",Frederic Boase,62497 downloads,https://www.gutenberg.org/ebooks/55059
Anarchism and Other Essays,Emma Goldman,62165 downloads,https://www.gutenberg.org/ebooks/2162
"The Memoirs of the Conquistador Bernal Diaz del Castillo, Vol 1 (of 2)",Bernal Díaz del Castillo,62118 downloads,https://www.gutenberg.org/ebooks/32474
Life and Letters of Charles Darwin — Volume 1,Charles Darwin,61880 downloads,https://www.gutenberg.org/ebooks/2087
Gulliver's Travels into Several Remote Regions of the World,Jonathan Swift,61717 downloads,https://www.gutenberg.org/ebooks/17157
"The Life of Florence Nightingale, vol. 2 of 2",Sir Edward Tyas Cook,61556 downloads,https://www.gutenberg.org/ebooks/40058
Ann Veronica: A Modern Love Story,H. G. Wells,61281 downloads,https://www.gutenberg.org/ebooks/524
More Letters of Charles Darwin — Volume 1,Charles Darwin,61201 downloads,https://www.gutenberg.org/ebooks/2739
Selected Works of Voltairine de Cleyre,Voltairine De Cleyre,60943 downloads,https://www.gutenberg.org/ebooks/43098
Eighty Years and More; Reminiscences 1815-1897,Elizabeth Cady Stanton,60875 downloads,https://www.gutenberg.org/ebooks/11982
Some Jewish Witnesses For Christ,Aaron Bernstein,60692 downloads,https://www.gutenberg.org/ebooks/37734
L'île mystérieuse (French),Jules Verne,60668 downloads,https://www.gutenberg.org/ebooks/14287
Narrative of the Captivity and Restoration of Mrs. Mary Rowlandson,Mary White Rowlandson,60638 downloads,https://www.gutenberg.org/ebooks/851
Voyage au Centre de la Terre (French),Jules Verne,60593 downloads,https://www.gutenberg.org/ebooks/4791
"The Adventures of Tom Sawyer, Complete",Mark Twain,60292 downloads,https://www.gutenberg.org/ebooks/74
"Les crimes de l'amour (French)",marquis de Sade,60239 downloads,https://www.gutenberg.org/ebooks/28718
A Little English Gallery,Louise Imogen Guiney,60229 downloads,https://www.gutenberg.org/ebooks/54219
"Pen-portraits of literary women :  by themselves and others, Volume 2 (of 2)",Unknown / Various,60216 downloads,https://www.gutenberg.org/ebooks/70200
Shakespeare's family,C. C. Stopes,60010 downloads,https://www.gutenberg.org/ebooks/26315
The Gay Cockade,Temple Bailey,59726 downloads,https://www.gutenberg.org/ebooks/16433
Harriet Martineau,Florence Fenwick Miller,59713 downloads,https://www.gutenberg.org/ebooks/36965
Tribute to Michael Hart (Arabic),Majid AlHydar,59308 downloads,https://www.gutenberg.org/ebooks/43007
Torchy and Vee,Sewell Ford,59155 downloads,https://www.gutenberg.org/ebooks/20628
Monte-Cristo's Daughter,Edmund Flagg,58496 downloads,https://www.gutenberg.org/ebooks/23184
The Lives and Opinions of Eminent Philosophers,Diogenes Laertius,58450 downloads,https://www.gutenberg.org/ebooks/57342
The Car of Destiny,C. N. Williamson and A. M. Williamson,56709 downloads,https://www.gutenberg.org/ebooks/23500
Venus im Pelz (German),Ritter von Leopold Sacher-Masoch,55984 downloads,https://www.gutenberg.org/ebooks/56156
"Famous Affinities of History: The Romance of Devotion. Vol 1-4, Complete",Lyndon Orr,55971 downloads,https://www.gutenberg.org/ebooks/4693
The Man Upstairs and Other Stories,P. G. Wodehouse,55823 downloads,https://www.gutenberg.org/ebooks/6768
Desperate Remedies,Thomas Hardy,55416 downloads,https://www.gutenberg.org/ebooks/3044
The Girl Philippa,Robert W. Chambers,55384 downloads,https://www.gutenberg.org/ebooks/52404
The Amazing Marriage — Complete,George Meredith,55358 downloads,https://www.gutenberg.org/ebooks/4488
The Kama Sutra of Vatsyayana,Vatsyayana,55289 downloads,https://www.gutenberg.org/ebooks/27827
"Mademoiselle de Maupin, Volume 1 (of 2)",Théophile Gautier,55257 downloads,https://www.gutenberg.org/ebooks/48893
"The Knights of the Cross, or, Krzyzacy: Historical Romance",Henryk Sienkiewicz,55251 downloads,https://www.gutenberg.org/ebooks/9473
The Heather-Moon,C. N. Williamson and A. M. Williamson,55235 downloads,https://www.gutenberg.org/ebooks/19742
Two on a Tower,Thomas Hardy,55189 downloads,https://www.gutenberg.org/ebooks/3146
The Wonderful Wizard of Oz,L. Frank Baum,55119 downloads,https://www.gutenberg.org/ebooks/55
Set in Silver,C. N. Williamson and A. M. Williamson,55118 downloads,https://www.gutenberg.org/ebooks/19412
The Torrents of Spring,Ivan Sergeevich Turgenev,55079 downloads,https://www.gutenberg.org/ebooks/9911
Quintus Claudius: A Romance of Imperial Rome. Volume 1,Ernst Eckstein,54977 downloads,https://www.gutenberg.org/ebooks/47221
The Bakhtyār Nāma: A Persian Romance,Unknown / Various,54911 downloads,https://www.gutenberg.org/ebooks/60316
A Heart-Song of To-day (Disturbed by Fire from the 'Unruly Member'): A Novel,Annie G. Savigny,54869 downloads,https://www.gutenberg.org/ebooks/7184
"The Entailed Hat; Or, Patty Cannon's Times",George Alfred Townsend,54856 downloads,https://www.gutenberg.org/ebooks/19146
"Chaucer's Works, Volume 2 — Boethius and Troilus",Geoffrey Chaucer,54768 downloads,https://www.gutenberg.org/ebooks/44833
Just Around the Corner: Romance en casserole,Fannie Hurst,54348 downloads,https://www.gutenberg.org/ebooks/33118
Blue-grass and Broadway,Maria Thompson Daviess,54106 downloads,https://www.gutenberg.org/ebooks/29391
Adventures of Huckleberry Finn,Mark Twain,54062 downloads,https://www.gutenberg.org/ebooks/76
Les enchantements de la forêt (French),André Theuriet,54058 downloads,https://www.gutenberg.org/ebooks/78027
The Iliad,Homer,53911 downloads,https://www.gutenberg.org/ebooks/6130
She who sleeps :  A romance of New York and the Nile,Sax Rohmer,53766 downloads,https://www.gutenberg.org/ebooks/77092
The Great Gatsby,F. Scott Fitzgerald,53615 downloads,https://www.gutenberg.org/ebooks/64317
Le cas étrange du docteur Jekyll; Un logement pour la nuit (French),Robert Louis Stevenson,52999 downloads,https://www.gutenberg.org/ebooks/76412
Treasure Island,Robert Louis Stevenson,52364 downloads,https://www.gutenberg.org/ebooks/120
Wuthering Heights,Emily Brontë,52225 downloads,https://www.gutenberg.org/ebooks/768
Chambers's Twentieth Century Dictionary (part 1 of 4: A-D),Unknown / Various,51011 downloads,https://www.gutenberg.org/ebooks/37683
Grimms' Fairy Tales,Jacob Grimm and Wilhelm Grimm,49975 downloads,https://www.gutenberg.org/ebooks/2591
The Enchanted April,Elizabeth Von Arnim,49374 downloads,https://www.gutenberg.org/ebooks/16389
Peter Pan :  [Peter and Wendy],J. M. Barrie,49190 downloads,https://www.gutenberg.org/ebooks/16
"My Life and Loves, Vol. 1 (of 4)",Frank Harris,47908 downloads,https://www.gutenberg.org/ebooks/59827
Cranford,Elizabeth Cleghorn Gaskell,46777 downloads,https://www.gutenberg.org/ebooks/394
The Adventures of Ferdinand Count Fathom — Complete,T. Smollett,46416 downloads,https://www.gutenberg.org/ebooks/6761
"History of Tom Jones, a Foundling",Henry Fielding,46299 downloads,https://www.gutenberg.org/ebooks/6593
The Expedition of Humphry Clinker,T. Smollett,45787 downloads,https://www.gutenberg.org/ebooks/2160
The Brothers Karamazov,Fyodor Dostoyevsky,45621 downloads,https://www.gutenberg.org/ebooks/28054
Beowulf: An Anglo-Saxon Epic Poem,Unknown / Various,45540 downloads,https://www.gutenberg.org/ebooks/16328
The Adventures of Roderick Random,T. Smollett,44952 downloads,https://www.gutenberg.org/ebooks/4085
The Man Who Did the Right Thing: A Romance,Harry Johnston,44804 downloads,https://www.gutenberg.org/ebooks/45451
The Belle of Bowling Green,Amelia E. Barr,44606 downloads,https://www.gutenberg.org/ebooks/76576
"Barry Locke, half-back",Ralph Henry Barbour,44311 downloads,https://www.gutenberg.org/ebooks/78118
Helen Vardon's confession,R. Austin Freeman,44179 downloads,https://www.gutenberg.org/ebooks/76728
The Battle of the Strong: A Romance of Two Kingdoms — Volume 6,Gilbert Parker,43893 downloads,https://www.gutenberg.org/ebooks/6235
The Iliad,Homer,43612 downloads,https://www.gutenberg.org/ebooks/2199
Gulliver's Travels into Several Remote Nations of the World,Jonathan Swift,43374 downloads,https://www.gutenberg.org/ebooks/829
Twenty Thousand Leagues under the Sea,Jules Verne,43256 downloads,https://www.gutenberg.org/ebooks/164
The call of the wild,Jack London,43236 downloads,https://www.gutenberg.org/ebooks/215
The Jungle Book,Rudyard Kipling,43198 downloads,https://www.gutenberg.org/ebooks/236
The three musketeers,Alexandre Dumas and Auguste Maquet,42876 downloads,https://www.gutenberg.org/ebooks/1257
Anabasis,Xenophon,42291 downloads,https://www.gutenberg.org/ebooks/1170
The Life and Adventures of Robinson Crusoe,Daniel Defoe,41511 downloads,https://www.gutenberg.org/ebooks/521
The Enchiridion,Epictetus,41392 downloads,https://www.gutenberg.org/ebooks/45109
The Railway Children,E. Nesbit,40847 downloads,https://www.gutenberg.org/ebooks/1874
The Legend of Sleepy Hollow,Washington Irving,40471 downloads,https://www.gutenberg.org/ebooks/41
"Personal Memoirs of U. S. Grant, Complete",Ulysses S. Grant,40458 downloads,https://www.gutenberg.org/ebooks/4367
Oedipus King of Thebes,Sophocles,40329 downloads,https://www.gutenberg.org/ebooks/27673
"The Metamorphoses of Ovid, Books I-VII",Ovid,39944 downloads,https://www.gutenberg.org/ebooks/21765
White Fang,Jack London,39882 downloads,https://www.gutenberg.org/ebooks/910
A princess of Mars,Edgar Rice Burroughs,39748 downloads,https://www.gutenberg.org/ebooks/62
The Travels of Marco Polo — Volume 1,Marco Polo and da Pisa Rusticiano,39610 downloads,https://www.gutenberg.org/ebooks/10636
The Secret Garden,Frances Hodgson Burnett,39302 downloads,https://www.gutenberg.org/ebooks/113
David Copperfield,Charles Dickens,39266 downloads,https://www.gutenberg.org/ebooks/766
Supermind,Randall Garrett and Laurence M. Janifer,39119 downloads,https://www.gutenberg.org/ebooks/22342
Kidnapped,Robert Louis Stevenson,39028 downloads,https://www.gutenberg.org/ebooks/421
The Red Seal,Natalie Sumner Lincoln,38793 downloads,https://www.gutenberg.org/ebooks/1747
Daughters of Nijo: A Romance of Japan,Onoto Watanna,38770 downloads,https://www.gutenberg.org/ebooks/57763
Twenty Thousand Leagues Under the Seas: An Underwater Tour of the World,Jules Verne,38751 downloads,https://www.gutenberg.org/ebooks/2488
"Histoire amoureuse des Gaules; suivie des Romans historico-satiriques du XVIIe siècle, Tome I (French)",comte de Roger de Rabutin Bussy,38749 downloads,https://www.gutenberg.org/ebooks/29049
One Wonderful Night: A Romance of New York,Louis Tracy,38542 downloads,https://www.gutenberg.org/ebooks/19707
"""And That's How It Was, Officer""",Ralph Sholto,38455 downloads,https://www.gutenberg.org/ebooks/32562
Die Liebe: Novelle (German),Hans Kaltneker,38400 downloads,https://www.gutenberg.org/ebooks/66452
The Mysterious Island,Jules Verne,38121 downloads,https://www.gutenberg.org/ebooks/1268
The Prince and the Pauper,Mark Twain,38035 downloads,https://www.gutenberg.org/ebooks/1837
Susan B. Anthony,Alma Lutz,38009 downloads,https://www.gutenberg.org/ebooks/20439
Tarrano the Conqueror,Ray Cummings,37986 downloads,https://www.gutenberg.org/ebooks/21638
The Mystery of a Turkish Bath,Rita,37985 downloads,https://www.gutenberg.org/ebooks/25656
In Jeopardy,Van Tassel Sutphen,37967 downloads,https://www.gutenberg.org/ebooks/38477
"The silent Baltic :  or, Detained near Kiel",Marcus Knox,37918 downloads,https://www.gutenberg.org/ebooks/78033
The Wonderful Wizard of Oz,L. Frank Baum,37834 downloads,https://www.gutenberg.org/ebooks/43936
The Last of the Mohicans; A narrative of 1757,James Fenimore Cooper,37486 downloads,https://www.gutenberg.org/ebooks/940
Symposium,Plato,37483 downloads,https://www.gutenberg.org/ebooks/1600
The Lost World,Arthur Conan Doyle,37393 downloads,https://www.gutenberg.org/ebooks/139
Le Morte d'Arthur: Volume 1,Sir Thomas Malory,37307 downloads,https://www.gutenberg.org/ebooks/1251
Baron Trump's Marvellous Underground Journey,Ingersoll Lockwood,37161 downloads,https://www.gutenberg.org/ebooks/57426
"Les mille et une nuits, tome premier (French)",Unknown / Various,37105 downloads,https://www.gutenberg.org/ebooks/26296
A Connecticut Yankee in King Arthur's Court,Mark Twain,36916 downloads,https://www.gutenberg.org/ebooks/86
The Notebooks of Leonardo Da Vinci — Complete,da Vinci Leonardo,36457 downloads,https://www.gutenberg.org/ebooks/5000
灵历集光 (Chinese),Shangjie Song,36347 downloads,https://www.gutenberg.org/ebooks/25716
Aesop's Fables; a new translation,Aesop,36335 downloads,https://www.gutenberg.org/ebooks/11339
The gods of Mars,Edgar Rice Burroughs,36225 downloads,https://www.gutenberg.org/ebooks/64
The Egyptian Book of the dead,Unknown / Various,36103 downloads,https://www.gutenberg.org/ebooks/69566
Paradise Lost,John Milton,35934 downloads,https://www.gutenberg.org/ebooks/20
The warlord of Mars,Edgar Rice Burroughs,35576 downloads,https://www.gutenberg.org/ebooks/68
"The Mahabharata of Krishna-Dwaipayana Vyasa, Volume 1",Unknown / Various,35518 downloads,https://www.gutenberg.org/ebooks/15474
Plague Ship,Andre Norton,35513 downloads,https://www.gutenberg.org/ebooks/16921
A Tale of Two Cities,Charles Dickens,35507 downloads,https://www.gutenberg.org/ebooks/98
The Aeneid,Virgil,35455 downloads,https://www.gutenberg.org/ebooks/228
The Tale of Peter Rabbit,Beatrix Potter,35452 downloads,https://www.gutenberg.org/ebooks/14838
The Ultimate Weapon,Jr. John W. Campbell,35327 downloads,https://www.gutenberg.org/ebooks/23790
Plutarch's Morals,Plutarch,35302 downloads,https://www.gutenberg.org/ebooks/23639
"The History of Don Quixote, Volume 1, Complete",Miguel de Cervantes Saavedra,35171 downloads,https://www.gutenberg.org/ebooks/5921
A Journey into the Interior of the Earth,Jules Verne,35119 downloads,https://www.gutenberg.org/ebooks/3748
The Chessmen of Mars,Edgar Rice Burroughs,35106 downloads,https://www.gutenberg.org/ebooks/1153
"The Birth of Tragedy; or, Hellenism and Pessimism",Friedrich Wilhelm Nietzsche,35074 downloads,https://www.gutenberg.org/ebooks/51356
Vingt mille Lieues Sous Les Mers — Complete (French),Jules Verne,35034 downloads,https://www.gutenberg.org/ebooks/5097
Apology,Plato,35002 downloads,https://www.gutenberg.org/ebooks/1656
Der Marquis de Sade und seine Zeit. (German),Iwan Bloch,34931 downloads,https://www.gutenberg.org/ebooks/68400
The Hour of the Dragon,Robert E. Howard,34923 downloads,https://www.gutenberg.org/ebooks/42243
Phaedrus,Plato,34862 downloads,https://www.gutenberg.org/ebooks/1636
The Land That Time Forgot,Edgar Rice Burroughs,34834 downloads,https://www.gutenberg.org/ebooks/551
Black Beauty :  The autobiography of a horse,Anna Sewell,34606 downloads,https://www.gutenberg.org/ebooks/271
Lives of Fair and Gallant Ladies. Vol 1,Pierre de Bourdeille Brantôme,34517 downloads,https://www.gutenberg.org/ebooks/67025
Don Juan,Baron George Gordon Byron Byron,34517 downloads,https://www.gutenberg.org/ebooks/21700
"The Works of Edgar Allan Poe, The Raven Edition",Edgar Allan Poe,34458 downloads,https://www.gutenberg.org/ebooks/25525
Northanger Abbey,Jane Austen,34432 downloads,https://www.gutenberg.org/ebooks/121
Red Nails,Robert E. Howard,34415 downloads,https://www.gutenberg.org/ebooks/32759
Off on a Comet! a Journey through Planetary Space,Jules Verne,34380 downloads,https://www.gutenberg.org/ebooks/1353
Society as I Have Found It,Ward McAllister,34342 downloads,https://www.gutenberg.org/ebooks/55300
The Lost Continent,Edgar Rice Burroughs,34337 downloads,https://www.gutenberg.org/ebooks/149
"Divine Comedy, Longfellow's Translation, Hell",Dante Alighieri,34281 downloads,https://www.gutenberg.org/ebooks/1001
Songs of Innocence and of Experience,William Blake,34220 downloads,https://www.gutenberg.org/ebooks/1934
Astounding Stories of Super-Science January 1930,Unknown / Various,34208 downloads,https://www.gutenberg.org/ebooks/41481
Uncle Tom's Cabin,Harriet Beecher Stowe,34180 downloads,https://www.gutenberg.org/ebooks/203
Andersen's Fairy Tales,H. C. Andersen,34178 downloads,https://www.gutenberg.org/ebooks/1597
Spoon River Anthology,Edgar Lee Masters,34154 downloads,https://www.gutenberg.org/ebooks/26471
My own story,Emmeline Pankhurst,34087 downloads,https://www.gutenberg.org/ebooks/34856
Shadows in Zamboula,Robert E. Howard,33998 downloads,https://www.gutenberg.org/ebooks/42196
The Ballad of the White Horse,G. K. Chesterton,33993 downloads,https://www.gutenberg.org/ebooks/1719
"Astounding Stories,  August, 1931",Various,33939 downloads,https://www.gutenberg.org/ebooks/33016
The Colors of Space,Marion Zimmer Bradley,33876 downloads,https://www.gutenberg.org/ebooks/20796
Triplanetary,E. E. Smith,33853 downloads,https://www.gutenberg.org/ebooks/20782
Wanderfoot (The Dream Ship),Cynthia Stockley,33806 downloads,https://www.gutenberg.org/ebooks/40059
"Astounding Stories of Super-Science, December 1930",Various,33768 downloads,https://www.gutenberg.org/ebooks/30691
"Astounding Stories, June, 1931",Various,33761 downloads,https://www.gutenberg.org/ebooks/31893
The People of the Black Circle,Robert E. Howard,33744 downloads,https://www.gutenberg.org/ebooks/42259
"De la terre à la lune, trajet direct en 97 heures 20 minutes (French)",Jules Verne,33731 downloads,https://www.gutenberg.org/ebooks/38674
"Golden Days for Boys and Girls, Vol. XII, Jan. 3, 1891",Various,33729 downloads,https://www.gutenberg.org/ebooks/17199
A Martian Odyssey,Stanley G. Weinbaum,33680 downloads,https://www.gutenberg.org/ebooks/23731
Three hundred Aesop’s fables,Aesop,33676 downloads,https://www.gutenberg.org/ebooks/21
"Astounding Stories, May, 1931",Various,33666 downloads,https://www.gutenberg.org/ebooks/30532
Scenes in the Life of Harriet Tubman,Sarah H. Bradford,33635 downloads,https://www.gutenberg.org/ebooks/57821
The Republic of Plato,Plato,33629 downloads,https://www.gutenberg.org/ebooks/55201
Out of Time's Abyss,Edgar Rice Burroughs,33578 downloads,https://www.gutenberg.org/ebooks/553
The Revolt on Venus,Carey Rockwell,33556 downloads,https://www.gutenberg.org/ebooks/19027
The Secret of the Ninth Planet,Donald A. Wollheim,33485 downloads,https://www.gutenberg.org/ebooks/33644
Notre-Dame de Paris,Victor Hugo,33450 downloads,https://www.gutenberg.org/ebooks/2610
The Divine Comedy of Dante Alighieri: The Inferno,Dante Alighieri,33386 downloads,https://www.gutenberg.org/ebooks/41537
The Romance of Biography (Vol 1 of 2),Mrs. Jameson,33358 downloads,https://www.gutenberg.org/ebooks/35382
Shadows in the Moonlight,Robert E. Howard,33354 downloads,https://www.gutenberg.org/ebooks/42188
The Consolation of Philosophy,Boethius,33279 downloads,https://www.gutenberg.org/ebooks/14328
Memoirs of the Author of a Vindication of the Rights of Woman,William Godwin,33256 downloads,https://www.gutenberg.org/ebooks/16199
Brood of the Dark Moon,Charles Willard Diffin,33252 downloads,https://www.gutenberg.org/ebooks/32398
The Picture of Dorian Gray,Oscar Wilde,33218 downloads,https://www.gutenberg.org/ebooks/174
"The Canterbury Tales, and Other Poems",Geoffrey Chaucer,33218 downloads,https://www.gutenberg.org/ebooks/2383
Up from Slavery: An Autobiography,Booker T. Washington,33212 downloads,https://www.gutenberg.org/ebooks/2376
The Meditations of the Emperor Marcus Aurelius Antoninus,Emperor of Rome Marcus Aurelius,33178 downloads,https://www.gutenberg.org/ebooks/55317
"The Lovers Assistant; Or, New Art of Love",Henry Fielding and Ovid,33074 downloads,https://www.gutenberg.org/ebooks/31036
"The Awakening, and Selected Short Stories",Kate Chopin,33032 downloads,https://www.gutenberg.org/ebooks/160
Ulysses,James Joyce,33021 downloads,https://www.gutenberg.org/ebooks/4300
Vanity Fair,William Makepeace Thackeray,32997 downloads,https://www.gutenberg.org/ebooks/599
The Adventures of Pinocchio,Carlo Collodi,32993 downloads,https://www.gutenberg.org/ebooks/500
"Hesiod, the Homeric Hymns, and Homerica",Hesiod,32992 downloads,https://www.gutenberg.org/ebooks/348
War and Peace,graf Leo Tolstoy,32962 downloads,https://www.gutenberg.org/ebooks/2600
Mrs. Dalloway,Virginia Woolf,32926 downloads,https://www.gutenberg.org/ebooks/71865
Terveeks' — Buddha! (Finnish),Sulo-Weikko Pekkola,32900 downloads,https://www.gutenberg.org/ebooks/76730
Phaedo,Plato,32860 downloads,https://www.gutenberg.org/ebooks/1658
Jewels of Gwahlur,Robert E. Howard,32807 downloads,https://www.gutenberg.org/ebooks/42236
The Pickwick Papers,Charles Dickens,32794 downloads,https://www.gutenberg.org/ebooks/580
"Lives of the Most Eminent Painters Sculptors and Architects, Vol. 01 (of 10)",Giorgio Vasari,32745 downloads,https://www.gutenberg.org/ebooks/25326
The Undersea Tube,L. Taylor Hansen,32708 downloads,https://www.gutenberg.org/ebooks/27609
Childe Harold's Pilgrimage,Baron George Gordon Byron Byron,32682 downloads,https://www.gutenberg.org/ebooks/5131
"The Thousand and One Nights, Vol. I.",Unknown / Various,32668 downloads,https://www.gutenberg.org/ebooks/34206
Aladdin & Co.: A Romance of Yankee Magic,Herbert Quick,32594 downloads,https://www.gutenberg.org/ebooks/23745
Wizard,Laurence M. Janifer,32553 downloads,https://www.gutenberg.org/ebooks/24375
The Story of My Life,Helen Keller,32547 downloads,https://www.gutenberg.org/ebooks/2397
On the Nature of Things,Titus Lucretius Carus,32441 downloads,https://www.gutenberg.org/ebooks/785
Hamlet,William Shakespeare,32438 downloads,https://www.gutenberg.org/ebooks/27761
Thoughts of Marcus Aurelius Antoninus,Emperor of Rome Marcus Aurelius,32410 downloads,https://www.gutenberg.org/ebooks/15877
Lysistrata,Aristophanes,32402 downloads,https://www.gutenberg.org/ebooks/7700
Nicholas Nickleby,Charles Dickens,32398 downloads,https://www.gutenberg.org/ebooks/967
"Bacon's Essays, and Wisdom of the Ancients",Francis Bacon,32389 downloads,https://www.gutenberg.org/ebooks/56463
"The life and opinions of Tristram Shandy, gentleman",Laurence Sterne,32367 downloads,https://www.gutenberg.org/ebooks/1079
"Spenser's The Faerie Queene, Book I",Edmund Spenser,32348 downloads,https://www.gutenberg.org/ebooks/15272
Plutarch: Lives of the noble Grecians and Romans,Plutarch,32343 downloads,https://www.gutenberg.org/ebooks/674
Fifteen Thousand Useful Phrases,Grenville Kleiser,32254 downloads,https://www.gutenberg.org/ebooks/26225
"Chaucer's Works, Volume 4 — The Canterbury Tales (Middle English (1100-1500))",Geoffrey Chaucer,32244 downloads,https://www.gutenberg.org/ebooks/22120
Gargantua and Pantagruel,François Rabelais,32234 downloads,https://www.gutenberg.org/ebooks/1200
Aeneidos (Latin),Virgil,32229 downloads,https://www.gutenberg.org/ebooks/227
Metamorphosis,Franz Kafka,32172 downloads,https://www.gutenberg.org/ebooks/5200
"The Journals of Lewis and Clark, 1804-1806",Meriwether Lewis and William Clark,32117 downloads,https://www.gutenberg.org/ebooks/8419
The Red Badge of Courage: An Episode of the American Civil War,Stephen Crane,32106 downloads,https://www.gutenberg.org/ebooks/73
The Confessions of Jean Jacques Rousseau — Complete,Jean-Jacques Rousseau,31992 downloads,https://www.gutenberg.org/ebooks/3913
Cruel as the grave,Emma Dorothy Eliza Nevitte Southworth,31978 downloads,https://www.gutenberg.org/ebooks/23789
The Decameron of Giovanni Boccaccio,Giovanni Boccaccio,31807 downloads,https://www.gutenberg.org/ebooks/23700
La Divina Commedia di Dante (Italian),Dante Alighieri,31679 downloads,https://www.gutenberg.org/ebooks/1012
The Bābur-nāma in English (Memoirs of Bābur),Emperor of Hindustan Babur,31624 downloads,https://www.gutenberg.org/ebooks/44608
Memoirs of Napoleon Bonaparte — Complete,Louis Antoine Fauvelet de Bourrienne,31586 downloads,https://www.gutenberg.org/ebooks/3567
Twelve Years a Slave,Solomon Northup,31570 downloads,https://www.gutenberg.org/ebooks/45631
The Portrait of a Lady — Volume 1,Henry James,31563 downloads,https://www.gutenberg.org/ebooks/2833
Utopia,Saint Thomas More,31545 downloads,https://www.gutenberg.org/ebooks/2130
"Plutarch's Lives, Volume 3 (of 4)",Plutarch,31507 downloads,https://www.gutenberg.org/ebooks/14140
Shakespeare's Sonnets,William Shakespeare,31404 downloads,https://www.gutenberg.org/ebooks/1041
"A Woman at Bay; Or, A Fiend in Skirts",Nicholas Carter,31325 downloads,https://www.gutenberg.org/ebooks/26704
Cicero's Tusculan Disputations,Marcus Tullius Cicero,31304 downloads,https://www.gutenberg.org/ebooks/14988
Faust: Der Tragödie erster Teil (German),Johann Wolfgang von Goethe,31257 downloads,https://www.gutenberg.org/ebooks/2229
The Castle of Otranto,Horace Walpole,31213 downloads,https://www.gutenberg.org/ebooks/696
The Candidate: A Political Romance,Joseph A. Altsheler,31185 downloads,https://www.gutenberg.org/ebooks/25132
The Satyricon — Complete,Petronius Arbiter,31030 downloads,https://www.gutenberg.org/ebooks/5225
The Place of Honeymoons,Harold MacGrath,30916 downloads,https://www.gutenberg.org/ebooks/26593
Complete Prose Works,Walt Whitman,30894 downloads,https://www.gutenberg.org/ebooks/8813
Memoirs of Louis XIV and His Court and of the Regency — Complete,duc de Louis de Rouvroy Saint-Simon,30892 downloads,https://www.gutenberg.org/ebooks/3875
The wheel of earth,Helga Sandburg,30867 downloads,https://www.gutenberg.org/ebooks/78102
The Letters of Wolfgang Amadeus Mozart — Volume 01,Wolfgang Amadeus Mozart,30843 downloads,https://www.gutenberg.org/ebooks/5307
A Cyclopaedia of Canadian Biography: Being Chiefly Men of the Time,Unknown / Various,30798 downloads,https://www.gutenberg.org/ebooks/57724
Fifty years in Wall Street,Henry Clews,30788 downloads,https://www.gutenberg.org/ebooks/70377
"The letters of Queen Victoria, vol. 1, 1837-1843 :  A selection from Her Majesty's correspondence between the years 1837 and 1861.",Queen of Great Britain Victoria,30716 downloads,https://www.gutenberg.org/ebooks/20023
Fifty Years In The Northwest,William H. C. Folsom,30657 downloads,https://www.gutenberg.org/ebooks/36375
Confessions of an English Opium-Eater,Thomas De Quincey,30654 downloads,https://www.gutenberg.org/ebooks/2040
My Bondage and My Freedom,Frederick Douglass,30612 downloads,https://www.gutenberg.org/ebooks/202
Boswell's Life of Johnson,James Boswell,30561 downloads,https://www.gutenberg.org/ebooks/1564
A Cyclopædia of Canadian Biography,Unknown / Various,30539 downloads,https://www.gutenberg.org/ebooks/53635
"Memoirs of the Court of Marie Antoinette, Queen of France, Complete",Mme. Campan,30405 downloads,https://www.gutenberg.org/ebooks/3891
Poems and Songs of Robert Burns,Robert Burns,30320 downloads,https://www.gutenberg.org/ebooks/1279
'Firebrand' Trevison,Charles Alden Seltzer,30268 downloads,https://www.gutenberg.org/ebooks/26951
"Herman Melville, Mariner and Mystic",Raymond M. Weaver,30263 downloads,https://www.gutenberg.org/ebooks/50461
"From the Earth to the moon; and, round the moon",Jules Verne,30254 downloads,https://www.gutenberg.org/ebooks/83
Sir Gawayne and the Green Knight (Middle English (1100-1500)),Unknown / Various,30237 downloads,https://www.gutenberg.org/ebooks/14568
"Memoirs of the Duchesse de Dino (Afterwards Duchesse de Talleyrand et de Sagan), 1836-1840",duchesse de Dorothée Dino,30156 downloads,https://www.gutenberg.org/ebooks/44646
"Lineage, Life and Labors of José Rizal, Philippine Patriot",Austin Craig,30146 downloads,https://www.gutenberg.org/ebooks/6867
The Fifth Queen Crowned,Ford Madox Ford,30059 downloads,https://www.gutenberg.org/ebooks/27432
Darkwater: Voices from Within the Veil,W. E. B. Du Bois,30042 downloads,https://www.gutenberg.org/ebooks/15210
In Praise of Folly,Desiderius Erasmus,30020 downloads,https://www.gutenberg.org/ebooks/30201
Cornish Characters and Strange Events,S. Baring-Gould,30014 downloads,https://www.gutenberg.org/ebooks/41775
Gevoel en verstand (Dutch),Jane Austen,29853 downloads,https://www.gutenberg.org/ebooks/25946
"The Natural History of Pliny, Volume 3 (of 6)",the Elder Pliny,29772 downloads,https://www.gutenberg.org/ebooks/59131
Montreal from 1535 to 1914. Vol. 3. Biographical,William H. Atherton,29754 downloads,https://www.gutenberg.org/ebooks/48480
"Anzeiger für Kunde der deutschen Vorzeit (Jg. 26, 1879) (German)",Various,29709 downloads,https://www.gutenberg.org/ebooks/49501
The Sailor's Word-Book,W. H. Smyth,29705 downloads,https://www.gutenberg.org/ebooks/26000
Life of St. Francis of Assisi,Paul Sabatier,29677 downloads,https://www.gutenberg.org/ebooks/18787
The Journal of Sir Walter Scott,Walter Scott,29610 downloads,https://www.gutenberg.org/ebooks/14860
An Old Man's Love,Anthony Trollope,29588 downloads,https://www.gutenberg.org/ebooks/25001
"Moby Dick; Or, The Whale",Herman Melville,29579 downloads,https://www.gutenberg.org/ebooks/2489
The mysterious Mr. Quin,Agatha Christie,29511 downloads,https://www.gutenberg.org/ebooks/78084
Audubon the Naturalist: A History of His Life and Time. Vol. 2 (of 2),Francis Hobart Herrick,29504 downloads,https://www.gutenberg.org/ebooks/58984
Cuentos de amor (Spanish),condesa de Emilia Pardo Bazán,29489 downloads,https://www.gutenberg.org/ebooks/55514
Sketches of Successful New Hampshire Men,Various,29483 downloads,https://www.gutenberg.org/ebooks/39634
All in the Day's Work: An Autobiography,Ida M. Tarbell,29460 downloads,https://www.gutenberg.org/ebooks/63754
"The Young Visiters or, Mr. Salteena's Plan",Daisy Ashford,29457 downloads,https://www.gutenberg.org/ebooks/21415
"France and England in North America, Part III: La Salle, Discovery of The Great West",Francis Parkman,29426 downloads,https://www.gutenberg.org/ebooks/40143
Project Daedalus,Thomas Hoover,29384 downloads,https://www.gutenberg.org/ebooks/34320
English Eccentrics and Eccentricities,John Timbs,29372 downloads,https://www.gutenberg.org/ebooks/50439
Herman Melville,Lewis Mumford,29365 downloads,https://www.gutenberg.org/ebooks/78016
"Lorenzo de' Medici, the Magnificent (vol. 1 of 2)",Alfred von Reumont,29344 downloads,https://www.gutenberg.org/ebooks/50624
Letters of Asa Gray; Vol. 2,Asa Gray,29336 downloads,https://www.gutenberg.org/ebooks/55987
The Works of Lord Byron. Vol. 4,Baron George Gordon Byron Byron,29334 downloads,https://www.gutenberg.org/ebooks/20158
The Memoirs of Admiral Lord Beresford,Baron Charles William De la Poer Beresford Beresford,29323 downloads,https://www.gutenberg.org/ebooks/50508
"The Satires of Juvenal, Persius, Sulpicia, and Lucilius","Persius, Gaius Lucilius, Juvenal, and Sulpicia",29294 downloads,https://www.gutenberg.org/ebooks/50657
Old Times on the Upper Mississippi,George Byron Merrick,29274 downloads,https://www.gutenberg.org/ebooks/47262
A guide to the history of physical education,Fred Eugene Leonard,29271 downloads,https://www.gutenberg.org/ebooks/78009
As I Remember,Marian Gouverneur,29250 downloads,https://www.gutenberg.org/ebooks/28384
"Lyman's History of old Walla Walla County,  Vol. 2",William Denison Lyman,29144 downloads,https://www.gutenberg.org/ebooks/46808
Romeo and Juliet,William Shakespeare,29121 downloads,https://www.gutenberg.org/ebooks/47960
Project Cyclops,Thomas Hoover,29097 downloads,https://www.gutenberg.org/ebooks/34319
Vie de Jésus (French),Ernest Renan,29062 downloads,https://www.gutenberg.org/ebooks/15113
The Black Hawk War Including a Review of Black Hawk's Life,Frank Everett Stevens,29045 downloads,https://www.gutenberg.org/ebooks/49402
"The History of Mary Prince, a West Indian Slave",Mary Prince,29026 downloads,https://www.gutenberg.org/ebooks/17851
"The Memoirs of François René Vicomte de Chateaubriand sometime Ambassador to England, Volume 4 (of 6)",vicomte de François-René Chateaubriand,29014 downloads,https://www.gutenberg.org/ebooks/54879
L'amore che torna: romanzo (Italian),Guido da Verona,29013 downloads,https://www.gutenberg.org/ebooks/38720
La dame aux camélias (French),Alexandre Dumas,28996 downloads,https://www.gutenberg.org/ebooks/2419
The Canadian Portrait Gallery - Volume 3 (of 4),John Charles Dent,28984 downloads,https://www.gutenberg.org/ebooks/35647
The dogaressas of Venice (the wives of the doges),Edgcumbe Staley,28960 downloads,https://www.gutenberg.org/ebooks/78047
The Swiss family Robinson,Johann David Wyss,28957 downloads,https://www.gutenberg.org/ebooks/78017
The Works of William Shakespeare [Cambridge Edition] [Vol. 3 of 9],William Shakespeare,28939 downloads,https://www.gutenberg.org/ebooks/50559
The Girl on the Boat,P. G. Wodehouse,28926 downloads,https://www.gutenberg.org/ebooks/20717
"The History of Pendennis, Volume 2",William Makepeace Thackeray,28925 downloads,https://www.gutenberg.org/ebooks/9904
"The Life of John Marshall, Volume 4: The building of the nation, 1815-1835",Albert J. Beveridge,28892 downloads,https://www.gutenberg.org/ebooks/40533
The Small House at Allington,Anthony Trollope,28860 downloads,https://www.gutenberg.org/ebooks/4599
Insolación y Morriña (Dos historias amorosas) (Spanish),condesa de Emilia Pardo Bazán,28850 downloads,https://www.gutenberg.org/ebooks/52597
Tales grotesque and curious,Ryūnosuke Akutagawa,28849 downloads,https://www.gutenberg.org/ebooks/78105
Infatuation,Lloyd Osbourne,28847 downloads,https://www.gutenberg.org/ebooks/47434
"The Letters of Franklin K. Lane, Personal and Political",Franklin K. Lane,28845 downloads,https://www.gutenberg.org/ebooks/4206
"1066 and all that :  A memorable history of England, comprising all the parts you can remember, including 103 good things, 5 bad kings and 2 genuine dates",Walter Carruthers Sellar and Robert Julian Yeatman,28845 downloads,https://www.gutenberg.org/ebooks/78124
A Terrible Temptation: A Story of To-Day,Charles Reade,28823 downloads,https://www.gutenberg.org/ebooks/7895
A Love Story,William Harvey Christie,28764 downloads,https://www.gutenberg.org/ebooks/8883
Main currents in American thought :  An interpretation of American literature from the beginnings to 1920,Vernon Louis Parrington,28746 downloads,https://www.gutenberg.org/ebooks/78025
Los miserables - Tomo 2 (de 2) (Spanish),Victor Hugo,28741 downloads,https://www.gutenberg.org/ebooks/78068
Madame Flirt,Charles Edward Pearce,28730 downloads,https://www.gutenberg.org/ebooks/18547
The Hermit Doctor of Gaya: A Love Story of Modern India,I. A. R. Wylie,28724 downloads,https://www.gutenberg.org/ebooks/49555
The anatomy of revolution,Crane Brinton,28713 downloads,https://www.gutenberg.org/ebooks/78065
The Raft,Coningsby Dawson,28712 downloads,https://www.gutenberg.org/ebooks/50498
Andanzas y visiones españolas (Spanish),Miguel de Unamuno,28709 downloads,https://www.gutenberg.org/ebooks/78052
The Scourge of God: A Romance of Religious Persecution,John Bloundelle-Burton,28687 downloads,https://www.gutenberg.org/ebooks/52734
The Rustle of Silk,Cosmo Hamilton,28686 downloads,https://www.gutenberg.org/ebooks/35079
Five Weeks in a Balloon,Jules Verne,28684 downloads,https://www.gutenberg.org/ebooks/3526
The dangerous game,William Le Queux,28683 downloads,https://www.gutenberg.org/ebooks/78029
The Prince,Niccolò Machiavelli,28681 downloads,https://www.gutenberg.org/ebooks/1232
En pays lointain (French),Jack London,28679 downloads,https://www.gutenberg.org/ebooks/78041
At the Sign of the Cat and Racket,Honoré de Balzac,28673 downloads,https://www.gutenberg.org/ebooks/1680
"Addie's Husband; or, Through clouds to sunshine",Mrs. Gordon Smythies,28668 downloads,https://www.gutenberg.org/ebooks/49806
The Hawk of Egypt,Joan Conquest,28665 downloads,https://www.gutenberg.org/ebooks/15721
"Arrian on coursing :  the Cynegeticus of the younger Xenophon, translated from the Greek, with classical and practical annotations, and a brief sketch of the life and writings of the author. To which is added an appendix, containing some account of the Canes Venatici of classical antiquity",Arrian,28663 downloads,https://www.gutenberg.org/ebooks/78013
The Black Moth: A Romance of the XVIIIth Century,Georgette Heyer,28662 downloads,https://www.gutenberg.org/ebooks/38703
My Friend the Chauffeur,C. N. Williamson and A. M. Williamson,28658 downloads,https://www.gutenberg.org/ebooks/19441
Humanism and America :  Essays on the outlook of modern civilisation,Unknown / Various,28647 downloads,https://www.gutenberg.org/ebooks/78119
Lucifer :  roman moderne (French),Maurice Magre,28626 downloads,https://www.gutenberg.org/ebooks/78064
Allgemeine Physiologie (German),Max Verworn,28604 downloads,https://www.gutenberg.org/ebooks/78079
Bambi,Marjorie Benton Cooke,28604 downloads,https://www.gutenberg.org/ebooks/11197
"Alice, or the Mysteries — Complete",Baron Edward Bulwer Lytton Lytton,28599 downloads,https://www.gutenberg.org/ebooks/9774
"Wilson's Tales of the Borders and of Scotland, Volume 24",Unknown / Various,28597 downloads,https://www.gutenberg.org/ebooks/14421
"The cruise of the Nona :  The story of a cruise from Holyhead to the Wash, with reflections and judgments on life and letters, men and manners",Hilaire Belloc,28594 downloads,https://www.gutenberg.org/ebooks/78020
"Three millions! :  or, The way of the world",Oliver Optic,28590 downloads,https://www.gutenberg.org/ebooks/76553
"Blackwood's Edinburgh magazine, volume 456, no. 10, October 1853",Various,28585 downloads,https://www.gutenberg.org/ebooks/78090
From Chaucer to Tennyson,Henry A. Beers,28585 downloads,https://www.gutenberg.org/ebooks/11618
The Vision of Desire,Margaret Pedler,28563 downloads,https://www.gutenberg.org/ebooks/7855
"The history of the Norman conquest of England, its causes and its results, Volume 3 (of 6)",Edward A. Freeman,28561 downloads,https://www.gutenberg.org/ebooks/78122
Præraphaelite diaries and letters,"Dante Gabriel Rossetti, Ford Madox Brown, and Gabriele Rossetti",28542 downloads,https://www.gutenberg.org/ebooks/78022
"An historical account of all the voyages round the world, performed by English navigators, vol. 3 of 4 :  Including those lately undertaken by order of His present Majesty. The whole faithfully extracted from the journals of the voyagers",Unknown / Various,28521 downloads,https://www.gutenberg.org/ebooks/78019
King Midas: a Romance,Upton Sinclair,28508 downloads,https://www.gutenberg.org/ebooks/4923
The Green Dolphin,Sara Ware Bassett,28503 downloads,https://www.gutenberg.org/ebooks/78005
Field Artillery Training. 1914,Great Britain. War Office,28499 downloads,https://www.gutenberg.org/ebooks/78053
Thelma,Marie Corelli,28484 downloads,https://www.gutenberg.org/ebooks/3823
The Viper of Milan: A Romance of Lombardy,Marjorie Bowen,28475 downloads,https://www.gutenberg.org/ebooks/48963
I. Beowulf: an Anglo-Saxon poem. II. The fight at Finnsburh: a fragment. (Old English (ca. 450-1100)),Unknown / Various,28474 downloads,https://www.gutenberg.org/ebooks/9701
"Jane Seton; or, The King's Advocate: A Scottish Historical Romance",James Grant,28472 downloads,https://www.gutenberg.org/ebooks/64836
Priscilla's Spies,George A. Birmingham,28468 downloads,https://www.gutenberg.org/ebooks/21394
Love and Life: An Old Story in Eighteenth Century Costume,Charlotte M. Yonge,28460 downloads,https://www.gutenberg.org/ebooks/5700
Cartels :  challenge to a free world,Wendell Berge,28453 downloads,https://www.gutenberg.org/ebooks/78077
"Chaucer's Works, Volume 3 — The House of Fame; The Legend of Good Women; The Treatise on the Astrolabe; The Sources of the Canterbury Tales",Geoffrey Chaucer,28436 downloads,https://www.gutenberg.org/ebooks/45027
The marvellous land of Snergs,E. A. Wyke-Smith,28434 downloads,https://www.gutenberg.org/ebooks/78120
"Ricordi d'infanzia e di scuola (Italian)",Edmondo De Amicis,28423 downloads,https://www.gutenberg.org/ebooks/61885
Joan and Co.,Frederick Orin Bartlett,28414 downloads,https://www.gutenberg.org/ebooks/78046
Amitié amoureuse (French),Hermine Oudinot Lecomte du Noüy,28413 downloads,https://www.gutenberg.org/ebooks/36635
The Hill of Venus,Nathan Gallizier,28409 downloads,https://www.gutenberg.org/ebooks/39970
Kate Mulhall :  A romance of the Oregon Trail,Ezra Meeker,28406 downloads,https://www.gutenberg.org/ebooks/78040
The black pearl,Marie Lion,28404 downloads,https://www.gutenberg.org/ebooks/78087
The First of the English: A Novel,Archibald Clavering Gunter,28401 downloads,https://www.gutenberg.org/ebooks/67804
The last dragon,Dan Totheroh,28397 downloads,https://www.gutenberg.org/ebooks/76411
Body-build and its inheritance,Charles Benedict Davenport,28394 downloads,https://www.gutenberg.org/ebooks/78107
The loot of the Lazy A,W. C. Tuttle,28390 downloads,https://www.gutenberg.org/ebooks/78028
Ihmisvihaaja :  Viisinäytöksinen huvinäytelmä (Finnish),Molière,28383 downloads,https://www.gutenberg.org/ebooks/78042
The haunting hand,Walter Adolphe Roberts,28381 downloads,https://www.gutenberg.org/ebooks/78094
The Honour of Savelli: A Romance,S. Levett Yeats,28377 downloads,https://www.gutenberg.org/ebooks/38250
"The Works of Alexander Pope, Volume 1",Alexander Pope,28377 downloads,https://www.gutenberg.org/ebooks/32190
The Mandarin's Fan,Fergus Hume,28376 downloads,https://www.gutenberg.org/ebooks/36346
The Lilac Sunbonnet: A Love Story,S. R. Crockett,28373 downloads,https://www.gutenberg.org/ebooks/4918
Democracy—false or true? :  A prologue and a dream,Sir W. B. Richmond,28370 downloads,https://www.gutenberg.org/ebooks/78117
"Skizzen einer Fußreise durch Oesterreich, Steiermark, Kärnthen, Salzburg, Berchtesgaden, Tirol und Baiern nach Wien, :  nebst einer romantisch pittoresken Darstellung mehrerer Ritterburgen und ihrer Volkssagen, Gebirgsgegenden und Eisglätscher auf dieser Wanderung, unternommen im Jahre 1825 von Joseph Kyselak. (2/2) (German)",Josef Kyselak,28368 downloads,https://www.gutenberg.org/ebooks/78026
Faithful Margaret: A Novel,Mrs. J. M. Simpson,28367 downloads,https://www.gutenberg.org/ebooks/36360
The trouble at Pinelands :  A detective story,Ernest M. Poate,28359 downloads,https://www.gutenberg.org/ebooks/78103
The San Rosario Ranch,Maud Howe Elliott,28346 downloads,https://www.gutenberg.org/ebooks/42283
Under the Witches' Moon: A Romantic Tale of Mediaeval Rome,Nathan Gallizier,28345 downloads,https://www.gutenberg.org/ebooks/44827
"Khartoum, and the Blue and White Niles, Vol. 2 (of 2)",George Melly,28343 downloads,https://www.gutenberg.org/ebooks/78015
The adventures of an ensign,Valentine Williams,28342 downloads,https://www.gutenberg.org/ebooks/78078
Great rivers of the world :  as seen and described by famous writers,Unknown / Various,28341 downloads,https://www.gutenberg.org/ebooks/78095
The unknown seven :  A detective story,Herman Landon,28341 downloads,https://www.gutenberg.org/ebooks/78010
The eclipse of Russia,Emile Joseph Dillon,28340 downloads,https://www.gutenberg.org/ebooks/78075
The Black Abbot,Edgar Wallace,28329 downloads,https://www.gutenberg.org/ebooks/75643
L'imposture (French),Georges Bernanos,28317 downloads,https://www.gutenberg.org/ebooks/78021
"Household words, No. 2, April 6, 1850 :  A weekly journal",Unknown / Various,28312 downloads,https://www.gutenberg.org/ebooks/78099
Deux générations (French),graf Leo Tolstoy,28302 downloads,https://www.gutenberg.org/ebooks/78069
Astronomy for beginners,Hereward Carrington,28300 downloads,https://www.gutenberg.org/ebooks/78112
"Khartoum, and the Blue and White Niles, Vol. 1 (of 2)",George Melly,28293 downloads,https://www.gutenberg.org/ebooks/78014
Success,Una L. Silberrad,28293 downloads,https://www.gutenberg.org/ebooks/78012
Boston :  a novel,Upton Sinclair,28285 downloads,https://www.gutenberg.org/ebooks/78039
Irene Iddesleigh,Amanda McKittrick Ros,28284 downloads,https://www.gutenberg.org/ebooks/34181
The Cardinal's snuff-box,Henry Harland,28283 downloads,https://www.gutenberg.org/ebooks/5610
Kaksi morsianta :  Yksinäytöksinen pila (Finnish),Kaarlo Hemmo,28274 downloads,https://www.gutenberg.org/ebooks/78071
Bushy :  a romance founded on fact,Cynthia May Westover Alden,28271 downloads,https://www.gutenberg.org/ebooks/78043
The bitter tea of General Yen,Grace Zaring Stone,28269 downloads,https://www.gutenberg.org/ebooks/78108
Sandhills sketches,Williams Haynes,28256 downloads,https://www.gutenberg.org/ebooks/78048
Liebe ist ewig :  Roman (German),Wilhelm von Polenz,28253 downloads,https://www.gutenberg.org/ebooks/78125
The Crimson Gardenia and Other Tales of Adventure,Rex Beach,28249 downloads,https://www.gutenberg.org/ebooks/32101
The Love-Story of Aliette Brunton,Gilbert Frankau,28239 downloads,https://www.gutenberg.org/ebooks/59931
Vecchie storie d'amore (Italian),Adolfo Albertazzi,28231 downloads,https://www.gutenberg.org/ebooks/38628
Lintukoto :  Muutamia päiväkirjan lehtiä (Finnish),Joel Lehtonen,28231 downloads,https://www.gutenberg.org/ebooks/78058
"An historical account of all the voyages round the world, performed by English navigators, vol. 2 of 4 :  Including those lately undertaken by order of His present Majesty. The whole faithfully extracted from the journals of the voyagers",Unknown / Various,28224 downloads,https://www.gutenberg.org/ebooks/78004
The Guarded Heights,Wadsworth Camp,28224 downloads,https://www.gutenberg.org/ebooks/33733
"Household words, No. 26, September 21, 1850 :  A weekly journal",Unknown / Various,28215 downloads,https://www.gutenberg.org/ebooks/78061
Le jeune Européen (French),Pierre Drieu La Rochelle,28215 downloads,https://www.gutenberg.org/ebooks/78063
"The Story of Genesis and Exodus: An Early English Song, about 1250 A.D.",Unknown / Various,28205 downloads,https://www.gutenberg.org/ebooks/50685
The bar act,Bud La Mar,28200 downloads,https://www.gutenberg.org/ebooks/78116
The weird of the wanderer :  Being the papyrus records of some incidents in one of the previous lives of  Mr. Nicholas Crabbe,Frederick Rolfe and C. H. C. Pirie-Gordon,28194 downloads,https://www.gutenberg.org/ebooks/78126
Three sevens :  A detective story,Perley Poore Sheehan,28187 downloads,https://www.gutenberg.org/ebooks/78011
The woman of Andros,Thornton Wilder,28187 downloads,https://www.gutenberg.org/ebooks/78024
The vidiot,Ib Melchior,28186 downloads,https://www.gutenberg.org/ebooks/78057
Karavaani ja muita juttuja (Finnish),Pentti Haanpää,28182 downloads,https://www.gutenberg.org/ebooks/78018
"Fairy dreams :  or, Wanderings in Elf-land",Jane G. Austin,28181 downloads,https://www.gutenberg.org/ebooks/76391
"Twelve years in the army :  or, The incidents of a soldier's life",John G. Gollan,28179 downloads,https://www.gutenberg.org/ebooks/78032
L'homme tout nu (French),Catulle Mendès,28178 downloads,https://www.gutenberg.org/ebooks/78059
The Catholic Church and history,Hilaire Belloc,28177 downloads,https://www.gutenberg.org/ebooks/78085
"The yellow book, an illustrated quarterly. Vol. 3, October, 1894",Unknown / Various,28177 downloads,https://www.gutenberg.org/ebooks/78082
"Records of Captain Clapperton's last expedition to Africa, Vol. 2 (of 2)",Richard Lander,28176 downloads,https://www.gutenberg.org/ebooks/78092
Tales of terror,Dick Donovan,28176 downloads,https://www.gutenberg.org/ebooks/76261
The Mask: A Story of Love and Adventure,Arthur Hornblow,28170 downloads,https://www.gutenberg.org/ebooks/20131
"An historical account of all the voyages round the world, performed by English navigators, vol. 4 of 4 :  Including those lately undertaken by order of His present Majesty. The whole faithfully extracted from the journals of the voyagers",Unknown / Various,28165 downloads,https://www.gutenberg.org/ebooks/78104
Things near & far,Arthur Machen,28165 downloads,https://www.gutenberg.org/ebooks/78106
Only a clod,M. E. Braddon,28159 downloads,https://www.gutenberg.org/ebooks/76927
The magnificent possession,Isaac Asimov,28156 downloads,https://www.gutenberg.org/ebooks/76871
Hajamuistelmia pakolaiselämästä (Finnish),Aatto Sirén,28147 downloads,https://www.gutenberg.org/ebooks/78096
"How they loved him, Vol. 2 (of 3) :  A novel",Florence Marryat,28140 downloads,https://www.gutenberg.org/ebooks/78111
"Claribel :  or, Rest at last",Lucy Ellen Guernsey,28140 downloads,https://www.gutenberg.org/ebooks/78044
"Chroniques de J. Froissart, tome 09/13 :  1377-1380 (Depuis la prise de Bergerac jusqu'à la mort de Charles V) (French)",Jean Froissart,28135 downloads,https://www.gutenberg.org/ebooks/78074
"The servant's behaviour book :  or, Hints on manners and dress for maid servants in small households",Emily A. Patmore,28134 downloads,https://www.gutenberg.org/ebooks/78121
"Records of Captain Clapperton's last expedition to Africa, Vol. 1 (of 2)",Richard Lander,28133 downloads,https://www.gutenberg.org/ebooks/78091
Velisurmaaja :  Kolmenäytöksinen murhenäytelmä (Finnish),Lauri Haarla,28131 downloads,https://www.gutenberg.org/ebooks/78070
Love and Lucy,Maurice Hewlett,28121 downloads,https://www.gutenberg.org/ebooks/29868
Officer 666,Barton Wood Currie and Augustin McHugh,28113 downloads,https://www.gutenberg.org/ebooks/30228
The hand of God,Murray Leinster,28113 downloads,https://www.gutenberg.org/ebooks/78088
Borrowed feathers,Ruth Lamb,28105 downloads,https://www.gutenberg.org/ebooks/78051
Kevättuulahduksia :  Runokokoelma (Finnish),Niilo Mantere,28099 downloads,https://www.gutenberg.org/ebooks/78097
Les trente-six vues de la Tour Eiffel (French),Unknown / Various,28089 downloads,https://www.gutenberg.org/ebooks/78037
Grateful Peter's new year's gift,Ruth Lamb,28088 downloads,https://www.gutenberg.org/ebooks/78109
A Doll's House : a play,Henrik Ibsen,28084 downloads,https://www.gutenberg.org/ebooks/2542
Quand le rideau s'est baissé (French),Pierre Mille,28084 downloads,https://www.gutenberg.org/ebooks/78036
Vanhaa viinaa uudessa leilissä :  Pakinoita (Finnish),Tatu Valkonen,28083 downloads,https://www.gutenberg.org/ebooks/78007
L'homme à l'Hispano :  roman (French),Pierre Frondaie,28080 downloads,https://www.gutenberg.org/ebooks/78101
Robert Frost :  A study in sensibility and good sense,Gorham Bert Munson,28053 downloads,https://www.gutenberg.org/ebooks/78076
"How they loved him, Vol. 1 (of 3) :  A novel",Florence Marryat,28044 downloads,https://www.gutenberg.org/ebooks/78031
The winner and new...,Ib Melchior,28040 downloads,https://www.gutenberg.org/ebooks/78073
"Joe Strong and his wings of steel :  or, A young acrobat in the clouds",Vance Barnum,28035 downloads,https://www.gutenberg.org/ebooks/78067
How to write Little Blue Books,Lloyd E. Smith,28025 downloads,https://www.gutenberg.org/ebooks/78066
Ash-Wednesday,T. S. Eliot,28024 downloads,https://www.gutenberg.org/ebooks/78023
Sointula :  Kolminäytöksinen näytelmä (Finnish),Arvid Järnefelt,28014 downloads,https://www.gutenberg.org/ebooks/78049
The golden journey of Mr. Paradyne,William John Locke,28008 downloads,https://www.gutenberg.org/ebooks/78127
A young man's story,Sarah Doudney,28006 downloads,https://www.gutenberg.org/ebooks/78060
"""Hauska tutustua!"" :  Viisunikkarin elämyksiä Lännen kultamaassa (Finnish)",Tatu Pekkarinen,27998 downloads,https://www.gutenberg.org/ebooks/78008
A municipal feud,Ernest Haycox,27994 downloads,https://www.gutenberg.org/ebooks/78086
A Japanese Boy,Shigemi Shiukichi,27984 downloads,https://www.gutenberg.org/ebooks/35249
The dream detective,Sax Rohmer,27977 downloads,https://www.gutenberg.org/ebooks/77056
The blue scarab,R. Austin Freeman,27970 downloads,https://www.gutenberg.org/ebooks/76116
Miniatures of French history,Hilaire Belloc,27967 downloads,https://www.gutenberg.org/ebooks/78114
Fawn in the wood,Unknown,27965 downloads,https://www.gutenberg.org/ebooks/78083
The white rain came,Jr. Sam Merwin,27965 downloads,https://www.gutenberg.org/ebooks/78055
"Die Elixiere des Teufels :  Nachgelassene Papiere des Bruders Medardus, eines Kapuziners (German)",E. T. A. Hoffmann,27959 downloads,https://www.gutenberg.org/ebooks/76360
Urwald (German),R. H. Francé,27956 downloads,https://www.gutenberg.org/ebooks/78056
Two happy years in Ceylon,C. F. Gordon Cumming,27956 downloads,https://www.gutenberg.org/ebooks/78228
L'art d'aimer: ou conseils à un jeune homme qui se destine à l'amour (French),Catulle Mendès,27939 downloads,https://www.gutenberg.org/ebooks/78098
From Kingdom to Colony,Mary Devereux,27938 downloads,https://www.gutenberg.org/ebooks/34232
A silent witness,R. Austin Freeman,27919 downloads,https://www.gutenberg.org/ebooks/76796
Verses,Violet Jacob,27919 downloads,https://www.gutenberg.org/ebooks/78110
The story of Nelson,Edmund Francis Sellar,27917 downloads,https://www.gutenberg.org/ebooks/78115
The Old Lady flies,Raoul Whitfield,27907 downloads,https://www.gutenberg.org/ebooks/78035
The happiness of Hazelbrook,Charlotte Grace O'Brien,27898 downloads,https://www.gutenberg.org/ebooks/78045
Law-star for an outlaw,W. C. Tuttle,27876 downloads,https://www.gutenberg.org/ebooks/76995
The black kiss,Robert Bloch and Henry Kuttner,27874 downloads,https://www.gutenberg.org/ebooks/76435
Journal de la société de 1789 - Nº II (French),"marquis de Jean-Antoine-Nicolas de Caritat Condorcet, Philippe-Antoine Grouvelle, Louis-François-Dominique-Norbert Pressac de la Chagnaye, and J. H. Hassenfratz",27868 downloads,https://www.gutenberg.org/ebooks/78080
Preview,Frank Belknap Long,27858 downloads,https://www.gutenberg.org/ebooks/78072
Kotikuusta kuunnellessa :  Uusia runoelmia (Finnish),Niilo Mantere,27849 downloads,https://www.gutenberg.org/ebooks/78093
Läpi harmaan kiven :  Kaksinäytöksinen näytelmä (Finnish),J. A. Lehtinen,27840 downloads,https://www.gutenberg.org/ebooks/78100
The trail of the serpent,M. E. Braddon,27837 downloads,https://www.gutenberg.org/ebooks/75840
The Hunniwell boys and the platinum mystery,L. P. Wyman,27837 downloads,https://www.gutenberg.org/ebooks/76521
The new terror,Gaston Leroux,27825 downloads,https://www.gutenberg.org/ebooks/76493
"The magic ring, Vol. 3 (of 3)",Freiherr de Friedrich Heinrich Karl La Motte-Fouqué,27809 downloads,https://www.gutenberg.org/ebooks/77099
"Mallonga biografio de Henry Fawcett la blinda ĉefpoŝtestro de Anglujo :  Por ĉiuj infanoj, ĉie (Esperanto)",Winifred Holt,27807 downloads,https://www.gutenberg.org/ebooks/78054
Kloster Himmelpforte :  Geschichtliches Drama in 4 Akten (German),Robert Falke,27777 downloads,https://www.gutenberg.org/ebooks/78030
The flower and the leaf,Unknown / Various,27776 downloads,https://www.gutenberg.org/ebooks/78062
The amazing adventures of Letitia Carberry,Mary Roberts Rinehart,27765 downloads,https://www.gutenberg.org/ebooks/75922
Huligaani :  ynnä muita kertoelmia (Finnish),Arvid Järnefelt,27751 downloads,https://www.gutenberg.org/ebooks/78081
The crimson circle,Edgar Wallace,27743 downloads,https://www.gutenberg.org/ebooks/76257
The Roman hat mystery :  A problem in deduction,Ellery Queen,27739 downloads,https://www.gutenberg.org/ebooks/76339
Lord Lister No. 0333: De liefde van een bokser (Dutch),"Kurt Matull, Felix Hageman, and Theo von Blankensee",27735 downloads,https://www.gutenberg.org/ebooks/76765
The magic casket,R. Austin Freeman,27733 downloads,https://www.gutenberg.org/ebooks/76919
"The complete works of John Gower, volume 2 :  The English works",John Gower,27725 downloads,https://www.gutenberg.org/ebooks/71162
"The ghost of Charlotte Cray, and other stories",Florence Marryat,27717 downloads,https://www.gutenberg.org/ebooks/76950
"The magic ring, Vol. 2 (of 3)",Freiherr de Friedrich Heinrich Karl La Motte-Fouqué,27694 downloads,https://www.gutenberg.org/ebooks/77098
The trail of deception,W. C. Tuttle,27688 downloads,https://www.gutenberg.org/ebooks/77016
The adventures of Heine,Edgar Wallace,27674 downloads,https://www.gutenberg.org/ebooks/76462
"The magic ring, Vol. 1 (of 3)",Freiherr de Friedrich Heinrich Karl La Motte-Fouqué,27673 downloads,https://www.gutenberg.org/ebooks/77097
They return at evening :  A book of ghost stories,Herbert Russell Wakefield,27672 downloads,https://www.gutenberg.org/ebooks/76358
Snow-blind,Albert M. Treynor,27651 downloads,https://www.gutenberg.org/ebooks/76689
Arsène Lupin intervenes,Maurice Leblanc,27646 downloads,https://www.gutenberg.org/ebooks/75896
The spirit-rapper; an autobiography,Orestes Augustus Brownson,27642 downloads,https://www.gutenberg.org/ebooks/76858
"Lucius Davoren; or, Publicans and sinners, vol. 3",M. E. Braddon,27642 downloads,https://www.gutenberg.org/ebooks/75877
Daredevil,Leslie Charteris,27638 downloads,https://www.gutenberg.org/ebooks/75998
Elämän urpuja (Finnish),Viljami Vuokoski,27630 downloads,https://www.gutenberg.org/ebooks/78113
Marigold :  A story,Edith Allonby,27630 downloads,https://www.gutenberg.org/ebooks/76409
Landscape with figures,Ronald Fraser,27608 downloads,https://www.gutenberg.org/ebooks/76764
The porcelain mask :  A detective story,John Jay Chichester,27605 downloads,https://www.gutenberg.org/ebooks/77022
The valley of eyes unseen,Gilbert Collins,27603 downloads,https://www.gutenberg.org/ebooks/76222
Un pis al ensanche :  Comedia en un acte y en prosa (Catalan),José Feliú y Codina,27599 downloads,https://www.gutenberg.org/ebooks/78123
The tomb of Ts'in,Edgar Wallace,27590 downloads,https://www.gutenberg.org/ebooks/76418
The dryad :  a novel,Justin H. McCarthy,27588 downloads,https://www.gutenberg.org/ebooks/76442
Kate plus 10,Edgar Wallace,27577 downloads,https://www.gutenberg.org/ebooks/76212
The Sign of the Seven Sins,William Le Queux,27576 downloads,https://www.gutenberg.org/ebooks/76685
How joy was found :  a fantasy,Isobel Wylie Hutchison,27574 downloads,https://www.gutenberg.org/ebooks/76247
A journey to the world under-ground,Ludvig Holberg,27574 downloads,https://www.gutenberg.org/ebooks/77109
The man who mastered time,Ray Cummings,27568 downloads,https://www.gutenberg.org/ebooks/76503
Les Mémoires d'un Parapluie (French),comtesse de Elisabeth Galos Houdetot,27556 downloads,https://www.gutenberg.org/ebooks/76540
The strange countess,Edgar Wallace,27555 downloads,https://www.gutenberg.org/ebooks/75858
The sinister mark,Lee Thayer,27554 downloads,https://www.gutenberg.org/ebooks/77033
"Fighting for fortune :  or, Making a place for himself",Roy Franklin,27553 downloads,https://www.gutenberg.org/ebooks/76812
"Saved from herself :  or, On the edge of doom",Adelaide Stirling,27544 downloads,https://www.gutenberg.org/ebooks/76981
"Dr. Mabuse, master of mystery :  a novel",Norbert Jacques,27543 downloads,https://www.gutenberg.org/ebooks/75967
Die Flucht der Beate Hoyermann :  Roman (German),Thea von Harbou,27534 downloads,https://www.gutenberg.org/ebooks/77073
"Lillian's vow :  or, The mystery of Raleigh House",Mrs. E. Burke Collins,27509 downloads,https://www.gutenberg.org/ebooks/76634
Terror keep,Edgar Wallace,27505 downloads,https://www.gutenberg.org/ebooks/75949
Limanora :  the island of progress,Godfrey Sweven,27498 downloads,https://www.gutenberg.org/ebooks/76533
"The Nowadays Girls in the Adirondacks :  or, The deserted bungalow on Saranac Lake",Gertrude Hall Brownell,27496 downloads,https://www.gutenberg.org/ebooks/76084
La chasse au météore (French),Jules Verne,27494 downloads,https://www.gutenberg.org/ebooks/76724
"Maugis, ye sorcerer :  from ye ancient French : a wonderful tale from ye writings of ye mad savant of ye Maison Maugis in ye olde citie of Mouzon, France",Lord Gilhooley,27491 downloads,https://www.gutenberg.org/ebooks/76929
Only seven were hanged,Stuart Martin,27484 downloads,https://www.gutenberg.org/ebooks/76200
The Satyricon — Volume 05: Crotona Affairs,Petronius Arbiter,27476 downloads,https://www.gutenberg.org/ebooks/5222
Skeeter Bill comes to town,W. C. Tuttle,27476 downloads,https://www.gutenberg.org/ebooks/76983
"I, Mars",Ray Bradbury,27473 downloads,https://www.gutenberg.org/ebooks/76857
Dancing Devil range,W. C. Tuttle,27469 downloads,https://www.gutenberg.org/ebooks/76049
Red aces :  Being three cases of Mr. Reeder,Edgar Wallace,27468 downloads,https://www.gutenberg.org/ebooks/76541
This star shall be free,Murray Leinster,27466 downloads,https://www.gutenberg.org/ebooks/76849
The thing in the woods,Harper Williams,27459 downloads,https://www.gutenberg.org/ebooks/76059
The girl from Scotland Yard,Edgar Wallace,27454 downloads,https://www.gutenberg.org/ebooks/76677
Mathias Sandorf [1] :  Een verijdelde samenzwering; Dokter Antekirrt (Dutch),Jules Verne,27453 downloads,https://www.gutenberg.org/ebooks/76280
Ikuinen salaisuus :  Rakkaus- ja jännityskertomuksia (Finnish),Jack London,27434 downloads,https://www.gutenberg.org/ebooks/76896
"The sociable ghost :  Being the adventures of a reporter who was invited by the sociable ghost to a grand banquet, ball, and convention under the ground of old Trinity churchyard. A true tale of the things he saw and did not see while he was not there.",Olive Harper,27424 downloads,https://www.gutenberg.org/ebooks/76737
Les cœurs les plus farouches (French),James Oliver Curwood,27422 downloads,https://www.gutenberg.org/ebooks/77086
Moon of madness,Sax Rohmer,27421 downloads,https://www.gutenberg.org/ebooks/77001
Just a bit too fast,Hal Moore,27412 downloads,https://www.gutenberg.org/ebooks/77031
Jonah,Robert Nathan,27411 downloads,https://www.gutenberg.org/ebooks/76998
Morgue kadun kauhu (Finnish),Edgar Allan Poe,27403 downloads,https://www.gutenberg.org/ebooks/76496
Ruhtinatar Aurore :  (»Königsmark») (Finnish),Pierre Benoît,27387 downloads,https://www.gutenberg.org/ebooks/76501
Sergeant Dick of the Royal Mounted Police :  A thrilling story of the Canadian woods,John G. Rowe,27386 downloads,https://www.gutenberg.org/ebooks/76621
The mystery of Angelina Frood,R. Austin Freeman,27378 downloads,https://www.gutenberg.org/ebooks/76072
The life-eater,Harold Ward,27374 downloads,https://www.gutenberg.org/ebooks/76539
"The double dagger :  or, Nat Ridley's Mexican trail",Nat Ridley,27372 downloads,https://www.gutenberg.org/ebooks/75909
Cursed be the treasure,H. B. Drake,27371 downloads,https://www.gutenberg.org/ebooks/75790
False face,Ernest Haycox,27371 downloads,https://www.gutenberg.org/ebooks/76931
"Chambers's Journal of Popular Literature, Science, and Art, fifth series, no. 153, vol. III, December 4, 1886",Various,27368 downloads,https://www.gutenberg.org/ebooks/75937
The mark of the monster,Jack Williamson,27354 downloads,https://www.gutenberg.org/ebooks/76131
Nieuw Utopia (Dutch),Bernard Alexander Canter,27342 downloads,https://www.gutenberg.org/ebooks/76346
Wanted—?,Eugene Cunningham,27318 downloads,https://www.gutenberg.org/ebooks/76804
"Slighted love :  or, At her heart's expense",Mrs. Alex. McVeigh Miller,27316 downloads,https://www.gutenberg.org/ebooks/76413
"The strange house :  or, A moment's mistake",Catharine Shaw,27316 downloads,https://www.gutenberg.org/ebooks/76759
Ikuinen rakastaja (Finnish),Edgar Rice Burroughs,27311 downloads,https://www.gutenberg.org/ebooks/76334
One jump ahead,Ray Humphreys,27311 downloads,https://www.gutenberg.org/ebooks/76082
Tuhatvuotinen valtakunta :  Nelinäytöksinen näytelmä Upton Sinclairin romaanin mukaan (Finnish),Upton Sinclair and Heikki Välisalmi,27303 downloads,https://www.gutenberg.org/ebooks/76543
Karl Grier :  The strange story of a man with a sixth sense,Louis Tracy,27294 downloads,https://www.gutenberg.org/ebooks/76603
Room 13,Edgar Wallace,27287 downloads,https://www.gutenberg.org/ebooks/76168
Hänen viimeinen tervehdyksensä :  Muutamia muistelmia Sherlock Holmesista (Finnish),Arthur Conan Doyle,27285 downloads,https://www.gutenberg.org/ebooks/76520
The world below,S. Fowler Wright,27285 downloads,https://www.gutenberg.org/ebooks/76352
The strange transfiguration of Hannah Stubbs,Florence Marryat,27284 downloads,https://www.gutenberg.org/ebooks/76579
The mystery of the missing eyebrows,Stephen Rudd,27266 downloads,https://www.gutenberg.org/ebooks/76914
Murder in the Gilded Cage,Samuel Spewack,27252 downloads,https://www.gutenberg.org/ebooks/77069
La marque des quatre (French),Arthur Conan Doyle,27245 downloads,https://www.gutenberg.org/ebooks/76433
The seventh shot :  A detective story,Herman Landon,27215 downloads,https://www.gutenberg.org/ebooks/76659
Lord Lister No. 0032: De blauwe dood (Dutch),Kurt Matull and Theo von Blankensee,27198 downloads,https://www.gutenberg.org/ebooks/76186
The Copper House :  A detective story,Julius Regis,27182 downloads,https://www.gutenberg.org/ebooks/76903
The smear,John Beames,27175 downloads,https://www.gutenberg.org/ebooks/75855
"The corsair; or, the little fairy at the bottom of the sea :  A new Christmas burlesque and pantomime, founded upon the ballet of ""Le corsair""",William Brough,27162 downloads,https://www.gutenberg.org/ebooks/76960
L'esca del pecat (Catalan),M. Figuerola Aldroféu,27160 downloads,https://www.gutenberg.org/ebooks/76140
The Arctic legions,A. De Herries Smith,27138 downloads,https://www.gutenberg.org/ebooks/76834
Ihmisten kapina :  Kolminäytöksinen draama (Finnish),Lauri Haarla,27130 downloads,https://www.gutenberg.org/ebooks/77009
Missing men,Vincent Starrett,27121 downloads,https://www.gutenberg.org/ebooks/76476
His brother's keeper,W. C. Tuttle,27118 downloads,https://www.gutenberg.org/ebooks/76208
The Corbin necklace,Henry Kitchell Webster,27111 downloads,https://www.gutenberg.org/ebooks/76546
Markiisittaren rikos (Finnish),E. T. A. Hoffmann,27104 downloads,https://www.gutenberg.org/ebooks/75789
Lord Lister No. 0033: De Alarmkreet (Dutch),Kurt Matull and Theo von Blankensee,27095 downloads,https://www.gutenberg.org/ebooks/76761
The man who saved New York,Ray Cummings,27065 downloads,https://www.gutenberg.org/ebooks/76899
Murder mask,Edgar Daniel Kramer,27050 downloads,https://www.gutenberg.org/ebooks/76592
Lord Lister No. 0334: Onder de goudzoekers (Dutch),"Kurt Matull, Felix Hageman, and Theo von Blankensee",27017 downloads,https://www.gutenberg.org/ebooks/76865
Musta helmi (Finnish),Victorien Sardou,26991 downloads,https://www.gutenberg.org/ebooks/76923
Blue eyes and diamonds,Lemuel De Bra,26987 downloads,https://www.gutenberg.org/ebooks/76713
Four square Jane,Edgar Wallace,26981 downloads,https://www.gutenberg.org/ebooks/75808
"Ei niin salattua, ettei ilmi tulisi :  Tositapahtumiin perustuva kertomus (Finnish)",Anonymous,26923 downloads,https://www.gutenberg.org/ebooks/76381
Lord Lister No. 0126: Het politieraadsel (Dutch),Kurt Matull and Theo von Blankensee,26895 downloads,https://www.gutenberg.org/ebooks/76187
Anne of Green Gables,L. M. Montgomery,23969 downloads,https://www.gutenberg.org/ebooks/45
Thus Spake Zarathustra: A Book for All and None,Friedrich Wilhelm Nietzsche,23643 downloads,https://www.gutenberg.org/ebooks/1998
Bleak House,Charles Dickens,22919 downloads,https://www.gutenberg.org/ebooks/1023
Great Expectations,Charles Dickens,22609 downloads,https://www.gutenberg.org/ebooks/1400
"Walden, and On The Duty Of Civil Disobedience",Henry David Thoreau,21947 downloads,https://www.gutenberg.org/ebooks/205
"White nights, and other stories",Fyodor Dostoyevsky,21527 downloads,https://www.gutenberg.org/ebooks/36034
Beyond Good and Evil,Friedrich Wilhelm Nietzsche,21260 downloads,https://www.gutenberg.org/ebooks/4363
The Importance of Being Earnest: A Trivial Comedy for Serious People,Oscar Wilde,20505 downloads,https://www.gutenberg.org/ebooks/844
The Yellow Wallpaper,Charlotte Perkins Gilman,20439 downloads,https://www.gutenberg.org/ebooks/1952
"The lesser Key of Solomon, Goetia, the book of evil spirits :  contains two hundred diagrams and seals for invocation and convocation of spirits, necromancy, witchcraft and black art",Unknown / Various,20277 downloads,https://www.gutenberg.org/ebooks/72679
A Modest Proposal,Jonathan Swift,20231 downloads,https://www.gutenberg.org/ebooks/1080
Les Misérables,Victor Hugo,19881 downloads,https://www.gutenberg.org/ebooks/135
On the Duties of the Clergy,Bishop of Milan Saint Ambrose,19762 downloads,https://www.gutenberg.org/ebooks/22789
Leviathan,Thomas Hobbes,19434 downloads,https://www.gutenberg.org/ebooks/3207
The divine comedy,Dante Alighieri,19215 downloads,https://www.gutenberg.org/ebooks/8800
The King James Version of the Bible,Unknown / Various,19065 downloads,https://www.gutenberg.org/ebooks/10
The Federalist Papers,"Alexander Hamilton, James Madison, and John Jay",19057 downloads,https://www.gutenberg.org/ebooks/22788
La Odisea (Spanish),Homer,18989 downloads,https://www.gutenberg.org/ebooks/58221
"Three Hundred Tang Poems, Volume 1 (Chinese)",Various,18730 downloads,https://www.gutenberg.org/ebooks/20968
Simple Sabotage Field Manual,United States. Office of Strategic Services,18712 downloads,https://www.gutenberg.org/ebooks/26184
"Sibylla :  or, The revival of prophecy",C. A. Mace,18272 downloads,https://www.gutenberg.org/ebooks/76731
Anna Karenina,graf Leo Tolstoy,18186 downloads,https://www.gutenberg.org/ebooks/1399
The 2006 CIA World Factbook,United States. Central Intelligence Agency,17565 downloads,https://www.gutenberg.org/ebooks/27509
Don Quijote (Spanish),Miguel de Cervantes Saavedra,17508 downloads,https://www.gutenberg.org/ebooks/2000
Songs and rhymes of a lead miner,Thomas Grierson Gracie,17476 downloads,https://www.gutenberg.org/ebooks/76732
"The Junior Classics, Volume 1: Fairy and wonder tales",William Allan Neilson,17376 downloads,https://www.gutenberg.org/ebooks/28942
The Romance of Lust: A classic Victorian erotic novel,Anonymous,17297 downloads,https://www.gutenberg.org/ebooks/30254
Palvelusväkeä :  Yksinäytöksinen huvinäytelmä (Finnish),Roderich Benedix,16992 downloads,https://www.gutenberg.org/ebooks/76729
The Republic,Plato,16983 downloads,https://www.gutenberg.org/ebooks/1497
A Christmas Carol in Prose; Being a Ghost Story of Christmas,Charles Dickens,16586 downloads,https://www.gutenberg.org/ebooks/46
Color Images from Mars Rovers,Bob Webster,16362 downloads,https://www.gutenberg.org/ebooks/12082
Emma,Jane Austen,16230 downloads,https://www.gutenberg.org/ebooks/158
Calculus Made Easy,Silvanus P. Thompson,16194 downloads,https://www.gutenberg.org/ebooks/33283
The Odyssey,Homer,15988 downloads,https://www.gutenberg.org/ebooks/3160
The Time Machine,H. G. Wells,15771 downloads,https://www.gutenberg.org/ebooks/35
Reise in die Aequinoctial-Gegenden des neuen Continents. Band 2. (German),Alexander von Humboldt,15652 downloads,https://www.gutenberg.org/ebooks/24746
On Liberty,John Stuart Mill,15637 downloads,https://www.gutenberg.org/ebooks/34901
Poems Every Child Should Know,Unknown / Various,15591 downloads,https://www.gutenberg.org/ebooks/21436
Little Women,Louisa May Alcott,15254 downloads,https://www.gutenberg.org/ebooks/514
The 2003 CIA World Factbook,United States. Central Intelligence Agency,15163 downloads,https://www.gutenberg.org/ebooks/27558
The Art of War,active 6th century B.C. Sunzi,14836 downloads,https://www.gutenberg.org/ebooks/132
On the Origin of Species By Means of Natural Selection,Charles Darwin,14824 downloads,https://www.gutenberg.org/ebooks/1228
Don Quixote,Miguel de Cervantes Saavedra,14439 downloads,https://www.gutenberg.org/ebooks/996
Märchen der Gebrüder Grimm 2 (German),Jacob Grimm and Wilhelm Grimm,14335 downloads,https://www.gutenberg.org/ebooks/20051
The Idiot,Fyodor Dostoyevsky,14078 downloads,https://www.gutenberg.org/ebooks/2638
Der Zauberberg. Erster Band (German),Thomas Mann,14053 downloads,https://www.gutenberg.org/ebooks/65661
"The Rámáyan of Válmíki, translated into English verse",Valmiki,13734 downloads,https://www.gutenberg.org/ebooks/24869
Moby Multiple Language Lists of Common Words,Grady Ward,13723 downloads,https://www.gutenberg.org/ebooks/3206
"The Two Magics: The Turn of the Screw, Covering End",Henry James,13617 downloads,https://www.gutenberg.org/ebooks/42486
Notes from the Underground,Fyodor Dostoyevsky,13505 downloads,https://www.gutenberg.org/ebooks/600
Oliver Twist,Charles Dickens,13447 downloads,https://www.gutenberg.org/ebooks/730
Through the Looking-Glass,Lewis Carroll,13203 downloads,https://www.gutenberg.org/ebooks/12
Winnie-the-Pooh,A. A. Milne,13153 downloads,https://www.gutenberg.org/ebooks/67098
The Reign of Greed,José Rizal,13133 downloads,https://www.gutenberg.org/ebooks/10676
Second Treatise of Government,John Locke,13020 downloads,https://www.gutenberg.org/ebooks/7370
An Inquiry into the Nature and Causes of the Wealth of Nations,Adam Smith,13003 downloads,https://www.gutenberg.org/ebooks/3300
"The Life of Charles Dickens, Vol. I-III, Complete",John Forster,12879 downloads,https://www.gutenberg.org/ebooks/25851
Die Traumdeutung (German),Sigmund Freud,12825 downloads,https://www.gutenberg.org/ebooks/40739
Heart of Darkness,Joseph Conrad,12812 downloads,https://www.gutenberg.org/ebooks/219
The war of the worlds,H. G. Wells,12582 downloads,https://www.gutenberg.org/ebooks/36
Du côté de chez Swann (French),Marcel Proust,12520 downloads,https://www.gutenberg.org/ebooks/2650
Grimms' Fairy Tales,Jacob Grimm and Wilhelm Grimm,12420 downloads,https://www.gutenberg.org/ebooks/20027
The Scarlet Letter,Nathaniel Hawthorne,12377 downloads,https://www.gutenberg.org/ebooks/25344
Twenty Thousand Leagues Under the Sea,Jules Verne,12360 downloads,https://www.gutenberg.org/ebooks/20000
警世通言 (Chinese),Menglong Feng,12347 downloads,https://www.gutenberg.org/ebooks/24141
Paradise Lost,John Milton,12148 downloads,https://www.gutenberg.org/ebooks/26
Concrete Construction: Methods and Costs,Halbert Powers Gillette and Charles Shattuck Hill,12099 downloads,https://www.gutenberg.org/ebooks/24855
Genesis (Hebrew),Unknown / Various,12098 downloads,https://www.gutenberg.org/ebooks/20676
The Critique of Pure Reason,Immanuel Kant,12006 downloads,https://www.gutenberg.org/ebooks/4280
The Prophet,Kahlil Gibran,11904 downloads,https://www.gutenberg.org/ebooks/58585
Josefine Mutzenbacher (German),Felix Salten,11900 downloads,https://www.gutenberg.org/ebooks/31284
"Moby Dick; Or, The Whale",Herman Melville,11821 downloads,https://www.gutenberg.org/ebooks/28794
Essays of Michel de Montaigne — Complete,Michel de Montaigne,11797 downloads,https://www.gutenberg.org/ebooks/3600
"Air Service Boys Flying for Victory; Or, Bombing the Last German Stronghold",Charles Amory Beach,11795 downloads,https://www.gutenberg.org/ebooks/25997
The Nicomachean ethics of Aristotle,Aristotle,11692 downloads,https://www.gutenberg.org/ebooks/8438
"Ang ""Filibusterismo"" (Karugtóng ng Noli Me Tangere) (Tagalog)",José Rizal,11682 downloads,https://www.gutenberg.org/ebooks/47629
The Crown of Wild Olive,John Ruskin,11481 downloads,https://www.gutenberg.org/ebooks/26716
The Souls of Black Folk,W. E. B. Du Bois,11462 downloads,https://www.gutenberg.org/ebooks/408
The Genealogy of Morals,Friedrich Wilhelm Nietzsche,11449 downloads,https://www.gutenberg.org/ebooks/52319
On War,Carl von Clausewitz,11362 downloads,https://www.gutenberg.org/ebooks/1946
Carmilla,Joseph Sheridan Le Fanu,11358 downloads,https://www.gutenberg.org/ebooks/10007
The Works of Mr. George Gillespie (Vol. 1 of 2),George Gillespie,11306 downloads,https://www.gutenberg.org/ebooks/26849
Persuasion,Jane Austen,11206 downloads,https://www.gutenberg.org/ebooks/105
Letters of Two Brides,Honoré de Balzac,11201 downloads,https://www.gutenberg.org/ebooks/22981
The Vicar of Wakefield,Oliver Goldsmith,11045 downloads,https://www.gutenberg.org/ebooks/21601
A Connecticut Yankee in King Arthur's Court,Mark Twain,10978 downloads,https://www.gutenberg.org/ebooks/19506
Pride and Prejudice,Jane Austen,10920 downloads,https://www.gutenberg.org/ebooks/26301
Der Zauberberg. Zweiter Band (German),Thomas Mann,10862 downloads,https://www.gutenberg.org/ebooks/65662
The Swiss Family Robinson,Johann David Wyss,10862 downloads,https://www.gutenberg.org/ebooks/26274
Antiquities of the Jews,Flavius Josephus,10837 downloads,https://www.gutenberg.org/ebooks/2848
As a man thinketh,James Allen,10800 downloads,https://www.gutenberg.org/ebooks/4507
Mansfield Park,Jane Austen,10774 downloads,https://www.gutenberg.org/ebooks/22962
The Burgess Bird Book for Children,Thornton W. Burgess,10764 downloads,https://www.gutenberg.org/ebooks/23709
Emma,Jane Austen,10630 downloads,https://www.gutenberg.org/ebooks/19839
Project Gutenberg Compilation of Short Stories by Chekhov,Anton Pavlovich Chekhov,10554 downloads,https://www.gutenberg.org/ebooks/57333
Little Women,Louisa May Alcott,10516 downloads,https://www.gutenberg.org/ebooks/26297
The Problems of Philosophy,Bertrand Russell,10498 downloads,https://www.gutenberg.org/ebooks/5827
Dubliners,James Joyce,10337 downloads,https://www.gutenberg.org/ebooks/2814
The Poetics of Aristotle,Aristotle,10325 downloads,https://www.gutenberg.org/ebooks/1974
"The best short stories of 1920, and the yearbook of the American short story",Unknown / Various,10270 downloads,https://www.gutenberg.org/ebooks/22091
Manual of Surgery Volume Second: Extremities—Head—Neck. Sixth Edition.,Alexis Thomson and Alexander Miles,10268 downloads,https://www.gutenberg.org/ebooks/28428
Ethics,Benedictus de Spinoza,10233 downloads,https://www.gutenberg.org/ebooks/3800
The Secret Garden,Frances Hodgson Burnett,10190 downloads,https://www.gutenberg.org/ebooks/17396
Essays by Ralph Waldo Emerson,Ralph Waldo Emerson,10140 downloads,https://www.gutenberg.org/ebooks/16643
Russian Fairy Tales: A Choice Collection of Muscovite Folk-lore,Unknown / Various,10130 downloads,https://www.gutenberg.org/ebooks/22373
Sense and Sensibility,Jane Austen,10103 downloads,https://www.gutenberg.org/ebooks/22964
Leaves of Grass,Walt Whitman,10053 downloads,https://www.gutenberg.org/ebooks/1322
"The Twilight of the Idols; or, How to Philosophize with the Hammer. The Antichrist",Friedrich Wilhelm Nietzsche,10041 downloads,https://www.gutenberg.org/ebooks/52263
Adventures of Huckleberry Finn,Mark Twain,10029 downloads,https://www.gutenberg.org/ebooks/19640
Jud Süß (German),Lion Feuchtwanger,10028 downloads,https://www.gutenberg.org/ebooks/69944
Adventures of a Young Naturalist,Lucien Biart,9998 downloads,https://www.gutenberg.org/ebooks/26009
Roget's Thesaurus of English Words and Phrases,Peter Mark Roget,9996 downloads,https://www.gutenberg.org/ebooks/10681
Practical Mechanics for Boys,James Slough Zerbe,9979 downloads,https://www.gutenberg.org/ebooks/22298
Bildergeschichten (German),Wilhelm Busch,9976 downloads,https://www.gutenberg.org/ebooks/19636
Jesus the Christ,James E. Talmage,9923 downloads,https://www.gutenberg.org/ebooks/22542
King Solomon's Mines,H. Rider Haggard,9879 downloads,https://www.gutenberg.org/ebooks/21438
"A System of Logic, Ratiocinative and Inductive",John Stuart Mill,9810 downloads,https://www.gutenberg.org/ebooks/27942
Candide,Voltaire,9752 downloads,https://www.gutenberg.org/ebooks/19942
The Communist Manifesto,Karl Marx and Friedrich Engels,9644 downloads,https://www.gutenberg.org/ebooks/61
The Elements of Style,William Strunk,9608 downloads,https://www.gutenberg.org/ebooks/37134
Roughing It,Mark Twain,9586 downloads,https://www.gutenberg.org/ebooks/3177
"Uncle Remus, his songs and his sayings",Joel Chandler Harris,9497 downloads,https://www.gutenberg.org/ebooks/21605
Noli Me Tangere (Tagalog),José Rizal,9467 downloads,https://www.gutenberg.org/ebooks/20228
Captain Blood,Rafael Sabatini,9460 downloads,https://www.gutenberg.org/ebooks/28944
Tractatus Logico-Philosophicus (German),Ludwig Wittgenstein,9322 downloads,https://www.gutenberg.org/ebooks/5740
Three men in a boat (to say nothing of the dog),Jerome K. Jerome,9319 downloads,https://www.gutenberg.org/ebooks/308
The History of the Peloponnesian War,Thucydides,9292 downloads,https://www.gutenberg.org/ebooks/7142
The Part Borne by the Dutch in the Discovery of Australia 1606-1765,J. E. Heeres,9283 downloads,https://www.gutenberg.org/ebooks/17450
Barchester Towers,Anthony Trollope,9255 downloads,https://www.gutenberg.org/ebooks/28811
Gulliver's Travels,Jonathan Swift,9169 downloads,https://www.gutenberg.org/ebooks/28946
"Boys and Girls Bookshelf; a Practical Plan of Character Building, Volume I (of 17)",Various,9153 downloads,https://www.gutenberg.org/ebooks/25359
Democracy in America — Volume 1,Alexis de Tocqueville,9132 downloads,https://www.gutenberg.org/ebooks/815
"Zoonomia; Or, the Laws of Organic Life, Vol. II",Erasmus Darwin,9074 downloads,https://www.gutenberg.org/ebooks/27600
Jane Eyre,Charlotte Brontë,9055 downloads,https://www.gutenberg.org/ebooks/23077
Life in Mexico,Madame Calderón de la Barca,9043 downloads,https://www.gutenberg.org/ebooks/28761
"Frankenstein; Or, The Modern Prometheus",Mary Wollstonecraft Shelley,9039 downloads,https://www.gutenberg.org/ebooks/41445
Miracle Mongers and Their Methods,Harry Houdini,8977 downloads,https://www.gutenberg.org/ebooks/435
Villette,Charlotte Brontë,8913 downloads,https://www.gutenberg.org/ebooks/21181
Rainbow Valley,L. M. Montgomery,8883 downloads,https://www.gutenberg.org/ebooks/26469
Aesop's Fables - Volume 03,Aesop,8869 downloads,https://www.gutenberg.org/ebooks/19618
The Spy,James Fenimore Cooper,8860 downloads,https://www.gutenberg.org/ebooks/26272
The Yosemite,John Muir,8859 downloads,https://www.gutenberg.org/ebooks/26592
Twenty Years of Hus'ling,J. P. Johnston,8854 downloads,https://www.gutenberg.org/ebooks/25087
Common Sense,Thomas Paine,8835 downloads,https://www.gutenberg.org/ebooks/147
Robert Elsmere,Mrs. Humphry Ward,8797 downloads,https://www.gutenberg.org/ebooks/24898
Pascal's Pensées,Blaise Pascal,8784 downloads,https://www.gutenberg.org/ebooks/18269
Anne of Green Gables,L. M. Montgomery,8770 downloads,https://www.gutenberg.org/ebooks/19576
Cookery and Dining in Imperial Rome,Apicius,8736 downloads,https://www.gutenberg.org/ebooks/29728
Around the World in Eighty Days,Jules Verne,8697 downloads,https://www.gutenberg.org/ebooks/28947
Les misérables Tome I: Fantine (French),Victor Hugo,8639 downloads,https://www.gutenberg.org/ebooks/17489
A Portrait of the Artist as a Young Man,James Joyce,8614 downloads,https://www.gutenberg.org/ebooks/4217
"The Will to Believe, and Other Essays in Popular Philosophy",William James,8613 downloads,https://www.gutenberg.org/ebooks/26659
The Governments of Europe,Frederic Austin Ogg,8611 downloads,https://www.gutenberg.org/ebooks/21006
Damiano: Storia di una povera famiglia (Italian),Giulio Carcano,8606 downloads,https://www.gutenberg.org/ebooks/25178
Le avventure di Pinocchio (Italian),Carlo Collodi,8585 downloads,https://www.gutenberg.org/ebooks/19517
The Return of the Native,Thomas Hardy,8539 downloads,https://www.gutenberg.org/ebooks/26264
"A History of the Nineteenth Century, Year by Year. Volume 2 (of 3)",Edwin Emerson,8523 downloads,https://www.gutenberg.org/ebooks/26901
Faust [part 1]. Translated Into English in the Original Metres,Johann Wolfgang von Goethe,8493 downloads,https://www.gutenberg.org/ebooks/14591
"Don Quixote, Volume 1",Miguel de Cervantes Saavedra,8483 downloads,https://www.gutenberg.org/ebooks/28842
The Tragical History of Doctor Faustus,Christopher Marlowe,8479 downloads,https://www.gutenberg.org/ebooks/779
Buddenbrooks: Verfall einer Familie (German),Thomas Mann,8464 downloads,https://www.gutenberg.org/ebooks/34811
Pride and Prejudice,Jane Austen,8449 downloads,https://www.gutenberg.org/ebooks/20686
Tarzan of the Apes,Edgar Rice Burroughs,8397 downloads,https://www.gutenberg.org/ebooks/23712
Howards End,E. M. Forster,8370 downloads,https://www.gutenberg.org/ebooks/22452
The First Six Books of the Elements of Euclid,John Casey and Euclid,8357 downloads,https://www.gutenberg.org/ebooks/21076
"The Horsewoman: A Practical Guide to Side-Saddle Riding, 2nd. Ed.",Alice M. Hayes,8345 downloads,https://www.gutenberg.org/ebooks/26318
David Copperfield,Charles Dickens,8323 downloads,https://www.gutenberg.org/ebooks/9744
Expositions of Holy Scripture,Alexander Maclaren,8313 downloads,https://www.gutenberg.org/ebooks/21190
Christmas Poetry and Hymn Collection,Various,8311 downloads,https://www.gutenberg.org/ebooks/20604
Le tour du monde en quatre-vingts jours (French),Jules Verne,8289 downloads,https://www.gutenberg.org/ebooks/20973
Complete Original Short Stories of Guy De Maupassant,Guy de Maupassant,8238 downloads,https://www.gutenberg.org/ebooks/3090
The History of the Decline and Fall of the Roman Empire,Edward Gibbon,8210 downloads,https://www.gutenberg.org/ebooks/25717
Märchen der Gebrüder Grimm 1 (German),Jacob Grimm and Wilhelm Grimm,8208 downloads,https://www.gutenberg.org/ebooks/20050
"The Doré Bible Gallery, Complete",Unknown / Various,8172 downloads,https://www.gutenberg.org/ebooks/8710
西遊記 (Chinese),Cheng'en Wu,8153 downloads,https://www.gutenberg.org/ebooks/23962
"Tancred; Or, The New Crusade",Earl of Beaconsfield Benjamin Disraeli,8138 downloads,https://www.gutenberg.org/ebooks/20004
"Alcohol: A Dangerous and Unnecessary Medicine, How and Why",Martha Meir Allen,8059 downloads,https://www.gutenberg.org/ebooks/26774
The Philippine Islands,F.R.G.S. John Foreman,8018 downloads,https://www.gutenberg.org/ebooks/22815
A Princess of Mars,Edgar Rice Burroughs,7943 downloads,https://www.gutenberg.org/ebooks/19515
Lady Audley's Secret,M. E. Braddon,7885 downloads,https://www.gutenberg.org/ebooks/23084
London and the Kingdom - Volume 2,Reginald R. Sharpe,7869 downloads,https://www.gutenberg.org/ebooks/20990
"The field and garden vegetables of America :  containing full descriptions of nearly eleven hundred species and varieties; with directions for propagation, culture, and use.",Fearing Burr,7841 downloads,https://www.gutenberg.org/ebooks/21682
"The loyalists of America and their times :  from 1620 to 1816, Vol. 1 of 2",Egerton Ryerson,7834 downloads,https://www.gutenberg.org/ebooks/21012
"An Essay Concerning Humane Understanding, Volume 1",John Locke,7832 downloads,https://www.gutenberg.org/ebooks/10615
"Studies of American Fungi. Mushrooms, Edible, Poisonous, etc.",George Francis Atkinson,7825 downloads,https://www.gutenberg.org/ebooks/26492
Tess of the d'Urbervilles: A Pure Woman,Thomas Hardy,7817 downloads,https://www.gutenberg.org/ebooks/110
A Labrador Doctor,Sir Wilfred Thomason Grenfell,7758 downloads,https://www.gutenberg.org/ebooks/22372
Madame Bovary,Gustave Flaubert,7757 downloads,https://www.gutenberg.org/ebooks/2413
Life: Poem XXI,Emily Dickinson,7743 downloads,https://www.gutenberg.org/ebooks/26248
Fox's Book of Martyrs,John Foxe,7733 downloads,https://www.gutenberg.org/ebooks/22400
The War of the Worlds,H. G. Wells,7714 downloads,https://www.gutenberg.org/ebooks/26291
Night and Day,Virginia Woolf,7705 downloads,https://www.gutenberg.org/ebooks/26584
Songs of Innocence and of Experience,William Blake,7694 downloads,https://www.gutenberg.org/ebooks/21160
Millionen; Der Tod des Iwan Lande: Zwei Novellen (German),M. Artsybashev,7678 downloads,https://www.gutenberg.org/ebooks/60353
Pride and Prejudice,Jane Austen,7673 downloads,https://www.gutenberg.org/ebooks/20687
Art and Heart,Ella Wheeler Wilcox,7632 downloads,https://www.gutenberg.org/ebooks/19577
The Scarlet Pimpernel,Baroness Emmuska Orczy Orczy,7612 downloads,https://www.gutenberg.org/ebooks/28808
The Odyssey of Homer,Homer,7609 downloads,https://www.gutenberg.org/ebooks/1728
Siddhartha,Hermann Hesse,7597 downloads,https://www.gutenberg.org/ebooks/2500
Hamlet,William Shakespeare,7595 downloads,https://www.gutenberg.org/ebooks/1524
"The Principles of Psychology, Volume 1 (of 2)",William James,7557 downloads,https://www.gutenberg.org/ebooks/57628
At the Back of the North Wind,George MacDonald,7479 downloads,https://www.gutenberg.org/ebooks/28737
Aesop's Fables,Aesop,7462 downloads,https://www.gutenberg.org/ebooks/8809
Candide,Voltaire,7462 downloads,https://www.gutenberg.org/ebooks/26228
Sky Island,L. Frank Baum,7457 downloads,https://www.gutenberg.org/ebooks/21159
Novo dicionário da língua portuguesa (Portuguese),Cândido de Figueiredo,7455 downloads,https://www.gutenberg.org/ebooks/31552
"Woodwork joints :  how they are set out, how made and where used",William Fairham,7425 downloads,https://www.gutenberg.org/ebooks/21531
"Cowboy songs, and other frontier ballads",Unknown / Various,7415 downloads,https://www.gutenberg.org/ebooks/21300
A Journey to the Center of the Earth,Jules Verne,7415 downloads,https://www.gutenberg.org/ebooks/19513
The Wind in the Willows,Kenneth Grahame,7365 downloads,https://www.gutenberg.org/ebooks/289
The Rosary,Florence L. Barclay,7345 downloads,https://www.gutenberg.org/ebooks/21175
The Odyssey,Homer,7328 downloads,https://www.gutenberg.org/ebooks/28797
Scaramouche: A Romance of the French Revolution,Rafael Sabatini,7324 downloads,https://www.gutenberg.org/ebooks/28945
Memoirs of Fanny Hill,John Cleland,7317 downloads,https://www.gutenberg.org/ebooks/25305
"The City of God, Volume I",Saint of Hippo Augustine,7316 downloads,https://www.gutenberg.org/ebooks/45304
The Heart of Unaga,Ridgwell Cullum,7286 downloads,https://www.gutenberg.org/ebooks/23662
The Writings of Thomas Jefferson,Thomas Jefferson,7283 downloads,https://www.gutenberg.org/ebooks/21002
The Beth Book,Sarah Grand,7269 downloads,https://www.gutenberg.org/ebooks/28088
Discourse on the Method of Rightly Conducting One's Reason and of Seeking Truth in the Sciences,René Descartes,7258 downloads,https://www.gutenberg.org/ebooks/59
Anne of the Island,L. M. Montgomery,7239 downloads,https://www.gutenberg.org/ebooks/20265
Typee,Herman Melville,7225 downloads,https://www.gutenberg.org/ebooks/23969
"The Philippine Islands, 1493-1898,  Volume 26 of 55, 1636",Unknown / Various,7200 downloads,https://www.gutenberg.org/ebooks/27127
One Hundred Merrie And Delightsome Stories,Unknown / Various,7174 downloads,https://www.gutenberg.org/ebooks/18575
"Critical and Historical Essays, Volume III (of 3)",Baron Thomas Babington Macaulay Macaulay,7151 downloads,https://www.gutenberg.org/ebooks/28046
"The art of money getting :  or, golden rules for making money",P. T. Barnum,7138 downloads,https://www.gutenberg.org/ebooks/8581
"The Odysseys of Homer, together with the shorter poems",Homer,7127 downloads,https://www.gutenberg.org/ebooks/48895
Memoirs of the Court of Queen Elizabeth,Lucy Aikin,7124 downloads,https://www.gutenberg.org/ebooks/21500
Black Beauty :  The autobiography of a horse,Anna Sewell,7091 downloads,https://www.gutenberg.org/ebooks/19637
The Emerald City of Oz,L. Frank Baum,7086 downloads,https://www.gutenberg.org/ebooks/21163
"The elements of bacteriological technique :  a laboratory guide for medical, dental, and technical students",J. W. H. Eyre,7066 downloads,https://www.gutenberg.org/ebooks/27713
Mechanical Drawing Self-Taught,Joshua Rose,7064 downloads,https://www.gutenberg.org/ebooks/23319
The Long Roll,Mary Johnston,7035 downloads,https://www.gutenberg.org/ebooks/22066
The Golden Road,L. M. Montgomery,7033 downloads,https://www.gutenberg.org/ebooks/26221
"The Tribes and Castes of the Central Provinces of India, Volume 2",R. V. Russell,7022 downloads,https://www.gutenberg.org/ebooks/22010
Mansfield Park,Jane Austen,7014 downloads,https://www.gutenberg.org/ebooks/141
Leaves of Grass,Walt Whitman,7010 downloads,https://www.gutenberg.org/ebooks/23979
"The Happy Prince, and Other Tales",Oscar Wilde,6995 downloads,https://www.gutenberg.org/ebooks/902
Winnetou I (German),Karl May,6986 downloads,https://www.gutenberg.org/ebooks/21798
Anne of Green Gables,L. M. Montgomery,6983 downloads,https://www.gutenberg.org/ebooks/20593
Nederlandsche Volkskunde (Dutch),Jos. Schrijnen,6982 downloads,https://www.gutenberg.org/ebooks/22968
"Phrases and Names, Their Origins and Meanings",Trench H. Johnson,6976 downloads,https://www.gutenberg.org/ebooks/54657
中國小說史略 (Chinese),Xun Lu,6968 downloads,https://www.gutenberg.org/ebooks/25559
Anecdotes of Dogs,Edward Jesse,6966 downloads,https://www.gutenberg.org/ebooks/26500
English Fairy Tales,Joseph Jacobs,6961 downloads,https://www.gutenberg.org/ebooks/26460
The Adventures of Pinocchio,Carlo Collodi,6959 downloads,https://www.gutenberg.org/ebooks/19516
An Enquiry Concerning Human Understanding,David Hume,6930 downloads,https://www.gutenberg.org/ebooks/9662
The Antichrist,Friedrich Wilhelm Nietzsche,6928 downloads,https://www.gutenberg.org/ebooks/19322
The Handbook to English Heraldry,Charles Boutell,6916 downloads,https://www.gutenberg.org/ebooks/23186
The Gift of the Magi,O. Henry,6888 downloads,https://www.gutenberg.org/ebooks/7256
The War in the Air; Vol. 1,Sir Walter Alexander Raleigh,6887 downloads,https://www.gutenberg.org/ebooks/28226
Buccaneers and Pirates of Our Coasts,Frank R. Stockton,6876 downloads,https://www.gutenberg.org/ebooks/20598
Martin Chuzzlewit,Charles Dickens,6874 downloads,https://www.gutenberg.org/ebooks/9699
The book of Enoch,Unknown / Various,6865 downloads,https://www.gutenberg.org/ebooks/77935
Past and Present,Thomas Carlyle,6845 downloads,https://www.gutenberg.org/ebooks/26159
The Martian: A Novel,George Du Maurier,6844 downloads,https://www.gutenberg.org/ebooks/27400
Vegetable Teratology,Maxwell T. Masters,6822 downloads,https://www.gutenberg.org/ebooks/23354
The Boy With the U. S. Fisheries,Francis Rolt-Wheeler,6806 downloads,https://www.gutenberg.org/ebooks/21008
Children's Literature,Charles Madison Curry and Erle Elsworth Clippinger,6802 downloads,https://www.gutenberg.org/ebooks/25545
The Canterbury Tales,Geoffrey Chaucer,6794 downloads,https://www.gutenberg.org/ebooks/23722
Der Struwwelpeter (German),Heinrich Hoffmann,6781 downloads,https://www.gutenberg.org/ebooks/24571
Leibniz's New Essays Concerning the Human Understanding: A Critical Exposition,John Dewey,6773 downloads,https://www.gutenberg.org/ebooks/40957
The Varieties of Religious Experience: A Study in Human Nature,William James,6758 downloads,https://www.gutenberg.org/ebooks/621
"Slave Narratives: A Folk History of Slavery in the United States from Interviews with Former Slaves, Volume XI, North Carolina Narratives, Part 1",United States. Work Projects Administration,6755 downloads,https://www.gutenberg.org/ebooks/22976
Dracula,Bram Stoker,6755 downloads,https://www.gutenberg.org/ebooks/19797
The History of Herodotus — Volume 1,Herodotus,6754 downloads,https://www.gutenberg.org/ebooks/2707
Sagen van Koning Arthur en de Ridders van de Tafelronde (Dutch),Nelly Montijn-de Fouw,6738 downloads,https://www.gutenberg.org/ebooks/23759
Macbeth,William Shakespeare,6716 downloads,https://www.gutenberg.org/ebooks/1533
Northanger Abbey,Jane Austen,6705 downloads,https://www.gutenberg.org/ebooks/20682
Nature,Ralph Waldo Emerson,6699 downloads,https://www.gutenberg.org/ebooks/29433
"Principles of Political Economy, Vol. 1",Wilhelm Roscher,6691 downloads,https://www.gutenberg.org/ebooks/27698
Age of Innocence,Edith Wharton,6679 downloads,https://www.gutenberg.org/ebooks/26458
Ancient States and Empires,John Lord,6669 downloads,https://www.gutenberg.org/ebooks/27114
"The History of Don Quixote, Volume 2, Complete",Miguel de Cervantes Saavedra,6661 downloads,https://www.gutenberg.org/ebooks/5946
Bleak House,Charles Dickens,6653 downloads,https://www.gutenberg.org/ebooks/9695
The Middle Temple Murder,J. S. Fletcher,6652 downloads,https://www.gutenberg.org/ebooks/26468
Amor Crioulo (Portuguese),Abel Acácio de Almeida Botelho,6651 downloads,https://www.gutenberg.org/ebooks/24919
The Practice of the Presence of God,Brother of the Resurrection Lawrence,6626 downloads,https://www.gutenberg.org/ebooks/5657
"Frankenstein; Or, The Modern Prometheus",Mary Wollstonecraft Shelley,6613 downloads,https://www.gutenberg.org/ebooks/42324
"In the forbidden land :  an account of a journey into Tibet, capture by the Tibetan lamas and soldiers, imprisonment, torture and ultimate release",Arnold Henry Savage Landor,6610 downloads,https://www.gutenberg.org/ebooks/22210
"Esoteric Christianity, or The Lesser Mysteries",Annie Besant,6591 downloads,https://www.gutenberg.org/ebooks/26938
Democracy and Education: An Introduction to the Philosophy of Education,John Dewey,6590 downloads,https://www.gutenberg.org/ebooks/852
The Critical Period of American History,John Fiske,6570 downloads,https://www.gutenberg.org/ebooks/27430
"A Budget of Paradoxes, Volume I",Augustus De Morgan,6569 downloads,https://www.gutenberg.org/ebooks/23100
An anthology of German literature (German),Calvin Thomas,6568 downloads,https://www.gutenberg.org/ebooks/21053
紅樓夢 (Chinese),Xueqin Cao,6566 downloads,https://www.gutenberg.org/ebooks/24264
"Steam, Its Generation and Use",Babcock & Wilcox Company,6564 downloads,https://www.gutenberg.org/ebooks/22657
Southern Arabia,J. Theodore Bent and Mrs. Theodore Bent,6552 downloads,https://www.gutenberg.org/ebooks/21569
Memoirs of Extraordinary Popular Delusions and the Madness of Crowds,Charles Mackay,6544 downloads,https://www.gutenberg.org/ebooks/24518
Pygmalion,Bernard Shaw,6540 downloads,https://www.gutenberg.org/ebooks/3825
Explanation of Terms Used in Entomology,John Bernhard Smith,6537 downloads,https://www.gutenberg.org/ebooks/22748
A Victor of Salamis,William Stearns Davis,6525 downloads,https://www.gutenberg.org/ebooks/27587
Gorgias,Plato,6510 downloads,https://www.gutenberg.org/ebooks/1672
"Surgical Experiences in South Africa, 1899-1900",George Henry Makins,6506 downloads,https://www.gutenberg.org/ebooks/21280
"Las Fábulas de Esopo, Vol. 03 (Spanish)",Aesop and George Fyler Townsend,6457 downloads,https://www.gutenberg.org/ebooks/21144
"A history of art in Chaldæa & Assyria, Vol. 1 (of 2)",Georges Perrot and Charles Chipiez,6446 downloads,https://www.gutenberg.org/ebooks/28072
The Frontier in American History,Frederick Jackson Turner,6422 downloads,https://www.gutenberg.org/ebooks/22994
The World as Will and Idea (Vol. 1 of 3),Arthur Schopenhauer,6422 downloads,https://www.gutenberg.org/ebooks/38427
"The Confessions of a Caricaturist, Vol. 2",Harry Furniss,6420 downloads,https://www.gutenberg.org/ebooks/22689
On the Origin of Species by Means of Natural Selection,Charles Darwin,6418 downloads,https://www.gutenberg.org/ebooks/21153
The Story Girl,L. M. Montgomery,6411 downloads,https://www.gutenberg.org/ebooks/26273
Alice's Adventures in Wonderland,Lewis Carroll,6404 downloads,https://www.gutenberg.org/ebooks/19033
Home Life in Colonial Days,Alice Morse Earle,6380 downloads,https://www.gutenberg.org/ebooks/22675
Myths and Legends of Ancient Greece and Rome,E. M. Berens,6373 downloads,https://www.gutenberg.org/ebooks/22381
Comic History of the United States,Bill Nye,6351 downloads,https://www.gutenberg.org/ebooks/21427
The Pursuit of God,A. W. Tozer,6332 downloads,https://www.gutenberg.org/ebooks/25141
The Marriage of Heaven and Hell,William Blake,6329 downloads,https://www.gutenberg.org/ebooks/45315
Murder at Bridge,Anne Austin,6321 downloads,https://www.gutenberg.org/ebooks/23078
The Arabian Nights: Their Best-known Tales,Unknown / Various,6312 downloads,https://www.gutenberg.org/ebooks/20916
Christmas Short Works Collection 2006,Various,6293 downloads,https://www.gutenberg.org/ebooks/20605
"On the Old Road, Vol. 2 (of 2)",John Ruskin,6293 downloads,https://www.gutenberg.org/ebooks/21263
The Mistress of Shenstone,Florence L. Barclay,6291 downloads,https://www.gutenberg.org/ebooks/26235
Complete Story of the San Francisco Horror,"Trumbull White, Richard Linthicum, and Samuel Fallows",6286 downloads,https://www.gutenberg.org/ebooks/26380
"The Life of William Ewart Gladstone, Vol. 1 (of 3)",John Morley,6256 downloads,https://www.gutenberg.org/ebooks/21091
"Motion pictures, 1912-1939 :  Catalog of copyright entries",Library of Congress. Copyright Office,6249 downloads,https://www.gutenberg.org/ebooks/51836
Sea Power in its Relations to the War of 1812. Volume 2,A. T. Mahan,6244 downloads,https://www.gutenberg.org/ebooks/25912
A Daughter of the Middle Border,Hamlin Garland,6239 downloads,https://www.gutenberg.org/ebooks/22329
The Trial,Franz Kafka,6232 downloads,https://www.gutenberg.org/ebooks/7849
A dictionary of American authors,Oscar Fay Adams,6232 downloads,https://www.gutenberg.org/ebooks/71324
The Creators: A Comedy,May Sinclair,6213 downloads,https://www.gutenberg.org/ebooks/25971
The Secret Garden,Frances Hodgson Burnett,6210 downloads,https://www.gutenberg.org/ebooks/21585
Critical and Historical Essays,Edward MacDowell,6204 downloads,https://www.gutenberg.org/ebooks/16351
"The Song Celestial; Or, Bhagavad-Gîtâ (from the Mahâbhârata)",Unknown / Various,6201 downloads,https://www.gutenberg.org/ebooks/2388
The Wandering Jew — Complete,Eugène Sue,6200 downloads,https://www.gutenberg.org/ebooks/3350
The Deaf,Harry Best,6193 downloads,https://www.gutenberg.org/ebooks/23320
The Consolation of Philosophy,Boethius,6187 downloads,https://www.gutenberg.org/ebooks/23082
On the Trail of the Space Pirates,Carey Rockwell,6179 downloads,https://www.gutenberg.org/ebooks/21092
"The Yacht Club; or, The Young Boat-Builder",Oliver Optic,6175 downloads,https://www.gutenberg.org/ebooks/23351
Eastern Tales by Many Story Tellers,Unknown / Various,6170 downloads,https://www.gutenberg.org/ebooks/26358
"Poems by Emily Dickinson, Three Series, Complete",Emily Dickinson,6168 downloads,https://www.gutenberg.org/ebooks/12242
"Las Fábulas de Esopo, Vol. 01 (Spanish)",Aesop and George Fyler Townsend,6164 downloads,https://www.gutenberg.org/ebooks/21143
Treasure Island,Robert Louis Stevenson,6158 downloads,https://www.gutenberg.org/ebooks/23936
The Devil's Dictionary,Ambrose Bierce,6153 downloads,https://www.gutenberg.org/ebooks/972
Majoor Frans (Dutch),A. L. G. Bosboom-Toussaint,6120 downloads,https://www.gutenberg.org/ebooks/23083
Folklore as an Historical Science,George Laurence Gomme,6113 downloads,https://www.gutenberg.org/ebooks/21852
Poetical Works of Matthew Arnold,Matthew Arnold,6108 downloads,https://www.gutenberg.org/ebooks/27739
The Jewish State,Theodor Herzl,6101 downloads,https://www.gutenberg.org/ebooks/25282
The Argonautica,Rhodius Apollonius,6095 downloads,https://www.gutenberg.org/ebooks/830
The Federalist Papers,"Alexander Hamilton, James Madison, and John Jay",6085 downloads,https://www.gutenberg.org/ebooks/1404
The Invisible Man: A Grotesque Romance,H. G. Wells,6075 downloads,https://www.gutenberg.org/ebooks/5230
Peter and Wendy,J. M. Barrie,6062 downloads,https://www.gutenberg.org/ebooks/26654
The rose of old St. Louis,Mary Dillon,6055 downloads,https://www.gutenberg.org/ebooks/20911
The Book of Ballads,Sir Theodore Martin and William Edmondstoune Aytoun,6052 downloads,https://www.gutenberg.org/ebooks/44798
The Comic English Grammar: A New And Facetious Introduction To The English Tongue,Percival Leigh,6052 downloads,https://www.gutenberg.org/ebooks/44802
"The Theories of Darwin and Their Relation to Philosophy, Religion, and Morality",Rudolf Schmid,6043 downloads,https://www.gutenberg.org/ebooks/22150
Psychotherapy,Hugo Münsterberg,6040 downloads,https://www.gutenberg.org/ebooks/22775
The Marvelous Land of Oz,L. Frank Baum,6038 downloads,https://www.gutenberg.org/ebooks/19466
Bradford's History of 'Plimoth Plantation',William Bradford,6035 downloads,https://www.gutenberg.org/ebooks/24950
Hero-Myths & Legends of the British Race,M. I. Ebbutt,6034 downloads,https://www.gutenberg.org/ebooks/25502
The Building of a Book,Unknown / Various,6033 downloads,https://www.gutenberg.org/ebooks/23754
"A Budget of Paradoxes, Volume II",Augustus De Morgan,6027 downloads,https://www.gutenberg.org/ebooks/26408
A Little Princess,Frances Hodgson Burnett,5999 downloads,https://www.gutenberg.org/ebooks/146
The Science of Getting Rich,W. D. Wattles,5996 downloads,https://www.gutenberg.org/ebooks/59844
Sämtliche Werke 20 :  Aus dem Dunkel der Großstadt : Acht Novellen (German),Fyodor Dostoyevsky,5982 downloads,https://www.gutenberg.org/ebooks/76662
Royal Palaces and Parks of France,M. F. Mansfield,5979 downloads,https://www.gutenberg.org/ebooks/25842
The Parables of Our Lord,William Arnot,5969 downloads,https://www.gutenberg.org/ebooks/21328
Das Bücher-Dekameron (German),Kasimir Edschmid,5966 downloads,https://www.gutenberg.org/ebooks/48040
The Essays of Arthur Schopenhauer: the Wisdom of Life,Arthur Schopenhauer,5956 downloads,https://www.gutenberg.org/ebooks/10741
A Child's Garden of Verses,Robert Louis Stevenson,5954 downloads,https://www.gutenberg.org/ebooks/25609
Mon oncle et mon curé; Le voeu de Nadia (French),Jean de La Brète,5952 downloads,https://www.gutenberg.org/ebooks/23520
The Works of Lord Byron. Vol. 3,Baron George Gordon Byron Byron,5950 downloads,https://www.gutenberg.org/ebooks/21811
"Poems of Henry Vaughan, Silurist, Volume II",Henry Vaughan,5945 downloads,https://www.gutenberg.org/ebooks/28375
Our Mutual Friend,Charles Dickens,5937 downloads,https://www.gutenberg.org/ebooks/9719
Italian Popular Tales,Thomas Frederick Crane,5936 downloads,https://www.gutenberg.org/ebooks/23634
"Cités et ruines américaines: Mitla, Palenqué, Izamal, Chichen-Itza, Uxmal (French)",Eugène-Emmanuel Viollet-le-Duc,5923 downloads,https://www.gutenberg.org/ebooks/25097
Southern Literature From 1579-1895,Louise Manly,5918 downloads,https://www.gutenberg.org/ebooks/27279
The Wonderful Wizard of Oz,L. Frank Baum,5910 downloads,https://www.gutenberg.org/ebooks/21179
The Life of King Edward VII,J. Castell Hopkins,5910 downloads,https://www.gutenberg.org/ebooks/25112
"The possessed :  or, The devils",Fyodor Dostoyevsky,5910 downloads,https://www.gutenberg.org/ebooks/8117
The Getting of Wisdom,Henry Handel Richardson,5907 downloads,https://www.gutenberg.org/ebooks/28838
"The Works of Lord Byron, Vol. 7. Poetry",Baron George Gordon Byron Byron,5906 downloads,https://www.gutenberg.org/ebooks/27577
Nicholas Nickleby,Charles Dickens,5903 downloads,https://www.gutenberg.org/ebooks/9725
Die Verwandlung (German),Franz Kafka,5891 downloads,https://www.gutenberg.org/ebooks/22367
Carl Svenske: Historisk berättelse från frihetstiden (Swedish),Gustaf Björlin,5884 downloads,https://www.gutenberg.org/ebooks/65580
Tom Swift in the Land of Wonders,Victor Appleton,5883 downloads,https://www.gutenberg.org/ebooks/22952
The Interpretation of Dreams,Sigmund Freud,5876 downloads,https://www.gutenberg.org/ebooks/66048
"The Wars of the Jews; Or, The History of the Destruction of Jerusalem",Flavius Josephus,5864 downloads,https://www.gutenberg.org/ebooks/2850
"Characteristics of Women: Moral, Poetical, and Historical",Mrs. Jameson,5856 downloads,https://www.gutenberg.org/ebooks/26152
Pollyanna,Eleanor H. Porter,5851 downloads,https://www.gutenberg.org/ebooks/28798
O Pioneers!,Willa Cather,5840 downloads,https://www.gutenberg.org/ebooks/22448
Crome Yellow,Aldous Huxley,5834 downloads,https://www.gutenberg.org/ebooks/19686
The Golden Dream,R. M. Ballantyne,5830 downloads,https://www.gutenberg.org/ebooks/22980
Cattle and Their Diseases,Robert Jennings,5815 downloads,https://www.gutenberg.org/ebooks/22771
Humorous Ghost Stories,Dorothy Scarborough,5810 downloads,https://www.gutenberg.org/ebooks/26950
Dorothy Dale - A Girl of Today,Margaret Penrose,5796 downloads,https://www.gutenberg.org/ebooks/28943
Hard Times,Charles Dickens,5795 downloads,https://www.gutenberg.org/ebooks/786
"War and Peace, Book 01: 1805",graf Leo Tolstoy,5788 downloads,https://www.gutenberg.org/ebooks/28920
Walden,Henry David Thoreau,5781 downloads,https://www.gutenberg.org/ebooks/26289
Rilla of Ingleside,L. M. Montgomery,5776 downloads,https://www.gutenberg.org/ebooks/26265
The Art of War,active 6th century B.C. Sunzi,5754 downloads,https://www.gutenberg.org/ebooks/17405
"Aurelian; or, Rome in the Third Century",William Ware,5752 downloads,https://www.gutenberg.org/ebooks/21953
The Burgess Animal Book for Children,Thornton W. Burgess,5743 downloads,https://www.gutenberg.org/ebooks/23708
Mexico and Its Religion,Robert Anderson Wilson,5742 downloads,https://www.gutenberg.org/ebooks/21430
"Anderson Crow, Detective",George Barr McCutcheon,5736 downloads,https://www.gutenberg.org/ebooks/28229
"Human, All Too Human: A Book for Free Spirits",Friedrich Wilhelm Nietzsche,5722 downloads,https://www.gutenberg.org/ebooks/38145
The Brentons,Anna Chapin Ray,5720 downloads,https://www.gutenberg.org/ebooks/21763
The Jungle,Upton Sinclair,5714 downloads,https://www.gutenberg.org/ebooks/140
Fantômas,Pierre Souvestre and Marcel Allain,5713 downloads,https://www.gutenberg.org/ebooks/27794
Nights With Uncle Remus: Myths and Legends of the Old Plantation,Joel Chandler Harris,5706 downloads,https://www.gutenberg.org/ebooks/26429
Mathematical Recreations and Essays,W. W. Rouse Ball,5698 downloads,https://www.gutenberg.org/ebooks/26839
The Aeneid of Virgil,Virgil,5694 downloads,https://www.gutenberg.org/ebooks/22456
"The works of Guy de Maupassant, Vol. 5",Guy de Maupassant,5692 downloads,https://www.gutenberg.org/ebooks/21655
The Psychology of Singing,David C. Taylor,5692 downloads,https://www.gutenberg.org/ebooks/21957
Edmond Dantès,Edmund Flagg,5690 downloads,https://www.gutenberg.org/ebooks/23183
The Dog Crusoe and His Master,R. M. Ballantyne,5682 downloads,https://www.gutenberg.org/ebooks/26219
Chess Fundamentals,José Raúl Capablanca,5663 downloads,https://www.gutenberg.org/ebooks/33870
History of the Negro Race in America from 1619 to 1880. Vol. 2,George Washington Williams,5662 downloads,https://www.gutenberg.org/ebooks/21851
Searchlights on Health: Light on Dark Corners,B. G. Jefferis and J. L. Nichols,5661 downloads,https://www.gutenberg.org/ebooks/23609
The Care of Books,John Willis Clark,5660 downloads,https://www.gutenberg.org/ebooks/26378
Aesop's Fables - Volume 05,Aesop,5657 downloads,https://www.gutenberg.org/ebooks/19620
Dorothy and the Wizard in Oz,L. Frank Baum,5652 downloads,https://www.gutenberg.org/ebooks/22566
The Great Controversy Between Christ and Satan,Ellen Gould Harmon White,5650 downloads,https://www.gutenberg.org/ebooks/25833
"The History of Rome, Books 01 to 08",Livy,5641 downloads,https://www.gutenberg.org/ebooks/19725
"Curiosities of Literature, Vol. 1",Isaac Disraeli,5640 downloads,https://www.gutenberg.org/ebooks/21615
Following the Equator: A Journey Around the World,Mark Twain,5638 downloads,https://www.gutenberg.org/ebooks/2895
The Ten Books on Architecture,Vitruvius Pollio,5637 downloads,https://www.gutenberg.org/ebooks/20239
The Iliad for Boys and Girls,Homer and Alfred John Church,5637 downloads,https://www.gutenberg.org/ebooks/21584
Paul Patoff,F. Marion Crawford,5633 downloads,https://www.gutenberg.org/ebooks/22879
From the Earth to the Moon,Jules Verne,5630 downloads,https://www.gutenberg.org/ebooks/28918
Anne of Avonlea,L. M. Montgomery,5626 downloads,https://www.gutenberg.org/ebooks/47
"Poems, with The Ballad of Reading Gaol",Oscar Wilde,5615 downloads,https://www.gutenberg.org/ebooks/1057
My Daily Meditation for the Circling Year,John Henry Jowett,5610 downloads,https://www.gutenberg.org/ebooks/23241
Der kleine Dämon (German),Fyodor Sologub,5603 downloads,https://www.gutenberg.org/ebooks/57741
Apologia pro vita sua :  being a history of his religious opinions,John Henry Newman,5600 downloads,https://www.gutenberg.org/ebooks/22088
Sonnets from the Portuguese,Elizabeth Barrett Browning,5585 downloads,https://www.gutenberg.org/ebooks/23079
The First Book of Adam and Eve,Rutherford Hayes Platt,5578 downloads,https://www.gutenberg.org/ebooks/398
"The Tao Teh King, or the Tao and its Characteristics",Laozi,5572 downloads,https://www.gutenberg.org/ebooks/216
"The Works of Christopher Marlowe, Vol. 3 (of 3)",Christopher Marlowe,5570 downloads,https://www.gutenberg.org/ebooks/21262
Het ivoren aapje: Een roman van Brusselsch leven (Dutch),Herman Teirlinck,5569 downloads,https://www.gutenberg.org/ebooks/28068
The Campaign of 1776 around New York and Brooklyn,Henry Phelps Johnston,5567 downloads,https://www.gutenberg.org/ebooks/21990
The Dash for Khartoum: A Tale of the Nile Expedition,G. A. Henty,5565 downloads,https://www.gutenberg.org/ebooks/21986
"The letters of Queen Victoria, vol. 3, 1854-1861 :  A selection from Her Majesty's correspondence between the years 1837 and 1861.",Queen of Great Britain Victoria,5563 downloads,https://www.gutenberg.org/ebooks/28649
Language of Flowers,Kate Greenaway,5550 downloads,https://www.gutenberg.org/ebooks/31591
Heart Talks,Charles Wesley Naylor,5537 downloads,https://www.gutenberg.org/ebooks/28736
A Girl of the Limberlost,Gene Stratton-Porter,5533 downloads,https://www.gutenberg.org/ebooks/26220
"Pitt und Fox, die Liebeswege der Brüder Sintrup: Roman (German)",Friedrich Huch,5530 downloads,https://www.gutenberg.org/ebooks/50528
"Bartleby, the Scrivener: A Story of Wall-Street",Herman Melville,5522 downloads,https://www.gutenberg.org/ebooks/11231
Woman,William J. Robinson,5517 downloads,https://www.gutenberg.org/ebooks/21840
Anne of Avonlea,L. M. Montgomery,5514 downloads,https://www.gutenberg.org/ebooks/19575
The Lady with the Dog and Other Stories,Anton Pavlovich Chekhov,5509 downloads,https://www.gutenberg.org/ebooks/13415
The Dawn of Day,Friedrich Wilhelm Nietzsche,5508 downloads,https://www.gutenberg.org/ebooks/39955
The Story of the Greeks,H. A. Guerber,5504 downloads,https://www.gutenberg.org/ebooks/23495
"Jane Austen, Her Life and Letters: A Family Record",William Austen-Leigh and Richard Arthur Austen-Leigh,5479 downloads,https://www.gutenberg.org/ebooks/22536
Tik-Tok of Oz,L. Frank Baum,5479 downloads,https://www.gutenberg.org/ebooks/23076
Fair Margaret: A Portrait,F. Marion Crawford,5462 downloads,https://www.gutenberg.org/ebooks/25838
"Las Fábulas de Esopo, Vol. 02 (Spanish)",Aesop and George Fyler Townsend,5459 downloads,https://www.gutenberg.org/ebooks/20029
"The Natural History of Pliny, Volume 1 (of 6)",the Elder Pliny,5457 downloads,https://www.gutenberg.org/ebooks/57493
Brand Blotters,William MacLeod Raine,5456 downloads,https://www.gutenberg.org/ebooks/27436
Webster's Unabridged Dictionary,Various,5452 downloads,https://www.gutenberg.org/ebooks/29765
Psychology of the Unconscious,C. G. Jung,5452 downloads,https://www.gutenberg.org/ebooks/65903
Struwwelpeter: Merry Stories and Funny Pictures,Heinrich Hoffmann,5452 downloads,https://www.gutenberg.org/ebooks/12116
The Life Radiant,Lilian Whiting,5444 downloads,https://www.gutenberg.org/ebooks/23820
Moloks leende: roman (Swedish),Daniel Berg,5436 downloads,https://www.gutenberg.org/ebooks/62635
"Howard Pyle's Book of pirates : fiction, fact & fancy concerning the buccaneers & marooners of the Spanish Main",Howard Pyle,5416 downloads,https://www.gutenberg.org/ebooks/26862
The Lost Princess of Oz,L. Frank Baum,5413 downloads,https://www.gutenberg.org/ebooks/21169
"The best short stories of 1917, and the yearbook of the American short story",Unknown / Various,5395 downloads,https://www.gutenberg.org/ebooks/20872
"The Journal of Negro History, Volume 5, 1920",Various,5395 downloads,https://www.gutenberg.org/ebooks/23200
Ethan Frome,Edith Wharton,5388 downloads,https://www.gutenberg.org/ebooks/4517
Sketches New and Old,Mark Twain,5384 downloads,https://www.gutenberg.org/ebooks/3189
"The Son of Monte-Cristo, Volume I",Jules Lermina,5382 downloads,https://www.gutenberg.org/ebooks/22018
Детство (Russian),graf Leo Tolstoy,5379 downloads,https://www.gutenberg.org/ebooks/19681
The Declaration of Independence of the United States of America,Thomas Jefferson,5378 downloads,https://www.gutenberg.org/ebooks/1
The Picture of Dorian Gray,Oscar Wilde,5378 downloads,https://www.gutenberg.org/ebooks/4078
Swann's Way,Marcel Proust,5375 downloads,https://www.gutenberg.org/ebooks/7178
The Paradise Mystery,J. S. Fletcher,5373 downloads,https://www.gutenberg.org/ebooks/26587
Memoirs and Correspondence of Admiral Lord de Saumarez. Vol II,Sir John Ross,5373 downloads,https://www.gutenberg.org/ebooks/27151
Sämmtliche Werke 5: Dramatische Werke (German),Nikolai Vasilevich Gogol,5368 downloads,https://www.gutenberg.org/ebooks/55487
North and South,Elizabeth Cleghorn Gaskell,5365 downloads,https://www.gutenberg.org/ebooks/4276
"Dhammapada, a Collection of Verses; Being One of the Canonical Books of the Buddhists",Unknown / Various,5362 downloads,https://www.gutenberg.org/ebooks/2017
"The Memoirs of Jacques Casanova de Seingalt, 1725-1798. Complete",Giacomo Casanova,5351 downloads,https://www.gutenberg.org/ebooks/2981
The Harvester,Gene Stratton-Porter,5339 downloads,https://www.gutenberg.org/ebooks/26465
"Dictionary of Quotations from Ancient and Modern, English and Foreign Sources",Rev. James Wood,5339 downloads,https://www.gutenberg.org/ebooks/48105
The History of the Peloponnesian War,Thucydides,5325 downloads,https://www.gutenberg.org/ebooks/26245
Special Report on Diseases of the Horse,"United States. Bureau of Animal Industry, Leonard Pearson, Rush Shippen Huidekoper, Charles B. Michener, and W. H. Harbaugh",5323 downloads,https://www.gutenberg.org/ebooks/23403
The social contract & discourses,Jean-Jacques Rousseau,5317 downloads,https://www.gutenberg.org/ebooks/46333
When dreams come true,Ritter Brown,5316 downloads,https://www.gutenberg.org/ebooks/28593
The Land of Thor,J. Ross Browne,5315 downloads,https://www.gutenberg.org/ebooks/28329
Sword and Pen,John Algernon Owens,5311 downloads,https://www.gutenberg.org/ebooks/28152
Manual of Military Training,James A. Moss,5310 downloads,https://www.gutenberg.org/ebooks/26706
Aesop's Fables - Volume 01,Aesop,5296 downloads,https://www.gutenberg.org/ebooks/19616
Elements of Agricultural Chemistry,Thomas Anderson,5285 downloads,https://www.gutenberg.org/ebooks/24931
Noli me tangere: Filippijnsche roman (Dutch),José Rizal,5284 downloads,https://www.gutenberg.org/ebooks/21848
1000 Mythological Characters Briefly Described,Edward Sylvester Ellis,5283 downloads,https://www.gutenberg.org/ebooks/42474
Creative Evolution,Henri Bergson,5280 downloads,https://www.gutenberg.org/ebooks/26163
How the Other Half Lives: Studies Among the Tenements of New York,Jacob A. Riis,5278 downloads,https://www.gutenberg.org/ebooks/45502
Lord Milner's Work in South Africa,W. Basil Worsfold,5275 downloads,https://www.gutenberg.org/ebooks/26490
Pagan and Christian Rome,Rodolfo Amedeo Lanciani,5273 downloads,https://www.gutenberg.org/ebooks/22153
The Works of Lord Byron. Vol. 2,Baron George Gordon Byron Byron,5259 downloads,https://www.gutenberg.org/ebooks/25340
Benjamin Franklin,Jr. John T. Morse,5258 downloads,https://www.gutenberg.org/ebooks/21348
A Sailor of King George,Captain Frederick Hoffman,5256 downloads,https://www.gutenberg.org/ebooks/27520
Jabberwocky,Lewis Carroll,5253 downloads,https://www.gutenberg.org/ebooks/23717
"Woordenlijst voor de spelling der Nederlandsche Taal (Dutch)",M. de Vries and L. A. te Winkel,5246 downloads,https://www.gutenberg.org/ebooks/22722
"Legend Land, Volume 1 & 2",G. Basil Barham,5234 downloads,https://www.gutenberg.org/ebooks/28782
The Bishop of Cottontown: A Story of the Southern Cotton Mills,John Trotwood Moore,5232 downloads,https://www.gutenberg.org/ebooks/23637
Fifty-Two Stories For Girls,Unknown / Various,5229 downloads,https://www.gutenberg.org/ebooks/25948
Nellie Bly's Book,Nellie Bly,5228 downloads,https://www.gutenberg.org/ebooks/20975
"River Legends; Or, Father Thames and Father Rhine",Baron Edward Hugessen Knatchbull-Hugessen Brabourne,5223 downloads,https://www.gutenberg.org/ebooks/44425
The Napoleon of Notting Hill,G. K. Chesterton,5212 downloads,https://www.gutenberg.org/ebooks/20058
Index of the Project Gutenberg Works of Friedrich Nietzsche,Friedrich Wilhelm Nietzsche,5211 downloads,https://www.gutenberg.org/ebooks/58025
The Tapestry Book,Helen Churchill Candee,5211 downloads,https://www.gutenberg.org/ebooks/26151
Les misérables Tome V: Jean Valjean (French),Victor Hugo,5209 downloads,https://www.gutenberg.org/ebooks/17519
"Étude Médico-Légale: Psychopathia Sexualis (French)",R. von Krafft-Ebing,5208 downloads,https://www.gutenberg.org/ebooks/24766
"History of the Rise of the Huguenots, Vol. 1",Henry Martyn Baird,5206 downloads,https://www.gutenberg.org/ebooks/22762
A Illustre Casa de Ramires (Portuguese),Eça de Queirós,5205 downloads,https://www.gutenberg.org/ebooks/23145
"The conspirators; or, The chevalier d'Harmental",Alexandre Dumas and Auguste Maquet,5201 downloads,https://www.gutenberg.org/ebooks/27385
Shakespearean Playhouses,Joseph Quincy Adams,5195 downloads,https://www.gutenberg.org/ebooks/22397
The Life of Friedrich Schiller,Thomas Carlyle,5186 downloads,https://www.gutenberg.org/ebooks/23209
Familiar Quotations,Unknown / Various,5185 downloads,https://www.gutenberg.org/ebooks/27889
"The Journal of Negro History, Volume 4, 1919",Various,5178 downloads,https://www.gutenberg.org/ebooks/21093
Utilitarianism,John Stuart Mill,5174 downloads,https://www.gutenberg.org/ebooks/11224
Newspaper Reporting and Correspondence,Grant Milnor Hyde,5171 downloads,https://www.gutenberg.org/ebooks/25968
Homer's Odyssey,Denton Jaques Snider,5170 downloads,https://www.gutenberg.org/ebooks/26275
"India, Its Life and Thought",John P. Jones,5166 downloads,https://www.gutenberg.org/ebooks/28117
The Wind in the Willows,Kenneth Grahame,5162 downloads,https://www.gutenberg.org/ebooks/27805
Anne of the Island,L. M. Montgomery,5161 downloads,https://www.gutenberg.org/ebooks/51
Socialism: A Summary and Interpretation of Socialist Principles,John Spargo,5154 downloads,https://www.gutenberg.org/ebooks/22733
The Little Colonel: Maid of Honor,Annie F. Johnston,5154 downloads,https://www.gutenberg.org/ebooks/21248
Die seltsamen Geschichten des Doktor Ulebuhle (German),Bruno Hans Bürgel,5136 downloads,https://www.gutenberg.org/ebooks/63460
From October to Brest-Litovsk,Leon Trotsky,5135 downloads,https://www.gutenberg.org/ebooks/20048
The Buccaneer: A Tale,Mrs. S. C. Hall,5132 downloads,https://www.gutenberg.org/ebooks/28074
"Création et rédemption, deuxième partie: La fille du marquis (French)",Alexandre Dumas,5130 downloads,https://www.gutenberg.org/ebooks/26476
"History of circumcision from the earliest times to the present :  Moral and physical reasons for its performance, with a history of eunuchism, hermaphrodism, etc., and of the different operations practiced upon the prepuce",P. C. Remondino,5127 downloads,https://www.gutenberg.org/ebooks/23135
History of the War in South Africa 1899-1902 v. 1 (of 4),Great Britain. War Office,5126 downloads,https://www.gutenberg.org/ebooks/28158
Mistress Anne,Temple Bailey,5125 downloads,https://www.gutenberg.org/ebooks/23246
The Grand Inquisitor,Fyodor Dostoyevsky,5122 downloads,https://www.gutenberg.org/ebooks/8578
A Book of Myths,Jean Lang,5119 downloads,https://www.gutenberg.org/ebooks/22693
Selected Poems of Emily Dickinson,Emily Dickinson,5114 downloads,https://www.gutenberg.org/ebooks/22444
"Tom Swift and His Aerial Warship; Or, The Naval Terror of the Seas",Victor Appleton,5113 downloads,https://www.gutenberg.org/ebooks/22951
Der Steppenwolf (German),Hermann Hesse,5111 downloads,https://www.gutenberg.org/ebooks/75802
The Complete Herbal,Nicholas Culpeper,5107 downloads,https://www.gutenberg.org/ebooks/49513
Fire and Ice,Robert Frost,5103 downloads,https://www.gutenberg.org/ebooks/20030
The Origin of Species by Means of Natural Selection,Charles Darwin,5102 downloads,https://www.gutenberg.org/ebooks/2009
Fino a Dogali (Italian),Alfredo Oriani,5097 downloads,https://www.gutenberg.org/ebooks/22501
The Merry Adventures of Robin Hood,Howard Pyle,5096 downloads,https://www.gutenberg.org/ebooks/26467
Eight dwelling places of Buddhist immortals (Chinese),Five colors stone,5090 downloads,https://www.gutenberg.org/ebooks/27016
Also sprach Zarathustra: Ein Buch für Alle und Keinen (German),Friedrich Wilhelm Nietzsche,5080 downloads,https://www.gutenberg.org/ebooks/7205
The Sun Also Rises,Ernest Hemingway,5077 downloads,https://www.gutenberg.org/ebooks/67138
The Prodigal Father,J. Storer Clouston,5077 downloads,https://www.gutenberg.org/ebooks/25899
Ten Thousand Miles with a Dog Sled,Hudson Stuck,5072 downloads,https://www.gutenberg.org/ebooks/22965
Acadia,Frederic S. Cozzens,5070 downloads,https://www.gutenberg.org/ebooks/23409
Wood-Carving: Design and Workmanship,George Jack,5062 downloads,https://www.gutenberg.org/ebooks/22107
The Expedition to Borneo of H.M.S. Dido,Sir Henry Keppel and Rajah of Sarawak James,5061 downloads,https://www.gutenberg.org/ebooks/22903
When Life Was Young: At the Old Farm in Maine,C. A. Stephens,5059 downloads,https://www.gutenberg.org/ebooks/26994
A Treatise of Human Nature,David Hume,5059 downloads,https://www.gutenberg.org/ebooks/4705
The Will to Power: An Attempted Transvaluation of All Values. Book III and IV,Friedrich Wilhelm Nietzsche,5054 downloads,https://www.gutenberg.org/ebooks/52915
The Key of Gold: 23 Czech Folk Tales,Unknown / Various,5053 downloads,https://www.gutenberg.org/ebooks/20680
Königliche Hoheit: Roman (German),Thomas Mann,5046 downloads,https://www.gutenberg.org/ebooks/35328
Reflections; or Sentences and Moral Maxims,François duc de La Rochefoucauld,5046 downloads,https://www.gutenberg.org/ebooks/9105
"The Journal of Negro History, Volume 6, 1921",Various,5044 downloads,https://www.gutenberg.org/ebooks/22149
"Journeys Through Bookland, Vol. 7",Charles Herbert Sylvester,5043 downloads,https://www.gutenberg.org/ebooks/23405
Index of the Project Gutenberg Works of Fyodor Dostoevsky,Fyodor Dostoyevsky,5042 downloads,https://www.gutenberg.org/ebooks/59196
"The Great Events by Famous Historians, Volume 03",Unknown / Various,5041 downloads,https://www.gutenberg.org/ebooks/25712
The Works of Lord Byron. Vol. 5,Baron George Gordon Byron Byron,5040 downloads,https://www.gutenberg.org/ebooks/23475
"History of Woman Suffrage, Volume III",Unknown / Various,5035 downloads,https://www.gutenberg.org/ebooks/28556
The Odyssey of Homer,Homer,5035 downloads,https://www.gutenberg.org/ebooks/24269
White Fang,Jack London,5034 downloads,https://www.gutenberg.org/ebooks/23976
The Age of Innocence,Edith Wharton,5028 downloads,https://www.gutenberg.org/ebooks/541
Politics: A Treatise on Government,Aristotle,5022 downloads,https://www.gutenberg.org/ebooks/6762
"Madeline Payne, the Detective's Daughter",Lawrence L. Lynch,5016 downloads,https://www.gutenberg.org/ebooks/26482
Frank Merriwell's Races,Burt L. Standish,5012 downloads,https://www.gutenberg.org/ebooks/21958
The Highgrader,William MacLeod Raine,5011 downloads,https://www.gutenberg.org/ebooks/22583
The Legacy of Greece,Unknown / Various,5010 downloads,https://www.gutenberg.org/ebooks/22259
The Duel and Other Stories,Anton Pavlovich Chekhov,5009 downloads,https://www.gutenberg.org/ebooks/13505
"Robert Burns. Vol. 1, La Vie (French)",Auguste Angellier,5007 downloads,https://www.gutenberg.org/ebooks/25335
今古奇觀 (Chinese),Baowenglaoren,5005 downloads,https://www.gutenberg.org/ebooks/24230
Happy Days,A. A. Milne,4996 downloads,https://www.gutenberg.org/ebooks/26098
The Suffrage Cook Book,Unknown / Various,4993 downloads,https://www.gutenberg.org/ebooks/26323
Fair Harbor,Joseph Crosby Lincoln,4991 downloads,https://www.gutenberg.org/ebooks/22745
Olive: A Novel,Dinah Maria Mulock Craik,4990 downloads,https://www.gutenberg.org/ebooks/22121
Aesop's Fables - Volume 10,Aesop,4982 downloads,https://www.gutenberg.org/ebooks/19625
Hungry Hearts,Anzia Yezierska,4981 downloads,https://www.gutenberg.org/ebooks/41232
The Naval History of the United States. Volume 2,Willis J. Abbot,4981 downloads,https://www.gutenberg.org/ebooks/26416
The Pilgrim's Progress from this world to that which is to come,John Bunyan,4980 downloads,https://www.gutenberg.org/ebooks/131
Ivanhoe: A Romance,Walter Scott,4973 downloads,https://www.gutenberg.org/ebooks/82
Wealth of the World's Waste Places and Oceania,Jewett C. Gilson,4973 downloads,https://www.gutenberg.org/ebooks/23546
All about coffee,William H. Ukers,4965 downloads,https://www.gutenberg.org/ebooks/28500
Riders to the Sea,J. M. Synge,4960 downloads,https://www.gutenberg.org/ebooks/994
The island of Doctor Moreau,H. G. Wells,4943 downloads,https://www.gutenberg.org/ebooks/159
The Pilgrim's Progress,John Bunyan,4939 downloads,https://www.gutenberg.org/ebooks/21171
Chapters from My Autobiography,Mark Twain,4929 downloads,https://www.gutenberg.org/ebooks/19682
"The Great Events by Famous Historians, Volume 09",Unknown / Various,4928 downloads,https://www.gutenberg.org/ebooks/26337
Five Little Peppers and How They Grew,Margaret Sidney,4927 downloads,https://www.gutenberg.org/ebooks/20037
The Turn of the Screw,Henry James,4926 downloads,https://www.gutenberg.org/ebooks/26285
Auction of To-day,Milton C. Work,4923 downloads,https://www.gutenberg.org/ebooks/23086
The Johnstown Horror!!!,James Herbert Walker,4920 downloads,https://www.gutenberg.org/ebooks/27669
"The Younger Edda; Also called Snorre's Edda, or The Prose Edda",Snorri Sturluson,4914 downloads,https://www.gutenberg.org/ebooks/18947
A Treatise on Domestic Economy; For the Use of Young Ladies at Home and at School,Catharine Esther Beecher,4912 downloads,https://www.gutenberg.org/ebooks/21829
Memoirs of the Court of George IV. 1820-1830 (Vol 1),Duke of Richard Plantagenet Temple Nugent Brydges Chandos Grenville Buckingham and Chandos,4910 downloads,https://www.gutenberg.org/ebooks/22553
Agatha's Husband: A Novel,Dinah Maria Mulock Craik,4909 downloads,https://www.gutenberg.org/ebooks/21767
"Winesburg, Ohio",Sherwood Anderson,4903 downloads,https://www.gutenberg.org/ebooks/22949
How We Think,John Dewey,4894 downloads,https://www.gutenberg.org/ebooks/37423
Through Finland in Carts,Mrs. Alec-Tweedie,4891 downloads,https://www.gutenberg.org/ebooks/27743
The Gospel According to St. Matthew,Unknown / Various,4885 downloads,https://www.gutenberg.org/ebooks/23719
"The Variation of Animals and Plants Under Domestication, Vol. I.",Charles Darwin,4882 downloads,https://www.gutenberg.org/ebooks/24923
甌北詩話 (Chinese),Yi Zhao,4878 downloads,https://www.gutenberg.org/ebooks/25391
An Undivided Union,Oliver Optic and Edward Stratemeyer,4878 downloads,https://www.gutenberg.org/ebooks/25440
The Anatomy of Melancholy,Robert Burton,4875 downloads,https://www.gutenberg.org/ebooks/10800
"A System of Logic, Ratiocinative and Inductive (Vol. 1 of 2)",John Stuart Mill,4870 downloads,https://www.gutenberg.org/ebooks/26495
"Western Characters; or, Types of Border Life in the Western States",John Ludlum McConnel,4865 downloads,https://www.gutenberg.org/ebooks/23155
Moby Dick,Herman Melville,4855 downloads,https://www.gutenberg.org/ebooks/9147
"Wagner, the Wehr-Wolf",George W. M. Reynolds,4854 downloads,https://www.gutenberg.org/ebooks/27202
"De Zonderlinge Lotgevallen van Gil Blas van Santillano, deel 1 van 2 (Dutch)",Alain René Le Sage,4851 downloads,https://www.gutenberg.org/ebooks/21409
Belgium: From the Roman Invasion to the Present Day,Emile Cammaerts,4849 downloads,https://www.gutenberg.org/ebooks/27442
The Reckoning,Robert W. Chambers,4848 downloads,https://www.gutenberg.org/ebooks/25441
"Little Journeys to the Homes of the Great Philosophers, Volume 8",Elbert Hubbard,4848 downloads,https://www.gutenberg.org/ebooks/23640
The Fortieth Door,Mary Hastings Bradley,4845 downloads,https://www.gutenberg.org/ebooks/22360
Essays — First Series,Ralph Waldo Emerson,4841 downloads,https://www.gutenberg.org/ebooks/2944
The Confidence-Man: His Masquerade,Herman Melville,4831 downloads,https://www.gutenberg.org/ebooks/21816
Emile,Jean-Jacques Rousseau,4829 downloads,https://www.gutenberg.org/ebooks/5427
The prisoner of Zenda,Anthony Hope,4826 downloads,https://www.gutenberg.org/ebooks/22436
Albert Gallatin,John Austin Stevens,4824 downloads,https://www.gutenberg.org/ebooks/20873
Just so stories,Rudyard Kipling,4821 downloads,https://www.gutenberg.org/ebooks/2781
Fairy Tales of Hans Christian Andersen,H. C. Andersen,4820 downloads,https://www.gutenberg.org/ebooks/27200
The Essays of Arthur Schopenhauer; Studies in Pessimism,Arthur Schopenhauer,4820 downloads,https://www.gutenberg.org/ebooks/10732
The Social Cancer: A Complete English Version of Noli Me Tangere,José Rizal,4812 downloads,https://www.gutenberg.org/ebooks/6737
The Vampyre; a Tale,John William Polidori,4812 downloads,https://www.gutenberg.org/ebooks/6087
Impressions of South Africa,Viscount James Bryce Bryce,4801 downloads,https://www.gutenberg.org/ebooks/22323
La cuerda del ahorcado (Spanish),Ponson du Terrail,4800 downloads,https://www.gutenberg.org/ebooks/27695
Contemporary American Composers,Rupert Hughes,4800 downloads,https://www.gutenberg.org/ebooks/23800
Colleges in America,John Marshall Barker,4798 downloads,https://www.gutenberg.org/ebooks/25400
The Prairie Traveler: A Hand-book for Overland Expeditions,Randolph B. Marcy,4797 downloads,https://www.gutenberg.org/ebooks/23066
Aesop's Fables - Volume 09,Aesop,4793 downloads,https://www.gutenberg.org/ebooks/19624
A Selection from the Discourses of Epictetus with the Encheiridion,Epictetus,4793 downloads,https://www.gutenberg.org/ebooks/10661
'Smiles': A Rose of the Cumberlands,Eliot H. Robinson,4793 downloads,https://www.gutenberg.org/ebooks/22287
The Children's Garland from the Best Poets,Unknown / Various,4791 downloads,https://www.gutenberg.org/ebooks/27441
Sea Power in its Relations to the War of 1812. Volume 1,A. T. Mahan,4786 downloads,https://www.gutenberg.org/ebooks/25911
Pragmatism: A New Name for Some Old Ways of Thinking,William James,4786 downloads,https://www.gutenberg.org/ebooks/5116
The Art of Public Speaking,Dale Carnegie and J. Berg Esenwein,4782 downloads,https://www.gutenberg.org/ebooks/16317
The Red True Story Book,Unknown / Various,4781 downloads,https://www.gutenberg.org/ebooks/27603
The Adventures of Maya the Bee,Waldemar Bonsels,4781 downloads,https://www.gutenberg.org/ebooks/22354
The Girl in the Golden Atom,Ray Cummings,4774 downloads,https://www.gutenberg.org/ebooks/21094
The Metamorphoses of Publius Ovidus Naso in English blank verse Vols. I & II,Ovid,4773 downloads,https://www.gutenberg.org/ebooks/28621
The University of Michigan,Wilfred Byron Shaw,4765 downloads,https://www.gutenberg.org/ebooks/21532
Lord Jim,Joseph Conrad,4763 downloads,https://www.gutenberg.org/ebooks/21435
Preventable Diseases,Woods Hutchinson,4760 downloads,https://www.gutenberg.org/ebooks/21965
The World I Live In,Helen Keller,4758 downloads,https://www.gutenberg.org/ebooks/27683
The Story of Paris,Thomas Okey,4757 downloads,https://www.gutenberg.org/ebooks/26450
Mysticism and Logic and Other Essays,Bertrand Russell,4756 downloads,https://www.gutenberg.org/ebooks/25447
The Philippines a Century Hence,José Rizal,4753 downloads,https://www.gutenberg.org/ebooks/35899
Perpetual Peace: A Philosophical Essay,Immanuel Kant,4751 downloads,https://www.gutenberg.org/ebooks/50922
"Bookbinding, and the Care of Books",Douglas Cockerell,4748 downloads,https://www.gutenberg.org/ebooks/26672
儒林外史 (Chinese),Jingzi Wu,4748 downloads,https://www.gutenberg.org/ebooks/24032
Anthem,Ayn Rand,4743 downloads,https://www.gutenberg.org/ebooks/1250
Alice's Adventures in Wonderland,Lewis Carroll,4743 downloads,https://www.gutenberg.org/ebooks/23716
Miss Mapp,E. F. Benson,4742 downloads,https://www.gutenberg.org/ebooks/25919
"A Young Man in a Hurry, and Other Short Stories",Robert W. Chambers,4737 downloads,https://www.gutenberg.org/ebooks/27374
The Choctaw Freedmen and the Story of Oak Hill Industrial Academy,Robert Elliott Flickinger,4724 downloads,https://www.gutenberg.org/ebooks/23321
De Officiis (Latin),Marcus Tullius Cicero,4724 downloads,https://www.gutenberg.org/ebooks/47001
Geschichte Alexanders des Grossen (German),Johann Gustav Droysen,4721 downloads,https://www.gutenberg.org/ebooks/23756
Charles Frohman: Manager and Man,Isaac Frederick Marcosson and Daniel Frohman,4713 downloads,https://www.gutenberg.org/ebooks/26146
"Casa Braccio, Volumes 1 and 2",F. Marion Crawford,4713 downloads,https://www.gutenberg.org/ebooks/26327
The Gilded Age: A Tale of Today,Mark Twain and Charles Dudley Warner,4713 downloads,https://www.gutenberg.org/ebooks/3178
Odd Numbers,Sewell Ford,4711 downloads,https://www.gutenberg.org/ebooks/26528
Peter Pan,J. M. Barrie,4707 downloads,https://www.gutenberg.org/ebooks/22984
The Promised Land,Mary Antin,4707 downloads,https://www.gutenberg.org/ebooks/20885
Poems with Power to Strengthen the Soul,Unknown / Various,4704 downloads,https://www.gutenberg.org/ebooks/28591
Don Quixote,Miguel de Cervantes Saavedra,4700 downloads,https://www.gutenberg.org/ebooks/7094
The Innocents Abroad,Mark Twain,4698 downloads,https://www.gutenberg.org/ebooks/3176
Essay on the Creative Imagination,Th. Ribot,4697 downloads,https://www.gutenberg.org/ebooks/26430
Latin Phrase-Book (Latin),Carl Meissner,4696 downloads,https://www.gutenberg.org/ebooks/50280
Manures and the principles of manuring,Charles Morton Aikman,4694 downloads,https://www.gutenberg.org/ebooks/27274
Dao De Jing: A Minimalist Translation (Chinese),Laozi,4692 downloads,https://www.gutenberg.org/ebooks/49965
The Religious Experience of the Roman People,W. Warde Fowler,4691 downloads,https://www.gutenberg.org/ebooks/23349
Plays,Susan Glaspell,4690 downloads,https://www.gutenberg.org/ebooks/10623
A Concise Anglo-Saxon Dictionary,J. R. Clark Hall,4688 downloads,https://www.gutenberg.org/ebooks/31543
We,Evgenii Ivanovich Zamiatin,4688 downloads,https://www.gutenberg.org/ebooks/61963
Kåtornas folk (Swedish),Ester Blenda Nordström,4686 downloads,https://www.gutenberg.org/ebooks/62806
"A History of Art for Beginners and Students: Painting, Sculpture, Architecture",Clara Erskine Clement Waters,4685 downloads,https://www.gutenberg.org/ebooks/25632
The Watchers of the Trails: A Book of Animal Life,Sir Charles G. D. Roberts,4685 downloads,https://www.gutenberg.org/ebooks/25718
A Little Princess,Frances Hodgson Burnett,4681 downloads,https://www.gutenberg.org/ebooks/23711
The Kybalion,Three Initiates,4680 downloads,https://www.gutenberg.org/ebooks/14209
Some Everyday Folk and Dawn,Miles Franklin,4678 downloads,https://www.gutenberg.org/ebooks/21659
The Humbugs of the World,P. T. Barnum,4674 downloads,https://www.gutenberg.org/ebooks/26640
The Faith of Our Fathers,James Gibbons,4674 downloads,https://www.gutenberg.org/ebooks/27435
The game of life and how to play it,Florence Scovel Shinn,4670 downloads,https://www.gutenberg.org/ebooks/74878
Masterpieces of Negro Eloquence,Unknown / Various,4668 downloads,https://www.gutenberg.org/ebooks/22240
The Diary of a Nobody,George Grossmith and Weedon Grossmith,4661 downloads,https://www.gutenberg.org/ebooks/21517
The Oriental Religions in Roman Paganism,Franz Cumont,4652 downloads,https://www.gutenberg.org/ebooks/22213
Psychology: Briefer Course,William James,4644 downloads,https://www.gutenberg.org/ebooks/55262
Steam Turbines,Hubert E. Collins,4642 downloads,https://www.gutenberg.org/ebooks/27687
The Adventures of Tom Sawyer,Mark Twain,4638 downloads,https://www.gutenberg.org/ebooks/26203
Der Jäger von Fall :  Hochlandsroman (German),Ludwig Ganghofer,4633 downloads,https://www.gutenberg.org/ebooks/64414
Astronomy for Amateurs,Camille Flammarion,4629 downloads,https://www.gutenberg.org/ebooks/25267
The Story of My Life,Helen Keller,4628 downloads,https://www.gutenberg.org/ebooks/28807
The Way To Geometry,Petrus Ramus,4628 downloads,https://www.gutenberg.org/ebooks/26752
The Monkey's Paw,W. W. Jacobs,4625 downloads,https://www.gutenberg.org/ebooks/12122
Essays of Schopenhauer,Arthur Schopenhauer,4625 downloads,https://www.gutenberg.org/ebooks/11945
"Frankenstein; Or, The Modern Prometheus",Mary Wollstonecraft Shelley,4620 downloads,https://www.gutenberg.org/ebooks/20038
"The Ladies' Book of Etiquette, and Manual of Politeness",Florence Hartley,4620 downloads,https://www.gutenberg.org/ebooks/35123
Jeremiah : Being The Baird Lecture for 1922,George Adam Smith,4619 downloads,https://www.gutenberg.org/ebooks/27351
Etiquette,Emily Post,4618 downloads,https://www.gutenberg.org/ebooks/14314
The Huguenots in France,Samuel Smiles,4616 downloads,https://www.gutenberg.org/ebooks/26524
"A Theodicy, or, Vindication of the Divine Glory",Albert Taylor Bledsoe,4612 downloads,https://www.gutenberg.org/ebooks/27869
Jewish Literature and Other Essays,Gustav Karpeles,4611 downloads,https://www.gutenberg.org/ebooks/27901
A Dictionary of Cebuano Visayan,John U. Wolff,4595 downloads,https://www.gutenberg.org/ebooks/40074
Demian,Hermann Hesse,4592 downloads,https://www.gutenberg.org/ebooks/74222
The Perpetual Curate,Mrs. Oliphant,4591 downloads,https://www.gutenberg.org/ebooks/28006
Persuasion,Jane Austen,4589 downloads,https://www.gutenberg.org/ebooks/22963
Fundamental Principles of the Metaphysic of Morals,Immanuel Kant,4581 downloads,https://www.gutenberg.org/ebooks/5682
"The Influence of Sea Power Upon History, 1660-1783",A. T. Mahan,4578 downloads,https://www.gutenberg.org/ebooks/13529
Reels and Spindles: A Story of Mill Life,Evelyn Raymond,4572 downloads,https://www.gutenberg.org/ebooks/27613
Myths of the Cherokee,James Mooney,4569 downloads,https://www.gutenberg.org/ebooks/45634
Memoirs of the Jacobites of 1715 and 1745. Volume I.,Mrs. A. T. Thomson,4567 downloads,https://www.gutenberg.org/ebooks/20946
The Ocean Wireless Boys and the Naval Code,John Henry Goldfrap,4564 downloads,https://www.gutenberg.org/ebooks/26778
"Caspar Hauser; oder, Die Trägheit des Herzens, Roman (German)",Jakob Wassermann,4562 downloads,https://www.gutenberg.org/ebooks/25721
Werwolves,Elliott O'Donnell,4560 downloads,https://www.gutenberg.org/ebooks/26629
"A Literary History of the English People, from the Origins to the Renaissance",J. J. Jusserand,4548 downloads,https://www.gutenberg.org/ebooks/22049
The sea-gull,Anton Pavlovich Chekhov,4546 downloads,https://www.gutenberg.org/ebooks/1754
"The Best of the World's Classics,  Restricted to prose. Volume I (of X) - Greece",Unknown / Various,4544 downloads,https://www.gutenberg.org/ebooks/20907
Negro Folk Rhymes,Thomas Washington Talley,4538 downloads,https://www.gutenberg.org/ebooks/27195
"Himmelsvolk: Ein Buch von Blumen, Tieren und Gott (German)",Waldemar Bonsels,4535 downloads,https://www.gutenberg.org/ebooks/27220
Tales of Space and Time,H. G. Wells,4533 downloads,https://www.gutenberg.org/ebooks/27365
Nights in London,Thomas Burke,4527 downloads,https://www.gutenberg.org/ebooks/23605
"Famous Sea Fights, from Salamis to Tsu-Shima",A. Hilliard Atteridge,4523 downloads,https://www.gutenberg.org/ebooks/25088
Little Dorrit,Charles Dickens,4518 downloads,https://www.gutenberg.org/ebooks/9715
Faust: Eine Tragödie [erster Teil] (German),Johann Wolfgang von Goethe,4514 downloads,https://www.gutenberg.org/ebooks/21000
The World's Greatest Books — Volume 14 — Philosophy and Economics,Unknown / Various,4512 downloads,https://www.gutenberg.org/ebooks/25009
The Children of Odin: The Book of Northern Myths,Padraic Colum,4509 downloads,https://www.gutenberg.org/ebooks/24737
Laws,Plato,4507 downloads,https://www.gutenberg.org/ebooks/1750
An Elementary Study of Chemistry,William McPherson and William Edwards Henderson,4501 downloads,https://www.gutenberg.org/ebooks/20848
The Medicinal Plants of the Philippines,T. H. Pardo de Tavera,4493 downloads,https://www.gutenberg.org/ebooks/26393
"Delineations of the Ox Tribe: The Natural History of Bulls, Bisons, and Buffaloes.",George Vasey,4490 downloads,https://www.gutenberg.org/ebooks/27975
The Four Million,O. Henry,4487 downloads,https://www.gutenberg.org/ebooks/22442
Bunte Steine: Ein Festgeschenk (German),Adalbert Stifter,4487 downloads,https://www.gutenberg.org/ebooks/29553
Os deputados brasileiros nas Côrtes Geraes de 1821 (Portuguese),Manuel Emílio Gomes de Carvalho,4487 downloads,https://www.gutenberg.org/ebooks/24824
Twas the Night before Christmas: A Visit from St. Nicholas,Clement Clarke Moore,4486 downloads,https://www.gutenberg.org/ebooks/17135
Democracy in America — Volume 2,Alexis de Tocqueville,4478 downloads,https://www.gutenberg.org/ebooks/816
"George at the Fort; Or, Life Among the Soldiers",Harry Castlemon,4471 downloads,https://www.gutenberg.org/ebooks/21664
Portugal e Brazil: emigração e colonisação (Portuguese),D. A. Gomes Pércheiro,4471 downloads,https://www.gutenberg.org/ebooks/27964
The Aesop for Children,Aesop,4467 downloads,https://www.gutenberg.org/ebooks/19994
"Cathedrals and Cloisters of the South of France, Volume 1",Elise Whitlock Rose,4464 downloads,https://www.gutenberg.org/ebooks/22718
"Memoirs and Correspondence of Admiral Lord de Saumarez, Vol. I",Sir John Ross,4463 downloads,https://www.gutenberg.org/ebooks/26031
Margarita's Soul: The Romantic Recollections of a Man of Fifty,Josephine Daskam Bacon,4462 downloads,https://www.gutenberg.org/ebooks/26277
The Goose Man,Jakob Wassermann,4452 downloads,https://www.gutenberg.org/ebooks/25345
The island of Dr. Moreau,H. G. Wells,4451 downloads,https://www.gutenberg.org/ebooks/28840
When Winter Comes to Main Street,Grant M. Overton,4448 downloads,https://www.gutenberg.org/ebooks/27116
Debts of Honor,Mór Jókai,4448 downloads,https://www.gutenberg.org/ebooks/22757
Amusements in Mathematics,Henry Ernest Dudeney,4447 downloads,https://www.gutenberg.org/ebooks/16713
The Dynasts,Thomas Hardy,4444 downloads,https://www.gutenberg.org/ebooks/9419
A Little Girl in Old Philadelphia,Amanda M. Douglas,4440 downloads,https://www.gutenberg.org/ebooks/28648
The Two Great Retreats of History,George Grote and comte de Philippe-Paul Ségur,4435 downloads,https://www.gutenberg.org/ebooks/26390
The Essays of Arthur Schopenhauer; Counsels and Maxims,Arthur Schopenhauer,4435 downloads,https://www.gutenberg.org/ebooks/10715
A Complete Guide to Heraldry,Arthur Charles Fox-Davies,4434 downloads,https://www.gutenberg.org/ebooks/41617
Short Stories of Various Types,Unknown / Various,4432 downloads,https://www.gutenberg.org/ebooks/20831
In Kings' Byways,Stanley John Weyman,4432 downloads,https://www.gutenberg.org/ebooks/22334
How to Live on 24 Hours a Day,Arnold Bennett,4427 downloads,https://www.gutenberg.org/ebooks/2274
"The Letters of Charles Dickens. Vol. 2, 1857-1870",Charles Dickens,4426 downloads,https://www.gutenberg.org/ebooks/25853
"Seneca's Morals of a Happy Life, Benefits, Anger and Clemency",Lucius Annaeus Seneca,4426 downloads,https://www.gutenberg.org/ebooks/56075
韓湘子全傳 (Chinese),active 17th century Erzeng Yang,4424 downloads,https://www.gutenberg.org/ebooks/24231
The Road to Oz,L. Frank Baum,4415 downloads,https://www.gutenberg.org/ebooks/21174
Revelations of Divine Love,of Norwich Julian,4415 downloads,https://www.gutenberg.org/ebooks/52958
What Nietzsche Taught,Willard Huntington Wright,4413 downloads,https://www.gutenberg.org/ebooks/53622
Union and Democracy,Allen Johnson,4408 downloads,https://www.gutenberg.org/ebooks/22461
Two Years with the Natives in the Western Pacific,Felix Speiser,4408 downloads,https://www.gutenberg.org/ebooks/27578
Der Skorpion. Band 2 (German),Anna Elisabet Weirauch,4406 downloads,https://www.gutenberg.org/ebooks/75685
The Varmint,Owen Johnson,4403 downloads,https://www.gutenberg.org/ebooks/25272
The Gods of Mars,Edgar Rice Burroughs,4403 downloads,https://www.gutenberg.org/ebooks/21519
The Branding Iron,Katharine Newlin Burt,4401 downloads,https://www.gutenberg.org/ebooks/25835
Manhood of Humanity.,Alfred Korzybski,4397 downloads,https://www.gutenberg.org/ebooks/25457
Daniel Boone: The Pioneer of Kentucky,John S. C. Abbott,4397 downloads,https://www.gutenberg.org/ebooks/23798
The Evolution of Modern Capitalism: A Study of Machine Production,J. A. Hobson,4390 downloads,https://www.gutenberg.org/ebooks/28284
The Story of the Heavens,Robert S. Ball,4382 downloads,https://www.gutenberg.org/ebooks/27378
"Evolution, Old & New",Samuel Butler,4381 downloads,https://www.gutenberg.org/ebooks/23427
The Critique of Practical Reason,Immanuel Kant,4379 downloads,https://www.gutenberg.org/ebooks/5683
The Subjection of Women,John Stuart Mill,4374 downloads,https://www.gutenberg.org/ebooks/27083
"The best short stories of 1919, and the yearbook of the American short story",Unknown / Various,4373 downloads,https://www.gutenberg.org/ebooks/23445
The Last of the Mohicans: A Narrative of 1757,James Fenimore Cooper,4370 downloads,https://www.gutenberg.org/ebooks/27681
"Blackie & Son's Books for Young People, Catalogue - 1898",Blackie & Son,4370 downloads,https://www.gutenberg.org/ebooks/44556
"The Birth of Yugoslavia, Volume 2",Henry Baerlein,4367 downloads,https://www.gutenberg.org/ebooks/24781
India and the Indians,Edward Fenton Elwin,4366 downloads,https://www.gutenberg.org/ebooks/27886
The Clansman: An Historical Romance of the Ku Klux Klan,Jr. Thomas Dixon,4363 downloads,https://www.gutenberg.org/ebooks/26240
"History of the English People, Volume V",John Richard Green,4359 downloads,https://www.gutenberg.org/ebooks/23642
Allan Quatermain,H. Rider Haggard,4358 downloads,https://www.gutenberg.org/ebooks/21440
The Flag,Homer Greene,4354 downloads,https://www.gutenberg.org/ebooks/25188
Studien und Plaudereien. First Series (German),Sigmon M. Stern,4353 downloads,https://www.gutenberg.org/ebooks/22160
Robin Redbreast: A Story for Girls,Mrs. Molesworth,4350 downloads,https://www.gutenberg.org/ebooks/26085
Major Vigoureux,Arthur Quiller-Couch,4347 downloads,https://www.gutenberg.org/ebooks/20863
The Book of the National Parks,Robert Sterling Yard,4346 downloads,https://www.gutenberg.org/ebooks/27513
The Will to Power: An Attempted Transvaluation of All Values. Book I and II,Friedrich Wilhelm Nietzsche,4344 downloads,https://www.gutenberg.org/ebooks/52914
"Doctrina Christiana (Spanish) (Tagalog)",Unknown / Various,4341 downloads,https://www.gutenberg.org/ebooks/16119
Philippine Folk Tales,Unknown / Various,4341 downloads,https://www.gutenberg.org/ebooks/12814
"The Case of Wagner, Nietzsche Contra Wagner, and Selected Aphorisms.",Friedrich Wilhelm Nietzsche,4341 downloads,https://www.gutenberg.org/ebooks/25012
Heart of the World,H. Rider Haggard,4340 downloads,https://www.gutenberg.org/ebooks/22454
"The Coming Wave; Or, The Hidden Treasure of High Rock",Oliver Optic,4335 downloads,https://www.gutenberg.org/ebooks/23773
Aesop's Fables - Volume 08,Aesop,4333 downloads,https://www.gutenberg.org/ebooks/19623
"Character Sketches of Romance, Fiction and the Drama, Vol. 3",Ebenezer Cobham Brewer,4329 downloads,https://www.gutenberg.org/ebooks/20851
Fenimore Cooper's Literary Offences,Mark Twain,4318 downloads,https://www.gutenberg.org/ebooks/3172
The Warden,Anthony Trollope,4310 downloads,https://www.gutenberg.org/ebooks/26287
Martin Eden,Jack London,4305 downloads,https://www.gutenberg.org/ebooks/1056
"Three years in the Sixth Corps :  A concise narrative of events in the Army of the Potomac, from 1861 to the close of the rebellion, April, 1865",George T. Stevens,4304 downloads,https://www.gutenberg.org/ebooks/21976
Mother Goose in Prose,L. Frank Baum,4304 downloads,https://www.gutenberg.org/ebooks/21150
My Mark Twain,William Dean Howells,4303 downloads,https://www.gutenberg.org/ebooks/22450
By Conduct and Courage: A Story of the Days of Nelson,G. A. Henty,4302 downloads,https://www.gutenberg.org/ebooks/28357
Our Mutual Friend,Charles Dickens,4301 downloads,https://www.gutenberg.org/ebooks/883
"Historia de la literatura y del arte dramático en España, tomo II (Spanish)",Adolf Friedrich von Schack,4301 downloads,https://www.gutenberg.org/ebooks/25988
"The Life of George Washington, Vol. 1",John Marshall,4298 downloads,https://www.gutenberg.org/ebooks/18591
The Grell Mystery,Frank Froest,4298 downloads,https://www.gutenberg.org/ebooks/22173
鏡花緣 (Chinese),Ruzhen Li,4296 downloads,https://www.gutenberg.org/ebooks/25377
Aves Migradoras (Portuguese),Fialho de Almeida,4294 downloads,https://www.gutenberg.org/ebooks/22622
My Studio Neighbors,W. Hamilton Gibson,4291 downloads,https://www.gutenberg.org/ebooks/22165
The Border Watch: A Story of the Great Chief's Last Stand,Joseph A. Altsheler,4288 downloads,https://www.gutenberg.org/ebooks/25186
The vision of hell.,Dante Alighieri,4286 downloads,https://www.gutenberg.org/ebooks/8789
Med Luftskib til Mars: Fantastisk Fremtidsfortælling (Danish),Niels Meyn and August Klingsey,4286 downloads,https://www.gutenberg.org/ebooks/66058
The Blue Fairy Book,Andrew Lang,4285 downloads,https://www.gutenberg.org/ebooks/503
Aesop's Fables - Volume 04,Aesop,4284 downloads,https://www.gutenberg.org/ebooks/19619
The Fortunes and Misfortunes of the Famous Moll Flanders,Daniel Defoe,4283 downloads,https://www.gutenberg.org/ebooks/26583
Mare nostrum (Spanish),Vicente Blasco Ibáñez,4278 downloads,https://www.gutenberg.org/ebooks/23236
The Watchers of the Plains: A Tale of the Western Prairies,Ridgwell Cullum,4278 downloads,https://www.gutenberg.org/ebooks/27521
The Chronicles of a Gay Gordon,J. M. Gordon,4278 downloads,https://www.gutenberg.org/ebooks/27362
A Vindication of the Rights of Woman,Mary Wollstonecraft,4274 downloads,https://www.gutenberg.org/ebooks/26590
Jack and Jill,Louisa May Alcott,4271 downloads,https://www.gutenberg.org/ebooks/22451
Studies in Literature and History,Sir Alfred C. Lyall,4269 downloads,https://www.gutenberg.org/ebooks/25937
Electricity for Boys,James Slough Zerbe,4267 downloads,https://www.gutenberg.org/ebooks/22766
"Campaigns of a Non-Combatant, and His Romaunt Abroad During the War",George Alfred Townsend,4265 downloads,https://www.gutenberg.org/ebooks/23340
"Letters to His Son, Complete",Earl of Philip Dormer Stanhope Chesterfield,4264 downloads,https://www.gutenberg.org/ebooks/3361
Sprookjes: Tweede verzameling (Dutch),Jacob Grimm and Wilhelm Grimm,4263 downloads,https://www.gutenberg.org/ebooks/22555
An African Adventure,Isaac Frederick Marcosson,4258 downloads,https://www.gutenberg.org/ebooks/25569
Malay Magic,Walter William Skeat,4256 downloads,https://www.gutenberg.org/ebooks/47873
"Madame Bovary: A Tale of Provincial Life, Vol. 1 (of 2)",Gustave Flaubert,4255 downloads,https://www.gutenberg.org/ebooks/27575
The Principles of English Versification,Paull F. Baum,4255 downloads,https://www.gutenberg.org/ebooks/21342
The Chautauqua Girls At Home,Pansy,4255 downloads,https://www.gutenberg.org/ebooks/26742
"The Letters of Charles Dickens. Vol. 3, 1836-1870",Charles Dickens,4254 downloads,https://www.gutenberg.org/ebooks/25854
Notre-Dame de Paris - Tome 1 (French),Victor Hugo,4254 downloads,https://www.gutenberg.org/ebooks/70891
The Theory of the Leisure Class,Thorstein Veblen,4252 downloads,https://www.gutenberg.org/ebooks/833
Country of the Pointed Firs,Sarah Orne Jewett,4251 downloads,https://www.gutenberg.org/ebooks/19685
The Tempest,William Shakespeare,4251 downloads,https://www.gutenberg.org/ebooks/23042
Histoire de France 1724-1759 (Volume 18/19) (French),Jules Michelet,4250 downloads,https://www.gutenberg.org/ebooks/26859
"Human, All-Too-Human: A Book for Free Spirits, Part 2",Friedrich Wilhelm Nietzsche,4248 downloads,https://www.gutenberg.org/ebooks/37841
"Lives of the Most Eminent Painters Sculptors and Architects, Vol. 03 (of 10)",Giorgio Vasari,4248 downloads,https://www.gutenberg.org/ebooks/26860
Naked holiday,Robert Silverberg,4239 downloads,https://www.gutenberg.org/ebooks/79351
The Golden Bough: A Study of Magic and Religion,James George Frazer,4238 downloads,https://www.gutenberg.org/ebooks/3623
The Book-Hunter,John Hill Burton,4236 downloads,https://www.gutenberg.org/ebooks/22136
The Iron Pirate: A Plain Tale of Strange Happenings on the Sea,Max Pemberton,4233 downloads,https://www.gutenberg.org/ebooks/26514
Imaginary Conversations and Poems: A Selection,Walter Savage Landor,4228 downloads,https://www.gutenberg.org/ebooks/21628
The Olive Fairy Book,Unknown / Various,4227 downloads,https://www.gutenberg.org/ebooks/27826
Bede's Ecclesiastical History of England,Saint the Venerable Bede,4227 downloads,https://www.gutenberg.org/ebooks/38326
"Encyclopaedia Britannica, 11th Edition, ""Austria, Lower"" to ""Bacon""",Various,4224 downloads,https://www.gutenberg.org/ebooks/27478
"Impressions of America During the Years 1833, 1834 and 1835. Volume 2 (of 2)",Tyrone Power,4224 downloads,https://www.gutenberg.org/ebooks/23284
Change in the Village,George Sturt,4222 downloads,https://www.gutenberg.org/ebooks/27518
Napoleon (Dutch),Herman Théodore Chappuis,4219 downloads,https://www.gutenberg.org/ebooks/27883
Flatland: A Romance of Many Dimensions,Edwin Abbott Abbott,4219 downloads,https://www.gutenberg.org/ebooks/201
Dokter Helmond en zijn vrouw (Dutch),Jacobus Jan Cremer,4215 downloads,https://www.gutenberg.org/ebooks/25138
The Practice and Science of Drawing,Harold Speed,4207 downloads,https://www.gutenberg.org/ebooks/14264
"The Brochure Series of Architectural Illustration, Vol. 01, No. 09 1895",Various,4206 downloads,https://www.gutenberg.org/ebooks/25735
"Sketches by Boz, illustrative of everyday life and every-day people",Charles Dickens,4202 downloads,https://www.gutenberg.org/ebooks/9733
"The Joyful Wisdom (""La Gaya Scienza"")",Friedrich Wilhelm Nietzsche,4201 downloads,https://www.gutenberg.org/ebooks/52881
The Scarlet Pimpernel,Baroness Emmuska Orczy Orczy,4201 downloads,https://www.gutenberg.org/ebooks/60
Aesop's Fables - Volume 07,Aesop,4200 downloads,https://www.gutenberg.org/ebooks/19622
The Flourishing of Romance and the Rise of Allegory,George Saintsbury,4196 downloads,https://www.gutenberg.org/ebooks/21600
L'art roman dans le Sud-Manche: Album (French),Marie Lebert,4194 downloads,https://www.gutenberg.org/ebooks/33250
The Approach to Philosophy,Ralph Barton Perry,4193 downloads,https://www.gutenberg.org/ebooks/25110
Timaeus,Plato,4190 downloads,https://www.gutenberg.org/ebooks/1572
The Elementary Forms of the Religious Life,Émile Durkheim,4189 downloads,https://www.gutenberg.org/ebooks/41360
三國志演義 (Chinese),Guanzhong Luo,4187 downloads,https://www.gutenberg.org/ebooks/23950
The Convert,Elizabeth Robins,4186 downloads,https://www.gutenberg.org/ebooks/26420
The Sceptical Chymist,Robert Boyle,4184 downloads,https://www.gutenberg.org/ebooks/22914
The Outline of History: Being a Plain History of Life and Mankind,H. G. Wells,4184 downloads,https://www.gutenberg.org/ebooks/45368
Devotions Upon Emergent Occasions; Together with Death's Duel,John Donne,4182 downloads,https://www.gutenberg.org/ebooks/23772
Der Dunkelgraf (German),Ludwig Bechstein,4180 downloads,https://www.gutenberg.org/ebooks/24782
"The Works of Guy de Maupassant, Vol. 1",Guy de Maupassant,4180 downloads,https://www.gutenberg.org/ebooks/21327
Babylonians and Assyrians :  Life and customs,A. H. Sayce,4167 downloads,https://www.gutenberg.org/ebooks/25080
"The Essays or Counsels, Civil and Moral",Francis Bacon,4163 downloads,https://www.gutenberg.org/ebooks/575
"Mémoires de Hector Berlioz (French)",Hector Berlioz,4159 downloads,https://www.gutenberg.org/ebooks/26370
"The Roman Traitor, Vol. 1",Henry William Herbert,4157 downloads,https://www.gutenberg.org/ebooks/25092
On the Duty of Civil Disobedience,Henry David Thoreau,4156 downloads,https://www.gutenberg.org/ebooks/71
"Heimskringla; Or, The Chronicle of the Kings of Norway",Snorri Sturluson,4156 downloads,https://www.gutenberg.org/ebooks/598
The Diamond Coterie,Lawrence L. Lynch,4149 downloads,https://www.gutenberg.org/ebooks/25695
Romance of Roman Villas (The Renaissance),Elizabeth W. Champney,4149 downloads,https://www.gutenberg.org/ebooks/27766
Aesop's Fables - Volume 02,Aesop,4144 downloads,https://www.gutenberg.org/ebooks/19617
"Library of the World's Best Literature, Ancient and Modern — Volume 11",Unknown / Various,4138 downloads,https://www.gutenberg.org/ebooks/25015
With Cochrane the Dauntless,G. A. Henty,4138 downloads,https://www.gutenberg.org/ebooks/25993
The Strange Adventures of Mr. Middleton,Wardon Allan Curtis,4137 downloads,https://www.gutenberg.org/ebooks/27917
"Beatrice d'Este, Duchess of Milan, 1475-1497",Julia Cartwright,4136 downloads,https://www.gutenberg.org/ebooks/25622
"Aratra Pentelici, Seven Lectures on the Elements of Sculpture",John Ruskin,4136 downloads,https://www.gutenberg.org/ebooks/25897
Wit and Wisdom of Don Quixote,Miguel de Cervantes Saavedra,4135 downloads,https://www.gutenberg.org/ebooks/24754
"Right Ho, Jeeves",P. G. Wodehouse,4134 downloads,https://www.gutenberg.org/ebooks/26303
"The Letters of Charles Dickens. Vol. 1, 1833-1856",Charles Dickens,4132 downloads,https://www.gutenberg.org/ebooks/25852
"Thomas Davis, selections from his prose and poetry",Thomas Davis,4131 downloads,https://www.gutenberg.org/ebooks/21210
Dorothy and the Wizard in Oz,L. Frank Baum,4124 downloads,https://www.gutenberg.org/ebooks/19450
Standish of Standish: A Story of the Pilgrims,Jane G. Austin,4123 downloads,https://www.gutenberg.org/ebooks/22052
The Prince,Niccolò Machiavelli,4118 downloads,https://www.gutenberg.org/ebooks/57037
Andersen's Fairy Tales,H. C. Andersen,4114 downloads,https://www.gutenberg.org/ebooks/19574
The Mind and the Brain,Alfred Binet,4114 downloads,https://www.gutenberg.org/ebooks/21077
Farm drainage,Henry F. French,4111 downloads,https://www.gutenberg.org/ebooks/23435
The Iliad of Homer,Homer,4110 downloads,https://www.gutenberg.org/ebooks/16452
"Robert Burns. Vol. 2, Les Oeuvres (French)",Auguste Angellier,4110 downloads,https://www.gutenberg.org/ebooks/27451
"Pilgrimage from the Alps to the Tiber :  or, The influence of Romanism on trade, justice, and knowledge",J. A. Wylie,4099 downloads,https://www.gutenberg.org/ebooks/28294
The Imitation of Christ,à Kempis Thomas,4098 downloads,https://www.gutenberg.org/ebooks/1653
"Critical, Historical, and Miscellaneous Essays; Vol. 1",Baron Thomas Babington Macaulay Macaulay,4096 downloads,https://www.gutenberg.org/ebooks/55901
The Life of Reason: The Phases of Human Progress,George Santayana,4088 downloads,https://www.gutenberg.org/ebooks/15000
"The Writings of James Russell Lowell in Prose and Poetry, Volume V",James Russell Lowell,4087 downloads,https://www.gutenberg.org/ebooks/22609
The Kingdom Round the Corner: A Novel,Coningsby Dawson,4087 downloads,https://www.gutenberg.org/ebooks/25702
"Lives of the Most Eminent Painters Sculptors and Architects, Vol. 02 (of 10)",Giorgio Vasari,4083 downloads,https://www.gutenberg.org/ebooks/25759
A General Introduction to Psychoanalysis,Sigmund Freud,4079 downloads,https://www.gutenberg.org/ebooks/38219
池北偶談 (Chinese),Shizhen Wang,4071 downloads,https://www.gutenberg.org/ebooks/25162
Reincarnation and the Law of Karma,William Walker Atkinson,4062 downloads,https://www.gutenberg.org/ebooks/26364
The Task of Social Hygiene,Havelock Ellis,4056 downloads,https://www.gutenberg.org/ebooks/22090
The Philosophy of Friedrich Nietzsche,H. L. Mencken,4055 downloads,https://www.gutenberg.org/ebooks/49316
An Occurrence at Owl Creek Bridge,Ambrose Bierce,4054 downloads,https://www.gutenberg.org/ebooks/375
"Thrilling Narratives of Mutiny, Murder and Piracy",Anonymous,4054 downloads,https://www.gutenberg.org/ebooks/25982
History of the Comstock Patent Medicine Business and Dr. Morse's Indian Root Pills,Robert B. Shaw,4052 downloads,https://www.gutenberg.org/ebooks/13397
The Green Rust,Edgar Wallace,4051 downloads,https://www.gutenberg.org/ebooks/24929
The Souls of Black Folk,W. E. B. Du Bois,4050 downloads,https://www.gutenberg.org/ebooks/28844
Ancient law :  its connection to the history of early society,Sir Henry Sumner Maine,4046 downloads,https://www.gutenberg.org/ebooks/22910
Contributions to the Theory of Natural Selection,Alfred Russel Wallace,4046 downloads,https://www.gutenberg.org/ebooks/22428
"Royal Edinburgh: Her Saints, Kings, Prophets and Poets",Mrs. Oliphant,4045 downloads,https://www.gutenberg.org/ebooks/25701
Sonnets,William Shakespeare,4045 downloads,https://www.gutenberg.org/ebooks/23970
Onder Moeders Vleugels (Dutch),Louisa May Alcott,4040 downloads,https://www.gutenberg.org/ebooks/26299
Aspects of the novel,E. M. Forster,4040 downloads,https://www.gutenberg.org/ebooks/70492
Omoo: Adventures in the South Seas,Herman Melville,4039 downloads,https://www.gutenberg.org/ebooks/9268
Kant's Critique of Judgement,Immanuel Kant,4036 downloads,https://www.gutenberg.org/ebooks/48433
My Reminiscences of the Anglo-Boer War,Ben J. Viljoen,4035 downloads,https://www.gutenberg.org/ebooks/25049
The Hero,W. Somerset Maugham,4033 downloads,https://www.gutenberg.org/ebooks/27063
Bird of Paradise,Ada Leverson,4030 downloads,https://www.gutenberg.org/ebooks/27323
"Experiences of a Dug-out, 1914-1918",Sir C. E. Callwell,4029 downloads,https://www.gutenberg.org/ebooks/21833
At Good Old Siwash,George Fitch,4028 downloads,https://www.gutenberg.org/ebooks/25163
The Children's Book of London,G. E. Mitton,4024 downloads,https://www.gutenberg.org/ebooks/25804
Woyzeck (German),Georg Büchner,4023 downloads,https://www.gutenberg.org/ebooks/21185
Self Help; with Illustrations of Conduct and Perseverance,Samuel Smiles,4022 downloads,https://www.gutenberg.org/ebooks/935
Red-tape and pigeon-hole generals :  as seen from the ranks during a campaign in the Army of the Potomac,"William Hepburn Armstrong, Henry Morford, and Jacob G. Frick",4019 downloads,https://www.gutenberg.org/ebooks/23565
East of Eden,Isa Glenn,4016 downloads,https://www.gutenberg.org/ebooks/75781
"A Practical View of the Prevailing Religious System of Professed Christians, in the Middle and Higher Classes in this Country, Contrasted with Real Christianity.",William Wilberforce,4016 downloads,https://www.gutenberg.org/ebooks/25709
Crooked Trails and Straight,William MacLeod Raine,4016 downloads,https://www.gutenberg.org/ebooks/26911
Kalevala : the Epic Poem of Finland — Complete,Unknown / Various,4009 downloads,https://www.gutenberg.org/ebooks/5186
"Impressions of America During the Years 1833, 1834 and 1835. Volume 1 (of 2)",Tyrone Power,4006 downloads,https://www.gutenberg.org/ebooks/22796
Macbeth,William Shakespeare,4005 downloads,https://www.gutenberg.org/ebooks/2264
"Aladdin of London; Or, Lodestar",Max Pemberton,4002 downloads,https://www.gutenberg.org/ebooks/28326
The Ontario High School Reader,Aletta E. Marty,4001 downloads,https://www.gutenberg.org/ebooks/22795
"Lincoln's Birthday :  a comprehensive view of Lincoln as given in the most noteworthy essays, orations and poems, in fiction and in Lincoln's own writings",Unknown / Various,4001 downloads,https://www.gutenberg.org/ebooks/21267
Bussy D'Ambois and The Revenge of Bussy D'Ambois,George Chapman,4001 downloads,https://www.gutenberg.org/ebooks/20890
A Wayfarer in China,Elizabeth Kimball Kendall,3998 downloads,https://www.gutenberg.org/ebooks/27481
The Art of Stage Dancing,Ned Wayburn,3995 downloads,https://www.gutenberg.org/ebooks/27367
The Little Colonel's Christmas Vacation,Annie F. Johnston,3991 downloads,https://www.gutenberg.org/ebooks/26215
Ozma of Oz,L. Frank Baum,3990 downloads,https://www.gutenberg.org/ebooks/23075
The Prairie Mother,Arthur Stringer,3985 downloads,https://www.gutenberg.org/ebooks/26011
Love Among the Chickens,P. G. Wodehouse,3985 downloads,https://www.gutenberg.org/ebooks/26579
The Trail of '98: A Northland Romance,Robert W. Service,3977 downloads,https://www.gutenberg.org/ebooks/22063
Natural Law in the Spiritual World,Henry Drummond,3974 downloads,https://www.gutenberg.org/ebooks/23334
The Flowers of Evil,Charles Baudelaire,3971 downloads,https://www.gutenberg.org/ebooks/36098
"Minor Dialogues, Together With the Dialogue on Clemency",Lucius Annaeus Seneca,3966 downloads,https://www.gutenberg.org/ebooks/64576
1001 задача для умственного счета (Russian),Sergei Aleksandrovich Rachinskii,3965 downloads,https://www.gutenberg.org/ebooks/16527
The Art of War,baron de Antoine Henri Jomini,3964 downloads,https://www.gutenberg.org/ebooks/13549
Manasseh: A Romance of Transylvania,Mór Jókai,3963 downloads,https://www.gutenberg.org/ebooks/20892
"Plutarch's Lives, Volume 1 (of 4)",Plutarch,3962 downloads,https://www.gutenberg.org/ebooks/14033
Mountain Blood: A Novel,Joseph Hergesheimer,3960 downloads,https://www.gutenberg.org/ebooks/27447
"The Talking Horse, and Other Tales",F. Anstey,3958 downloads,https://www.gutenberg.org/ebooks/27284
The Merry-Go-Round,Carl Van Vechten,3958 downloads,https://www.gutenberg.org/ebooks/26320
"The History of England, from the Accession of",Baron Thomas Babington Macaulay Macaulay,3958 downloads,https://www.gutenberg.org/ebooks/20275
"Betuwsche novellen, en Een reisgezelschap (Dutch)",Jacobus Jan Cremer,3958 downloads,https://www.gutenberg.org/ebooks/26483
Discourses on the First Decade of Titus Livius,Niccolò Machiavelli,3957 downloads,https://www.gutenberg.org/ebooks/10827
Little Men,Louisa May Alcott,3956 downloads,https://www.gutenberg.org/ebooks/22787
Die Leute von Seldwyla — Band 2 (German),Gottfried Keller,3956 downloads,https://www.gutenberg.org/ebooks/28042
The Hesperides & Noble Numbers: Vol. 1 and 2,Robert Herrick,3956 downloads,https://www.gutenberg.org/ebooks/22421
Old Ebenezer,Opie Percival Read,3951 downloads,https://www.gutenberg.org/ebooks/23215
Children of the Tenements,Jacob A. Riis,3950 downloads,https://www.gutenberg.org/ebooks/21583
The Choice of Life,Georgette Leblanc,3947 downloads,https://www.gutenberg.org/ebooks/22411
A Vindication of the Rights of Woman,Mary Wollstonecraft,3945 downloads,https://www.gutenberg.org/ebooks/3420
Far from the Madding Crowd,Thomas Hardy,3945 downloads,https://www.gutenberg.org/ebooks/107
The poetic Edda :  Translated from the Icelandic with an introduction and notes,Unknown / Various,3943 downloads,https://www.gutenberg.org/ebooks/73533
The Master Key,L. Frank Baum,3940 downloads,https://www.gutenberg.org/ebooks/21526
"The English Utilitarians, Volume 2 (of 3)",Leslie Stephen,3936 downloads,https://www.gutenberg.org/ebooks/25788
"The Bible, King James Version, Complete Contents",Anonymous,3936 downloads,https://www.gutenberg.org/ebooks/7999
Aesop's Fables - Volume 06,Aesop,3936 downloads,https://www.gutenberg.org/ebooks/19621
The Clue of the Twisted Candle,Edgar Wallace,3935 downloads,https://www.gutenberg.org/ebooks/28839
金瓶梅 (Chinese),Xiaoxiaosheng,3934 downloads,https://www.gutenberg.org/ebooks/52200
I manifesti del futurismo (Italian),F. T. Marinetti,3934 downloads,https://www.gutenberg.org/ebooks/28144
Marjorie's Busy Days,Carolyn Wells,3927 downloads,https://www.gutenberg.org/ebooks/23531
Richard I,Jacob Abbott,3921 downloads,https://www.gutenberg.org/ebooks/26939
The Hero of Garside School,J. Harwood Panting,3920 downloads,https://www.gutenberg.org/ebooks/26392
"The Life of George Washington, Vol. 2",John Marshall,3918 downloads,https://www.gutenberg.org/ebooks/18592
The Book of Romance,Unknown / Various,3917 downloads,https://www.gutenberg.org/ebooks/26646
The Red Record,Ida B. Wells-Barnett,3914 downloads,https://www.gutenberg.org/ebooks/14977
Experiments and Considerations Touching Colours (1664),Robert Boyle,3913 downloads,https://www.gutenberg.org/ebooks/14504
A Small Boy and Others,Henry James,3912 downloads,https://www.gutenberg.org/ebooks/26115
"The Great Events by Famous Historians, Volume 11",Unknown / Various,3911 downloads,https://www.gutenberg.org/ebooks/25821
"Northern Travel: Summer and Winter Pictures of Sweden, Denmark and Lapland",Bayard Taylor,3911 downloads,https://www.gutenberg.org/ebooks/25371
A Little Princess,Frances Hodgson Burnett,3900 downloads,https://www.gutenberg.org/ebooks/19514
"Studies in the Psychology of Sex, Volume 1",Havelock Ellis,3900 downloads,https://www.gutenberg.org/ebooks/13610
"Dikes and Ditches; Or, Young America in Holland and Belgium",Oliver Optic,3899 downloads,https://www.gutenberg.org/ebooks/25485
"Little Journeys to the Homes of the Great, Volume 7",Elbert Hubbard,3898 downloads,https://www.gutenberg.org/ebooks/23761
"Lucy Maud Montgomery Short Stories, 1896 to 1901",L. M. Montgomery,3896 downloads,https://www.gutenberg.org/ebooks/24873
The Bishop's Secret,Fergus Hume,3895 downloads,https://www.gutenberg.org/ebooks/23474
What's Wrong with the World,G. K. Chesterton,3894 downloads,https://www.gutenberg.org/ebooks/1717
Reisontmoetingen van Joachim Polsbroekerwoud en zijne Vrienden (Dutch),Bernardus Gewin,3893 downloads,https://www.gutenberg.org/ebooks/26100
"Old Fort Snelling, 1819-1858",Marcus Lee Hansen,3891 downloads,https://www.gutenberg.org/ebooks/22719
Dead Souls,Nikolai Vasilevich Gogol,3891 downloads,https://www.gutenberg.org/ebooks/1081
Coronation Anecdotes,Giles Gossip,3887 downloads,https://www.gutenberg.org/ebooks/27589
The Making of Bobby Burnit,George Randolph Chester,3887 downloads,https://www.gutenberg.org/ebooks/26485
Aesop's Fables - Volume 11,Aesop,3883 downloads,https://www.gutenberg.org/ebooks/19626
A Voice in the Wilderness,Grace Livingston Hill,3882 downloads,https://www.gutenberg.org/ebooks/21219
Lady Chatterley's lover,D. H. Lawrence,3879 downloads,https://www.gutenberg.org/ebooks/73144
The World as Will and Idea (Vol. 3 of 3),Arthur Schopenhauer,3879 downloads,https://www.gutenberg.org/ebooks/40868
The Economic Aspect of Geology,C. K. Leith,3878 downloads,https://www.gutenberg.org/ebooks/27842
Little Journeys to the Homes of the Great - Volume 13,Elbert Hubbard,3877 downloads,https://www.gutenberg.org/ebooks/23458
"A Little Girl of Long Ago; Or, Hannah Ann",Amanda M. Douglas,3876 downloads,https://www.gutenberg.org/ebooks/23781
This Side of Paradise,F. Scott Fitzgerald,3874 downloads,https://www.gutenberg.org/ebooks/805
Fifteen Chapters of Autobiography,George William Erskine Russell,3874 downloads,https://www.gutenberg.org/ebooks/21624
Theaetetus,Plato,3873 downloads,https://www.gutenberg.org/ebooks/1726
"Baseball Joe Around the World; or, Pitching on a Grand Tour",Lester Chadwick,3870 downloads,https://www.gutenberg.org/ebooks/27338
The Water-Babies: A Fairy Tale for a Land-Baby,Charles Kingsley,3868 downloads,https://www.gutenberg.org/ebooks/25564
Audio: Vanity Fair,William Makepeace Thackeray,3867 downloads,https://www.gutenberg.org/ebooks/10558
Hester's Counterpart: A Story of Boarding School Life,Jean K. Baird,3867 downloads,https://www.gutenberg.org/ebooks/26973
Considerations on Representative Government,John Stuart Mill,3865 downloads,https://www.gutenberg.org/ebooks/5669
Totem und Tabu (German),Sigmund Freud,3863 downloads,https://www.gutenberg.org/ebooks/37065
The Travels of Marco Polo — Volume 2,Marco Polo and da Pisa Rusticiano,3861 downloads,https://www.gutenberg.org/ebooks/12410
Forty-Five Years of Digitizing Ebooks: Project Gutenberg's Practices,Gregory B. Newby,3861 downloads,https://www.gutenberg.org/ebooks/60600
John Gayther's Garden and the Stories Told Therein,Frank R. Stockton,3860 downloads,https://www.gutenberg.org/ebooks/22737
Plays of Sophocles: Oedipus the King; Oedipus at Colonus; Antigone,Sophocles,3860 downloads,https://www.gutenberg.org/ebooks/31
Famous Privateersmen and Adventurers of the Sea,Charles H. L. Johnston,3858 downloads,https://www.gutenberg.org/ebooks/26960
Oswald Langdon,Levi Jackson Hamilton,3858 downloads,https://www.gutenberg.org/ebooks/22221
The Young Railroaders,Francis Lovell Coombs,3858 downloads,https://www.gutenberg.org/ebooks/25868
"What Men Live By, and Other Tales",graf Leo Tolstoy,3858 downloads,https://www.gutenberg.org/ebooks/6157
Rinkitink in Oz,L. Frank Baum,3857 downloads,https://www.gutenberg.org/ebooks/25581
Civics and Health,William H. Allen,3855 downloads,https://www.gutenberg.org/ebooks/21353
A harum-scarum schoolgirl,Angela Brazil,3853 downloads,https://www.gutenberg.org/ebooks/24645
"Captain Canot; Or, Twenty Years of an African Slaver",Brantz Mayer and Theodore Canot,3851 downloads,https://www.gutenberg.org/ebooks/23034
The Analects of Confucius (from the Chinese Classics),Confucius,3850 downloads,https://www.gutenberg.org/ebooks/3330
The Alchemist,Ben Jonson,3849 downloads,https://www.gutenberg.org/ebooks/4081
The Twelfth Hour,Ada Leverson,3847 downloads,https://www.gutenberg.org/ebooks/27554
Greenmantle,John Buchan,3846 downloads,https://www.gutenberg.org/ebooks/23706
Cautionary Tales for Children,Hilaire Belloc,3846 downloads,https://www.gutenberg.org/ebooks/27424
Three Thousand Years of Mental Healing,George Barton Cutten,3844 downloads,https://www.gutenberg.org/ebooks/23101
Principles of Political Economy,John Stuart Mill,3844 downloads,https://www.gutenberg.org/ebooks/30107
Adam Bede,George Eliot,3843 downloads,https://www.gutenberg.org/ebooks/9672
What Is Art?,graf Leo Tolstoy,3843 downloads,https://www.gutenberg.org/ebooks/64908
Letters from a Self-Made Merchant to His Son,George Horace Lorimer,3842 downloads,https://www.gutenberg.org/ebooks/21959
A New Guide for Emigrants to the West,John Mason Peck,3839 downloads,https://www.gutenberg.org/ebooks/27394
Daemonologie.,King of England James I,3835 downloads,https://www.gutenberg.org/ebooks/25929
With Spurs of Gold: Heroes of Chivalry and their Deeds,Frances Nimmo Greene and Dolly Williams Kirk,3832 downloads,https://www.gutenberg.org/ebooks/25651
Der Untertan (German),Heinrich Mann,3831 downloads,https://www.gutenberg.org/ebooks/38126
"The Story of Beowulf, Translated from Anglo-Saxon into Modern English Prose",Unknown / Various,3829 downloads,https://www.gutenberg.org/ebooks/50742
"The decline of the West, Volume 1 :  Form and actuality",Oswald Spengler,3820 downloads,https://www.gutenberg.org/ebooks/72344
Tom Swift and the Visitor From Planet X,II Victor Appleton,3816 downloads,https://www.gutenberg.org/ebooks/22333
"Plays by Anton Chekhov, Second Series",Anton Pavlovich Chekhov,3814 downloads,https://www.gutenberg.org/ebooks/7986
Beatrice (Dutch),H. Rider Haggard,3805 downloads,https://www.gutenberg.org/ebooks/24830
Zoölogische Philosophie (Dutch),Jean Baptiste Pierre Antoine de Monet de Lamarck,3802 downloads,https://www.gutenberg.org/ebooks/27664
Rip Van Winkle,Washington Irving,3802 downloads,https://www.gutenberg.org/ebooks/60976
"Human, All-Too-Human: A Book for Free Spirits, Part 1",Friedrich Wilhelm Nietzsche,3794 downloads,https://www.gutenberg.org/ebooks/51935
"I demagoghi (Italian)",Cesare Monteverde,3791 downloads,https://www.gutenberg.org/ebooks/22026
Queensland Cousins,Eleanor Luisa Haverfield,3785 downloads,https://www.gutenberg.org/ebooks/25079
"Encyclopaedia Britannica, 11th Edition, ""Bible"" to ""Bisectrix""",Various,3785 downloads,https://www.gutenberg.org/ebooks/34702
"Darwin, and After Darwin, Volumes 1 and 3",George John Romanes,3783 downloads,https://www.gutenberg.org/ebooks/24800
"The Works of Guy de Maupassant, Volume VIII.",Guy de Maupassant,3782 downloads,https://www.gutenberg.org/ebooks/22069
Fanny Hill: Memoirs of a Woman of Pleasure,John Cleland,3782 downloads,https://www.gutenberg.org/ebooks/20028
Mysteries of Bee-keeping Explained,M. Quinby,3780 downloads,https://www.gutenberg.org/ebooks/25185
The Price of Love,Arnold Bennett,3780 downloads,https://www.gutenberg.org/ebooks/22437
"Ancient America, in Notes on American Archaeology",John D. Baldwin,3771 downloads,https://www.gutenberg.org/ebooks/26382
The No Breakfast Plan and the Fasting-Cure,Edward Hooker Dewey,3770 downloads,https://www.gutenberg.org/ebooks/27128
"Shakespearean Tragedy: Lectures on Hamlet, Othello, King Lear, Macbeth",A. C. Bradley,3770 downloads,https://www.gutenberg.org/ebooks/16966
The regent's daughter,Alexandre Dumas and Auguste Maquet,3769 downloads,https://www.gutenberg.org/ebooks/27384
The Four-Pools Mystery,Jean Webster,3767 downloads,https://www.gutenberg.org/ebooks/21264
In Doublet and Hose: A Story for Girls,Lucy Foster Madison,3765 downloads,https://www.gutenberg.org/ebooks/28037
孽海花 (Chinese),Pu Zeng,3757 downloads,https://www.gutenberg.org/ebooks/25128
Anne's House of Dreams,L. M. Montgomery,3752 downloads,https://www.gutenberg.org/ebooks/544
Soldan's Geschichte der Hexenprozesse. Zweiter Band (German),Wilhelm Gottlieb Soldan,3752 downloads,https://www.gutenberg.org/ebooks/25048
Human Foods and Their Nutritive Value,Harry Snyder,3751 downloads,https://www.gutenberg.org/ebooks/20871
"A London Life, and Other Tales",Henry James,3749 downloads,https://www.gutenberg.org/ebooks/25500
Beginnings of the American People,Carl L. Becker,3748 downloads,https://www.gutenberg.org/ebooks/21501
Jokes For All Occasions,Anonymous,3745 downloads,https://www.gutenberg.org/ebooks/21084
The Squirrel-Cage,Dorothy Canfield Fisher,3745 downloads,https://www.gutenberg.org/ebooks/23768
Poems,Ralph Waldo Emerson,3740 downloads,https://www.gutenberg.org/ebooks/12843
Daniel Deronda,George Eliot,3740 downloads,https://www.gutenberg.org/ebooks/9671
The Revelation of Saint John,Saint the Apostle John,3738 downloads,https://www.gutenberg.org/ebooks/22945
"The Standard Oratorios: Their Stories, Their Music, And Their Composers",George P. Upton,3735 downloads,https://www.gutenberg.org/ebooks/22793
"Jim Spurling, Fisherman",Albert Walter Tolman,3731 downloads,https://www.gutenberg.org/ebooks/26560
"The Spectator, Volumes 1, 2 and 3",Sir Richard Steele and Joseph Addison,3730 downloads,https://www.gutenberg.org/ebooks/12030
Roman Society from Nero to Marcus Aurelius,Samuel Dill,3728 downloads,https://www.gutenberg.org/ebooks/34122
"The Histories of Polybius, Vol. 1 (of 2)",Polybius,3727 downloads,https://www.gutenberg.org/ebooks/44125
The accomplisht cook,Robert May,3726 downloads,https://www.gutenberg.org/ebooks/22790
"Memoirs of the Private Life, Return, and Reign of Napoleon in 1815, Vol. I",baron Pierre Alexandre Édouard Fleury de Chaboulon,3725 downloads,https://www.gutenberg.org/ebooks/22345
The Authoress of the Odyssey,Samuel Butler,3723 downloads,https://www.gutenberg.org/ebooks/49324
Facts About Champagne and Other Sparkling Wines,Henry Vizetelly,3723 downloads,https://www.gutenberg.org/ebooks/20889
The White Mice,Richard Harding Davis,3722 downloads,https://www.gutenberg.org/ebooks/27232
Impressions of a War Correspondent,George Lynch,3720 downloads,https://www.gutenberg.org/ebooks/21661
Punicorum Libri Septemdecim (Latin),Tiberius Catius Silius Italicus,3716 downloads,https://www.gutenberg.org/ebooks/27672
"The Trial of Charles Random de Berenger, Sir Thomas Cochrane, commonly called Lord Cochrane, the Hon. Andrew Cochrane Johnstone, Richard Gathorne Butt, Ralph Sandom, Alexander M'Rae, John Peter Holloway, and Henry Lyte for A Conspiracy",Unknown / Various,3716 downloads,https://www.gutenberg.org/ebooks/21027
The Posy Ring: A Book of Verse for Children,Unknown / Various,3715 downloads,https://www.gutenberg.org/ebooks/22922
The Problems of Psychical Research,Hereward Carrington,3712 downloads,https://www.gutenberg.org/ebooks/23660
The Short-story,Unknown / Various,3711 downloads,https://www.gutenberg.org/ebooks/21964
Myths and Marvels of Astronomy,Richard A. Proctor,3710 downloads,https://www.gutenberg.org/ebooks/26556
Tongues of Conscience,Robert Hichens,3706 downloads,https://www.gutenberg.org/ebooks/25986
"Encyclopaedia Britannica, 11th Edition, ""Baconthorpe"" to ""Bankruptcy""",Various,3705 downloads,https://www.gutenberg.org/ebooks/27479
The Adventures of Sherlock Holmes,Arthur Conan Doyle,3704 downloads,https://www.gutenberg.org/ebooks/28733
Documenti Umani (Italian),Federico De Roberto,3702 downloads,https://www.gutenberg.org/ebooks/25182
"Eene Egyptische Koningsdochter (Dutch)",Georg Ebers,3702 downloads,https://www.gutenberg.org/ebooks/28120
The Book of Household Management,Mrs. Beeton,3701 downloads,https://www.gutenberg.org/ebooks/10136
A Critical Exposition of the Popular 'Jihád',Cherágh Ali,3700 downloads,https://www.gutenberg.org/ebooks/20927
The Coast of Bohemia,William Dean Howells,3700 downloads,https://www.gutenberg.org/ebooks/22297
The Second Battalion Royal Dublin Fusiliers in the South African War,Cecil Francis Romer and Arthur Edward Mainwaring,3698 downloads,https://www.gutenberg.org/ebooks/25618
"John Splendid: The Tale of a Poor Gentleman, and the Little Wars of Lorn",Neil Munro,3697 downloads,https://www.gutenberg.org/ebooks/22321
An Introduction to the Industrial and Social History of England,Edward Potts Cheyney,3696 downloads,https://www.gutenberg.org/ebooks/21660
The Fall of the House of Usher,Edgar Allan Poe,3695 downloads,https://www.gutenberg.org/ebooks/932
Aesthetical Essays of Friedrich Schiller,Friedrich Schiller,3694 downloads,https://www.gutenberg.org/ebooks/6798
"On the Portraits of English Authors on Gardening,",Samuel Felton,3690 downloads,https://www.gutenberg.org/ebooks/25773
The Gulf and Inland Waters,A. T. Mahan,3685 downloads,https://www.gutenberg.org/ebooks/21562
Dombey and Son,Charles Dickens,3685 downloads,https://www.gutenberg.org/ebooks/9703
"Historic Tales: The Romance of Reality. Vol. 10 (of 15), Greek",Charles Morris,3684 downloads,https://www.gutenberg.org/ebooks/25642
Spring Street,James Hugh Richardson,3678 downloads,https://www.gutenberg.org/ebooks/22194
The Memorabilia,Xenophon,3677 downloads,https://www.gutenberg.org/ebooks/1177
Stradella,F. Marion Crawford,3676 downloads,https://www.gutenberg.org/ebooks/23299
To Mars via the Moon: An Astronomical Story,Mark Wicks,3676 downloads,https://www.gutenberg.org/ebooks/27633
Tatterdemalion,John Galsworthy,3675 downloads,https://www.gutenberg.org/ebooks/28089
Der Fall Vukobrankovics (German),Ernst Weiss,3669 downloads,https://www.gutenberg.org/ebooks/66604
The Dyeing of Cotton Fabrics: A Practical Handbook for the Dyer and Student,Franklin Beech,3669 downloads,https://www.gutenberg.org/ebooks/21224
"Travels in Peru, on the Coast, in the Sierra, Across the Cordilleras and the Andes, into the Primeval Forests",Johann Jakob von Tschudi,3669 downloads,https://www.gutenberg.org/ebooks/26745
"Sketches of the Fair Sex, in All Parts of the World.",Anonymous,3668 downloads,https://www.gutenberg.org/ebooks/26117
"The Bible, Douay-Rheims, Complete",Unknown / Various,3666 downloads,https://www.gutenberg.org/ebooks/1581
The Story of Doctor Dolittle,Hugh Lofting,3666 downloads,https://www.gutenberg.org/ebooks/26201
"Library of the World's Best Literature, Ancient and Modern — Volume 07",Unknown / Various,3666 downloads,https://www.gutenberg.org/ebooks/28684
Heidi,Johanna Spyri,3664 downloads,https://www.gutenberg.org/ebooks/20271
"The Garden Party, and Other Stories",Katherine Mansfield,3663 downloads,https://www.gutenberg.org/ebooks/1429
"Rufus and Rose; Or, The Fortunes of Rough and Ready",Jr. Horatio Alger,3659 downloads,https://www.gutenberg.org/ebooks/25967
Pushing to the Front,Orison Swett Marden,3659 downloads,https://www.gutenberg.org/ebooks/21291
Aventures d'un Gentilhomme Breton aux îles Philippines (French),Paul P. de La Gironière,3655 downloads,https://www.gutenberg.org/ebooks/21804
Sonnet 43,Elizabeth Barrett Browning,3655 downloads,https://www.gutenberg.org/ebooks/21161
Anecdotes of the Habits and Instinct of Animals,Mrs. R. Lee,3654 downloads,https://www.gutenberg.org/ebooks/21973
Indian Poetry,Sir Edwin Arnold,3653 downloads,https://www.gutenberg.org/ebooks/25965
An Eagle Flight: A Filipino Novel Adapted from Noli Me Tangere,José Rizal,3649 downloads,https://www.gutenberg.org/ebooks/27594
Tom Swift and His Giant Telescope,Victor Appleton,3648 downloads,https://www.gutenberg.org/ebooks/21188
The House of Mirth,Edith Wharton,3646 downloads,https://www.gutenberg.org/ebooks/284
Poems of Rural Life in the Dorset Dialect,William Barnes,3646 downloads,https://www.gutenberg.org/ebooks/21785
L. Annaeus Seneca on Benefits,Lucius Annaeus Seneca,3643 downloads,https://www.gutenberg.org/ebooks/3794
Drei Abhandlungen zur Sexualtheorie (German),Sigmund Freud,3639 downloads,https://www.gutenberg.org/ebooks/39938
The Innocents: A Story for Lovers,Sinclair Lewis,3638 downloads,https://www.gutenberg.org/ebooks/25430
The Magic World,E. Nesbit,3638 downloads,https://www.gutenberg.org/ebooks/27903
The Free Range,Francis William Sullivan,3638 downloads,https://www.gutenberg.org/ebooks/27511
Demonology and Devil-lore,Moncure Daniel Conway,3638 downloads,https://www.gutenberg.org/ebooks/40686
The Fables of Aesop,Aesop,3636 downloads,https://www.gutenberg.org/ebooks/28
Across the Mesa,Helen Bagg,3636 downloads,https://www.gutenberg.org/ebooks/26984
Lectures on the French Revolution,Baron John Emerich Edward Dalberg Acton Acton,3634 downloads,https://www.gutenberg.org/ebooks/27488
"Opticks :  or, A treatise of the reflections, refractions, inflections and colours of light",Isaac Newton,3633 downloads,https://www.gutenberg.org/ebooks/33504
"The Philippine Islands, 1493-1898, Volume 33, 1519-1522",Antonio Pigafetta,3632 downloads,https://www.gutenberg.org/ebooks/42884
Frank Merriwell's Bravery,Burt L. Standish,3631 downloads,https://www.gutenberg.org/ebooks/22571
Peter the Great,Jacob Abbott,3630 downloads,https://www.gutenberg.org/ebooks/26300
Friedrich Nietzsche,Georg Brandes,3628 downloads,https://www.gutenberg.org/ebooks/47588
A Budget of Christmas Tales by Charles Dickens and Others,Unknown / Various,3624 downloads,https://www.gutenberg.org/ebooks/28198
The crowd :  A study of the popular mind,Gustave Le Bon,3624 downloads,https://www.gutenberg.org/ebooks/445
A Sheaf of Corn,Mary E. Mann,3621 downloads,https://www.gutenberg.org/ebooks/26417
"A general history of the pyrates :  from their first rise and settlement in the island of Providence, to the present time",active 1724-1731 Charles Johnson,3619 downloads,https://www.gutenberg.org/ebooks/40580
"The Temple of Nature; or, the Origin of Society: A Poem, with Philosophical Notes",Erasmus Darwin,3619 downloads,https://www.gutenberg.org/ebooks/26861
Poems of Gerard Manley Hopkins,Gerard Manley Hopkins,3618 downloads,https://www.gutenberg.org/ebooks/22447
Recollections,David Christie Murray,3615 downloads,https://www.gutenberg.org/ebooks/22200
Pamphlets and Parodies on Political Subjects,William Hone,3615 downloads,https://www.gutenberg.org/ebooks/44520
Intentions,Oscar Wilde,3614 downloads,https://www.gutenberg.org/ebooks/887
Kate Coventry: An Autobiography,G. J. Whyte-Melville,3613 downloads,https://www.gutenberg.org/ebooks/21759
In the Mayor's Parlour,J. S. Fletcher,3612 downloads,https://www.gutenberg.org/ebooks/25424
A Portrait of Old George Town,Grace Dunlop Peter,3611 downloads,https://www.gutenberg.org/ebooks/27716
"Domestic Cookery, Useful Receipts, and Hints to Young Housekeepers",Elizabeth E. Lea,3611 downloads,https://www.gutenberg.org/ebooks/28753
A Middle High German Primer,Joseph Wright,3607 downloads,https://www.gutenberg.org/ebooks/22636
Puck of Pook's Hill,Rudyard Kipling,3607 downloads,https://www.gutenberg.org/ebooks/26027
The Boy with the U. S. Weather Men,Francis Rolt-Wheeler,3607 downloads,https://www.gutenberg.org/ebooks/22156
The Dark Tower,Phyllis Bottome,3606 downloads,https://www.gutenberg.org/ebooks/25829
"Il Comento alla Divina Commedia, e gli altri scritti intorno a Dante, vol. 1 (Italian)",Giovanni Boccaccio,3606 downloads,https://www.gutenberg.org/ebooks/21424
Introduction to the Science of Sociology,Robert Ezra Park and E. W. Burgess,3606 downloads,https://www.gutenberg.org/ebooks/28496
隨園詩話 (Chinese),Mei Yuan,3606 downloads,https://www.gutenberg.org/ebooks/52206
The Chauffeur and the Chaperon,C. N. Williamson and A. M. Williamson,3605 downloads,https://www.gutenberg.org/ebooks/21529
Barnaby Rudge,Charles Dickens,3604 downloads,https://www.gutenberg.org/ebooks/9732
"Chips from a German Workshop, Volume 5",F. Max Müller,3604 downloads,https://www.gutenberg.org/ebooks/27810
The Nuttall encyclopædia :  being a concise and comprehensive dictionary of general knowledge,P. Austin Nuttall,3603 downloads,https://www.gutenberg.org/ebooks/12342
De lelie van 's-Gravenhage (Dutch),Jacobus Jan Cremer,3599 downloads,https://www.gutenberg.org/ebooks/28175
Household Tales by Brothers Grimm,Jacob Grimm and Wilhelm Grimm,3598 downloads,https://www.gutenberg.org/ebooks/5314
"The Letters of Cicero, Volume 1",Marcus Tullius Cicero,3598 downloads,https://www.gutenberg.org/ebooks/21200
Dante: His Times and His Work,Arthur John Butler,3593 downloads,https://www.gutenberg.org/ebooks/27999
The Story of a Stuffed Elephant,Laura Lee Hope,3593 downloads,https://www.gutenberg.org/ebooks/22435
History of Education,Levi Seeley,3593 downloads,https://www.gutenberg.org/ebooks/27963
In Château Land,Anne Hollingsworth Wharton,3592 downloads,https://www.gutenberg.org/ebooks/27881
"Moby-Dick; or, The Whale",Herman Melville,3588 downloads,https://www.gutenberg.org/ebooks/15
Stories the Iroquois Tell Their Children,Mabel Powers,3588 downloads,https://www.gutenberg.org/ebooks/22096
Venus in Furs,Ritter von Leopold Sacher-Masoch,3586 downloads,https://www.gutenberg.org/ebooks/6852
The Old Curiosity Shop,Charles Dickens,3583 downloads,https://www.gutenberg.org/ebooks/9702
In and Around Berlin,Minerva Brace Norton,3581 downloads,https://www.gutenberg.org/ebooks/21654
Her mother's secret,Emma Dorothy Eliza Nevitte Southworth,3579 downloads,https://www.gutenberg.org/ebooks/26259
Filipino Popular Tales,Unknown / Various,3575 downloads,https://www.gutenberg.org/ebooks/8299
The Facts About Shakespeare,William Allan Neilson and Ashley Horace Thorndike,3573 downloads,https://www.gutenberg.org/ebooks/22281
At Plattsburg,Allen French,3572 downloads,https://www.gutenberg.org/ebooks/25825
Golden Moments,Anonymous,3572 downloads,https://www.gutenberg.org/ebooks/22308
"The Stars and Stripes, Vol. 1, No. 1, February 8, 1918",United States. Army. American Expeditionary Forces,3570 downloads,https://www.gutenberg.org/ebooks/25085
"The Danish History, Books I-IX",Grammaticus Saxo,3570 downloads,https://www.gutenberg.org/ebooks/1150
Lady Windermere's Fan,Oscar Wilde,3569 downloads,https://www.gutenberg.org/ebooks/790
Folk-Tales of Bengal,Lal Behari Day,3567 downloads,https://www.gutenberg.org/ebooks/38488
The Prince and the Pauper,Mark Twain,3567 downloads,https://www.gutenberg.org/ebooks/26252
The Princess and the Goblin,George MacDonald,3566 downloads,https://www.gutenberg.org/ebooks/28941
Silas Marner,George Eliot,3564 downloads,https://www.gutenberg.org/ebooks/26269
"The Philippine Islands, 1493-1898 — Volume 07 of 55",Unknown / Various,3564 downloads,https://www.gutenberg.org/ebooks/13701
Making People Happy,Thompson Buchanan,3562 downloads,https://www.gutenberg.org/ebooks/27888
Select Temperance Tracts,American Tract Society,3561 downloads,https://www.gutenberg.org/ebooks/27146
Glory of Youth,Temple Bailey,3561 downloads,https://www.gutenberg.org/ebooks/22292
Adrift in the Ice-Fields,Charles Winslow Hall,3560 downloads,https://www.gutenberg.org/ebooks/21607
My Recollections of Lord Byron,contessa di Teresa Guiccioli,3559 downloads,https://www.gutenberg.org/ebooks/25977
La Divina Comedia (Spanish),Dante Alighieri,3557 downloads,https://www.gutenberg.org/ebooks/57303
Little Dorrit,Charles Dickens,3555 downloads,https://www.gutenberg.org/ebooks/963
The Thing from the Lake,Eleanor M. Ingram,3551 downloads,https://www.gutenberg.org/ebooks/23738
The Life of Trust: Being a Narrative of the Lord's Dealings With George Müller,George Müller,3549 downloads,https://www.gutenberg.org/ebooks/27288
The Phantom of the River,Edward Sylvester Ellis,3549 downloads,https://www.gutenberg.org/ebooks/23026
The Foot-path Way,Bradford Torrey,3543 downloads,https://www.gutenberg.org/ebooks/27285
A Mating in the Wilds,Ottwell Binns,3542 downloads,https://www.gutenberg.org/ebooks/21055
La favorita del Mahdi (Italian),Emilio Salgari,3542 downloads,https://www.gutenberg.org/ebooks/25180
The Dop Doctor,Richard Dehan,3541 downloads,https://www.gutenberg.org/ebooks/27966
Americans All,Unknown / Various,3539 downloads,https://www.gutenberg.org/ebooks/23207
Frenzied Fiction,Stephen Leacock,3535 downloads,https://www.gutenberg.org/ebooks/28919
Kamerplanten: Handboek tot het kweeken van planten in de kamer (Dutch),Max Hesdörffer,3532 downloads,https://www.gutenberg.org/ebooks/30658
The Seven Secrets,William Le Queux,3530 downloads,https://www.gutenberg.org/ebooks/27549
Morals and Dogma of the Ancient and Accepted Scottish Rite of Freemasonry,Albert Pike,3527 downloads,https://www.gutenberg.org/ebooks/19447
"The history of magic :  including a clear and precise exposition of its procedure, its rites and its mysteries",Éliphas Lévi,3526 downloads,https://www.gutenberg.org/ebooks/70033
The Complete Golfer,Harry Vardon,3521 downloads,https://www.gutenberg.org/ebooks/28107
Palmistry for All,Cheiro,3518 downloads,https://www.gutenberg.org/ebooks/20480
The Slave of Silence,Fred M. White,3517 downloads,https://www.gutenberg.org/ebooks/27395
Gretchen Reinwalds letztes Schuljahr: Eine Erzählung für Mädchen von 13-16 Jahren (German),Agnes Sapper,3515 downloads,https://www.gutenberg.org/ebooks/67217
Myths and Legends of China,E. T. C. Werner,3513 downloads,https://www.gutenberg.org/ebooks/15250
Andersonville: A Story of Rebel Military Prisons,John McElroy,3513 downloads,https://www.gutenberg.org/ebooks/3072
Tarzan of the Apes,Edgar Rice Burroughs,3512 downloads,https://www.gutenberg.org/ebooks/78
The Scarlet Letter,Nathaniel Hawthorne,3512 downloads,https://www.gutenberg.org/ebooks/33
"On Heroes, Hero-Worship, and the Heroic in History",Thomas Carlyle,3512 downloads,https://www.gutenberg.org/ebooks/1091
"A History of the French Novel, Vol. 1",George Saintsbury,3510 downloads,https://www.gutenberg.org/ebooks/26838
"Story of the War in South Africa, 1899-1900",A. T. Mahan,3508 downloads,https://www.gutenberg.org/ebooks/20987
"The English Spy: An Original Work Characteristic, Satirical, And Humorous.",C. M. Westmacott,3508 downloads,https://www.gutenberg.org/ebooks/20001
El paraíso perdido (Spanish),John Milton,3508 downloads,https://www.gutenberg.org/ebooks/67092
L'Innocente (Italian),Gabriele D'Annunzio,3507 downloads,https://www.gutenberg.org/ebooks/22642
"The Natural History of Pliny, Volume 2 (of 6)",the Elder Pliny,3506 downloads,https://www.gutenberg.org/ebooks/60230
The Autobiography of Benjamin Franklin,Benjamin Franklin,3505 downloads,https://www.gutenberg.org/ebooks/148
Three Contributions to the Theory of Sex,Sigmund Freud,3499 downloads,https://www.gutenberg.org/ebooks/14969
"Divine Comedy, Longfellow's Translation, Complete",Dante Alighieri,3494 downloads,https://www.gutenberg.org/ebooks/1004
The Tenant of Wildfell Hall,Anne Brontë,3492 downloads,https://www.gutenberg.org/ebooks/969
The Wind Before the Dawn,Dell H. Munger,3492 downloads,https://www.gutenberg.org/ebooks/26992
"Traditions of Lancashire, Volume 2",John Roby,3491 downloads,https://www.gutenberg.org/ebooks/25256
The Epic of Gilgamish,Stephen Langdon,3491 downloads,https://www.gutenberg.org/ebooks/18897
A Course of Pure Mathematics,G. H. Hardy,3490 downloads,https://www.gutenberg.org/ebooks/38769
The life of Friedrich Nietzsche,Daniel Halévy,3490 downloads,https://www.gutenberg.org/ebooks/53620
The Life and Adventures of Santa Claus,L. Frank Baum,3490 downloads,https://www.gutenberg.org/ebooks/21192
The Red and the Black: A Chronicle of 1830,Stendhal,3489 downloads,https://www.gutenberg.org/ebooks/44747
The Trail of the Hawk: A Comedy of the Seriousness of Life,Sinclair Lewis,3488 downloads,https://www.gutenberg.org/ebooks/26610
"The Martyrs of Science, or, The lives of Galileo, Tycho Brahe, and Kepler",David Brewster,3483 downloads,https://www.gutenberg.org/ebooks/25992
The Aztec Treasure-House,Thomas A. Janvier,3482 downloads,https://www.gutenberg.org/ebooks/21618
To My Younger Brethren: Chapters on Pastoral Life and Work,H. C. G. Moule,3482 downloads,https://www.gutenberg.org/ebooks/23113
The Advancement of Learning,Francis Bacon,3481 downloads,https://www.gutenberg.org/ebooks/5500
A Modern Tomboy: A Story for Girls,L. T. Meade,3479 downloads,https://www.gutenberg.org/ebooks/22164
"Seek and Find; or, The Adventures of a Smart Boy",Oliver Optic,3479 downloads,https://www.gutenberg.org/ebooks/27666
Master of the Vineyard,Myrtle Reed,3476 downloads,https://www.gutenberg.org/ebooks/27661
The Voyage of the Beagle,Charles Darwin,3475 downloads,https://www.gutenberg.org/ebooks/944
"I drammi de' campi (Italian)",Emilio Raga,3471 downloads,https://www.gutenberg.org/ebooks/25587
The Story of the Volsungs (Volsunga Saga); with Excerpts from the Poetic Edda,Unknown / Various,3471 downloads,https://www.gutenberg.org/ebooks/1152
The Nursery Rhyme Book,Unknown / Various,3470 downloads,https://www.gutenberg.org/ebooks/26197
Translations of German Poetry in American Magazines 1741-1810,Edward Ziegler Davis,3468 downloads,https://www.gutenberg.org/ebooks/24815
Children's Books and Their Illustrators,Gleeson White,3467 downloads,https://www.gutenberg.org/ebooks/27112
The Iliad,Homer,3466 downloads,https://www.gutenberg.org/ebooks/3059
A Romantic Young Lady,Robert Grant,3466 downloads,https://www.gutenberg.org/ebooks/28236
This Side of Paradise,F. Scott Fitzgerald,3464 downloads,https://www.gutenberg.org/ebooks/28939
The Wonder Book of Knowledge,Unknown / Various,3463 downloads,https://www.gutenberg.org/ebooks/41111
Heidi,Johanna Spyri,3463 downloads,https://www.gutenberg.org/ebooks/46409
The Swedish Revolution Under Gustavus Vasa,Paul Barron Watson,3462 downloads,https://www.gutenberg.org/ebooks/22458
Erotika Biblion (German),comte de Honoré-Gabriel de Riqueti Mirabeau,3459 downloads,https://www.gutenberg.org/ebooks/43438
Holy in Christ,Andrew Murray,3458 downloads,https://www.gutenberg.org/ebooks/26990
Madame Bovary (French),Gustave Flaubert,3454 downloads,https://www.gutenberg.org/ebooks/14155
Idle Thoughts of an Idle Fellow,Jerome K. Jerome,3454 downloads,https://www.gutenberg.org/ebooks/26466
In Our Town,William Allen White,3454 downloads,https://www.gutenberg.org/ebooks/26207
Scouting for Boys,Baron Robert Stephenson Smyth Baden-Powell Baden-Powell of Gilwell,3453 downloads,https://www.gutenberg.org/ebooks/65993
The Stretton Street Affair,William Le Queux,3452 downloads,https://www.gutenberg.org/ebooks/27147
Frank Merriwell Down South,Burt L. Standish,3452 downloads,https://www.gutenberg.org/ebooks/22424
"The Geography of Strabo, Volume 3 (of 3)",Strabo,3451 downloads,https://www.gutenberg.org/ebooks/44886
"Mémoires d'Outre-Tombe, Tome 4 (French)",vicomte de François-René Chateaubriand,3449 downloads,https://www.gutenberg.org/ebooks/25575
The Man Next Door,Emerson Hough,3448 downloads,https://www.gutenberg.org/ebooks/23606
"Fables de La Fontaine, livre premier (French)",Jean de La Fontaine,3448 downloads,https://www.gutenberg.org/ebooks/20971
The Joyous Adventures of Aristide Pujol,William John Locke,3448 downloads,https://www.gutenberg.org/ebooks/26154
"Ruth Fielding on the St. Lawrence; Or, The Queer Old Man of the Thousand Islands",Alice B. Emerson,3446 downloads,https://www.gutenberg.org/ebooks/25802
"The Rover Boys Under Canvas; Or, The Mystery of the Wrecked Submarine",Edward Stratemeyer,3445 downloads,https://www.gutenberg.org/ebooks/23286
Mi Ultimo Adiós (Spanish),José Rizal,3445 downloads,https://www.gutenberg.org/ebooks/18600
My Shipmate—Columbus,Stephen Marlowe,3443 downloads,https://www.gutenberg.org/ebooks/27019
Good Old Anna,Marie Belloc Lowndes,3442 downloads,https://www.gutenberg.org/ebooks/22144
Julius Caesar,William Shakespeare,3440 downloads,https://www.gutenberg.org/ebooks/1522
The Big Bow Mystery,Israel Zangwill,3440 downloads,https://www.gutenberg.org/ebooks/28164
The House of the Seven Gables,Nathaniel Hawthorne,3438 downloads,https://www.gutenberg.org/ebooks/77
Red Men and White,Owen Wister,3436 downloads,https://www.gutenberg.org/ebooks/28675
"The Best of the World's Classics,  Restricted to prose. Volume II (of X) - Rome",Unknown / Various,3435 downloads,https://www.gutenberg.org/ebooks/21629
Rautakorko: Vallankumousromaani (Finnish),Jack London,3432 downloads,https://www.gutenberg.org/ebooks/24848
Shoe-Bar Stratton,Joseph Bushnell Ames,3432 downloads,https://www.gutenberg.org/ebooks/27355
The Wind Bloweth,Donn Byrne,3431 downloads,https://www.gutenberg.org/ebooks/21999
Robinson Crusoe,Daniel Defoe,3431 downloads,https://www.gutenberg.org/ebooks/21524
"The Banner Boy Scouts on a Tour; or, The Mystery of Rattlesnake Mountain",George A. Warren,3430 downloads,https://www.gutenberg.org/ebooks/20985
"The Bible, Douay-Rheims, Complete",Unknown / Various,3429 downloads,https://www.gutenberg.org/ebooks/8300
The Prince,Niccolò Machiavelli,3429 downloads,https://www.gutenberg.org/ebooks/26253
Godfrey Morgan: A Californian Mystery,Jules Verne,3427 downloads,https://www.gutenberg.org/ebooks/23489
Wilmot and Tilley,James Hannay,3425 downloads,https://www.gutenberg.org/ebooks/26086
An Explorer's Adventures in Tibet,Arnold Henry Savage Landor,3425 downloads,https://www.gutenberg.org/ebooks/27021
The Scottish Reformation,Alexander F. Mitchell,3424 downloads,https://www.gutenberg.org/ebooks/22023
"Slave Narratives: A Folk History of Slavery in the United States from Interviews with Former Slaves, Volume II, Arkansas Narratives, Part 4",United States. Work Projects Administration,3423 downloads,https://www.gutenberg.org/ebooks/25154
R.U.R. (Rossum's Universal Robots),Karel Čapek,3420 downloads,https://www.gutenberg.org/ebooks/59112
Seven Miles to Arden,Ruth Sawyer,3419 downloads,https://www.gutenberg.org/ebooks/28271
夜雨秋燈錄 (Chinese),Ding Xuan,3418 downloads,https://www.gutenberg.org/ebooks/25130
"History of England from the Accession of James II, vol2 chapter 6",Baron Thomas Babington Macaulay Macaulay,3418 downloads,https://www.gutenberg.org/ebooks/26576
"The London Mercury, Vol. I, Nos. 1-6, November 1919 to April 1920",Various,3417 downloads,https://www.gutenberg.org/ebooks/45116
The History of Orange County New York,Unknown / Various,3417 downloads,https://www.gutenberg.org/ebooks/49260
"Ride Proud, Rebel!",Andre Norton,3417 downloads,https://www.gutenberg.org/ebooks/23624
The Agamemnon of Aeschylus,Aeschylus,3415 downloads,https://www.gutenberg.org/ebooks/14417
Egyptian Literature,Unknown / Various,3415 downloads,https://www.gutenberg.org/ebooks/28282
Essentials of Diseases of the Skin,Henry Weightman Stelwagon,3411 downloads,https://www.gutenberg.org/ebooks/25944
The Old Curiosity Shop,Charles Dickens,3409 downloads,https://www.gutenberg.org/ebooks/700
The Flaw in the Sapphire,Charles M. Snyder,3404 downloads,https://www.gutenberg.org/ebooks/23752
For the Liberty of Texas,Edward Stratemeyer,3400 downloads,https://www.gutenberg.org/ebooks/22186
